-- [1]15:create database db1
STRICT{
PASS
}
-- [1]16:create database db2
STRICT{
PASS
}
-- [1]18:create table db1.t_1()
STRICT{
PASS
}
-- [1]19:create table db1.t_3_2() with (TTL=10086000)
STRICT{
PASS
}
-- [1]20:use db1
STRICT{
PASS
}
-- [1]21:create table t_2()
STRICT{
PASS
}
-- [1]22:create table if not exists t_2()
STRICT{
PASS
}
-- [1]23:create table t_3() with (TTL=DEFAULT)
STRICT{
PASS
}
-- [1]24:create table t_4("~!?`%" TAG, "%~!?`" ATTRIBUTE, "?%~!`" INT32)
STRICT{
PASS
}
-- [1]25:create table t_5("+-*/\" TAG,"+-*\/" attribute, "-+*/\" DOUBLE)
STRICT{
PASS
}
-- [1]26:create table t_6(".,:?|" TAG,".,!:|?" attribute, ".,|:?" BOOLEAN)
STRICT{
PASS
}
-- [1]27:create table t_7("a""b" TAG,"ab""bc" attribute, "abc""bcd" INT64)
STRICT{
PASS
}
-- [1]28:create table t_8("""" TAG,"""""" attribute, """""""" int32)
STRICT{
PASS
}
-- [1]29:create table t_9(time int32)
STRICT{
SQLSTATE : 701: The time column's type shall be 'timestamp'.
}
-- [1]31:create table t_10(time TAG)
STRICT{
SQLSTATE : 701: The time column's type shall be 'timestamp'.
}
-- [1]33:create table t_11(time attribute)
STRICT{
SQLSTATE : 701: The time column's type shall be 'timestamp'.
}
-- [1]35:create table t_12(中文 TAG)
STRICT{
SQLSTATE : 700: line 1:19: mismatched input '中'. Expecting: ')', <identifier>
}
-- [1]37:create table t_13("中文" TAG)
STRICT{
PASS
}
-- [1]38:create table t_14(中文 ATTRIBUTE)
STRICT{
SQLSTATE : 700: line 1:19: mismatched input '中'. Expecting: ')', <identifier>
}
-- [1]40:create table t_15("中文" ATTRIBUTE)
STRICT{
PASS
}
-- [1]41:create table t_16(中文 int32)
STRICT{
SQLSTATE : 700: line 1:19: mismatched input '中'. Expecting: ')', <identifier>
}
-- [1]43:create table t_17("中文" int32)
STRICT{
PASS
}

-- [1]46:show tables
STRICT{
TableName(TEXT)      |TTL(ms)(TEXT)      |
----------------------------------------
t_1                  |INF                |
----------------------------------------
t_13                 |INF                |
----------------------------------------
t_15                 |INF                |
----------------------------------------
t_17                 |INF                |
----------------------------------------
t_2                  |INF                |
----------------------------------------
t_3                  |INF                |
----------------------------------------
t_3_2                |10086000           |
----------------------------------------
t_4                  |INF                |
----------------------------------------
t_5                  |INF                |
----------------------------------------
t_6                  |INF                |
----------------------------------------
t_7                  |INF                |
----------------------------------------
t_8                  |INF                |
总数目：12
}

Elapsed Time: 0.0.0

-- [1]47:show tables from db1
STRICT{
TableName(TEXT)      |TTL(ms)(TEXT)      |
----------------------------------------
t_1                  |INF                |
----------------------------------------
t_13                 |INF                |
----------------------------------------
t_15                 |INF                |
----------------------------------------
t_17                 |INF                |
----------------------------------------
t_2                  |INF                |
----------------------------------------
t_3                  |INF                |
----------------------------------------
t_3_2                |10086000           |
----------------------------------------
t_4                  |INF                |
----------------------------------------
t_5                  |INF                |
----------------------------------------
t_6                  |INF                |
----------------------------------------
t_7                  |INF                |
----------------------------------------
t_8                  |INF                |
总数目：12
}

Elapsed Time: 0.0.1

-- [1]48:show tables in db1
STRICT{
TableName(TEXT)      |TTL(ms)(TEXT)      |
----------------------------------------
t_1                  |INF                |
----------------------------------------
t_13                 |INF                |
----------------------------------------
t_15                 |INF                |
----------------------------------------
t_17                 |INF                |
----------------------------------------
t_2                  |INF                |
----------------------------------------
t_3                  |INF                |
----------------------------------------
t_3_2                |10086000           |
----------------------------------------
t_4                  |INF                |
----------------------------------------
t_5                  |INF                |
----------------------------------------
t_6                  |INF                |
----------------------------------------
t_7                  |INF                |
----------------------------------------
t_8                  |INF                |
总数目：12
}

Elapsed Time: 0.0.0
-- [1]49:use db2
STRICT{
PASS
}

-- [1]50:show tables in db1
STRICT{
TableName(TEXT)      |TTL(ms)(TEXT)      |
----------------------------------------
t_1                  |INF                |
----------------------------------------
t_13                 |INF                |
----------------------------------------
t_15                 |INF                |
----------------------------------------
t_17                 |INF                |
----------------------------------------
t_2                  |INF                |
----------------------------------------
t_3                  |INF                |
----------------------------------------
t_3_2                |10086000           |
----------------------------------------
t_4                  |INF                |
----------------------------------------
t_5                  |INF                |
----------------------------------------
t_6                  |INF                |
----------------------------------------
t_7                  |INF                |
----------------------------------------
t_8                  |INF                |
总数目：12
}

Elapsed Time: 0.0.1
-- [1]53:use db1
STRICT{
PASS
}

-- [1]54:desc t_1
STRICT{
ColumnName(TEXT)      |DataType(TEXT)      |Category(TEXT)      |
--------------------------------------------------------------
time                  |TIMESTAMP           |TIME                |
总数目：1
}

Elapsed Time: 0.0.0
-- [1]55:use db2
STRICT{
PASS
}

-- [1]57:DESCRIBE db1.t_1
STRICT{
ColumnName(TEXT)      |DataType(TEXT)      |Category(TEXT)      |
--------------------------------------------------------------
time                  |TIMESTAMP           |TIME                |
总数目：1
}

Elapsed Time: 0.0.1
-- [1]60:use db1
STRICT{
PASS
}

-- [1]61:desc t_1
STRICT{
ColumnName(TEXT)      |DataType(TEXT)      |Category(TEXT)      |
--------------------------------------------------------------
time                  |TIMESTAMP           |TIME                |
总数目：1
}

Elapsed Time: 0.0.0
-- [1]63:ALTER TABLE t_1 ADD COLUMN IF NOT EXISTS new_id TAG
STRICT{
PASS
}
-- [1]64:ALTER TABLE t_1 ADD COLUMN IF NOT EXISTS new_id TAG
STRICT{
PASS
}
-- [1]65:ALTER TABLE t_1 ADD COLUMN new_id TAG
STRICT{
SQLSTATE : 552: Column 'new_id' already exist
}
-- [1]67:ALTER TABLE t_1 ADD COLUMN IF NOT EXISTS new_ab ATTRIBUTE
STRICT{
PASS
}
-- [1]68:ALTER TABLE t_1 ADD COLUMN IF NOT EXISTS new_ab ATTRIBUTE
STRICT{
PASS
}
-- [1]69:ALTER TABLE t_1 ADD COLUMN new_ab ATTRIBUTE
STRICT{
SQLSTATE : 552: Column 'new_ab' already exist
}
-- [1]71:ALTER TABLE t_1 ADD COLUMN IF NOT EXISTS new_mm string
STRICT{
PASS
}
-- [1]72:ALTER TABLE t_1 ADD COLUMN IF NOT EXISTS new_mm string
STRICT{
PASS
}
-- [1]73:ALTER TABLE t_1 ADD COLUMN new_mm string
STRICT{
SQLSTATE : 552: Column 'new_mm' already exist
}
-- [1]74:use db2
STRICT{
PASS
}
-- [1]76:ALTER TABLE db1.t_1 ADD COLUMN new_mm2 string
STRICT{
PASS
}
-- [1]76:use db1
STRICT{
PASS
}

-- [1]77:desc t_1
STRICT{
ColumnName(TEXT)      |DataType(TEXT)      |Category(TEXT)      |
--------------------------------------------------------------
time                  |TIMESTAMP           |TIME                |
--------------------------------------------------------------
new_id                |STRING              |TAG                 |
--------------------------------------------------------------
new_ab                |STRING              |ATTRIBUTE           |
--------------------------------------------------------------
new_mm                |STRING              |FIELD               |
--------------------------------------------------------------
new_mm2               |STRING              |FIELD               |
总数目：5
}

Elapsed Time: 0.0.0
-- [1]79:alter table t_1 drop column new_id
STRICT{
SQLSTATE : 701: Dropping tag or time column is not supported.
}
-- [1]81:alter table if exists t_1 drop column new_id
STRICT{
SQLSTATE : 701: Dropping tag or time column is not supported.
}
-- [1]83:alter table t_1 drop column if exists new_id
STRICT{
SQLSTATE : 701: Dropping tag or time column is not supported.
}
-- [1]85:alter table if exists t_1 drop column if exists new_id
STRICT{
SQLSTATE : 701: Dropping tag or time column is not supported.
}
-- [1]88:alter table t_1 drop column time
STRICT{
SQLSTATE : 701: Dropping tag or time column is not supported.
}
-- [1]90:alter table if exists t_1 drop column time
STRICT{
SQLSTATE : 701: Dropping tag or time column is not supported.
}
-- [1]92:alter table t_1 drop column if exists time
STRICT{
SQLSTATE : 701: Dropping tag or time column is not supported.
}
-- [1]94:alter table if exists t_1 drop column if exists time
STRICT{
SQLSTATE : 701: Dropping tag or time column is not supported.
}
-- [1]97:alter table t_1 drop column new_ab
STRICT{
PASS
}
-- [1]98:alter table t_1 drop column new_ab
STRICT{
SQLSTATE : 616: Column new_ab in table 'db1.t_1' does not exist.
}
-- [1]100:alter table t_1 drop column if exists new_ab
STRICT{
PASS
}

-- [1]101:desc t_1
STRICT{
ColumnName(TEXT)      |DataType(TEXT)      |Category(TEXT)      |
--------------------------------------------------------------
time                  |TIMESTAMP           |TIME                |
--------------------------------------------------------------
new_id                |STRING              |TAG                 |
--------------------------------------------------------------
new_mm                |STRING              |FIELD               |
--------------------------------------------------------------
new_mm2               |STRING              |FIELD               |
总数目：4
}

Elapsed Time: 0.0.0
-- [1]103:alter table t_1 drop column new_mm
STRICT{
PASS
}
-- [1]104:alter table t_1 drop column new_mm
STRICT{
SQLSTATE : 616: Column new_mm in table 'db1.t_1' does not exist.
}
-- [1]106:alter table t_1 drop column if exists new_mm
STRICT{
PASS
}

-- [1]107:desc t_1
STRICT{
ColumnName(TEXT)      |DataType(TEXT)      |Category(TEXT)      |
--------------------------------------------------------------
time                  |TIMESTAMP           |TIME                |
--------------------------------------------------------------
new_id                |STRING              |TAG                 |
--------------------------------------------------------------
new_mm2               |STRING              |FIELD               |
总数目：3
}

Elapsed Time: 0.0.1
-- [1]108:use db2
STRICT{
PASS
}
-- [1]109:alter table db1.t_1 drop column if exists new_mm2
STRICT{
PASS
}

-- [1]110:desc db1.t_1
STRICT{
ColumnName(TEXT)      |DataType(TEXT)      |Category(TEXT)      |
--------------------------------------------------------------
time                  |TIMESTAMP           |TIME                |
--------------------------------------------------------------
new_id                |STRING              |TAG                 |
总数目：2
}

Elapsed Time: 0.0.0
-- [1]112:alter table table db1.t_3_2() set properties ttl = 'INF'
STRICT{
SQLSTATE : 700: line 1:13: mismatched input 'table'. Expecting: 'IF', <identifier>
EXPECT:PASS
}
-- [1]114:drop database if exists db100
STRICT{
PASS
}
-- [1]115:create database db100
STRICT{
PASS
}
-- [1]116:use db100
STRICT{
PASS
}
-- [1]117:create table t2(s1 text field, s2 text field)
STRICT{
PASS
}
-- [1]118:insert into t2(time,s2) values(2,'t1')
STRICT{
0
}

Elapsed Time: 0.0.173

-- [1]119:select s1,s2 from t2 order by time
STRICT{
s1(TEXT)      |s2(TEXT)      |
----------------------------
null          |t1            |
总数目：1
}

Elapsed Time: 0.0.6
-- [1]120:alter table t2 drop column s2
STRICT{
PASS
}
-- [1]121:flush
STRICT{
PASS
}
-- [1]122:insert into t2(time,s1) values(3,'t2')
STRICT{
0
}

Elapsed Time: 0.0.1
-- [1]123:insert into t2(time,s1) values(4,'t3')
STRICT{
0
}

Elapsed Time: 0.0.0

-- [1]124:select s1 from t2 order by time
STRICT{
s1(TEXT)      |
--------------
null          |
--------------
t2            |
--------------
t3            |
总数目：3
}

Elapsed Time: 0.0.5
-- [1]125:flush
STRICT{
PASS
}
-- [1]126:insert into t2(time,s1) values(5,'t4')
STRICT{
0
}

Elapsed Time: 0.0.1
-- [1]127:insert into t2(time,s1) values(6,'t5')
STRICT{
0
}

Elapsed Time: 0.0.0

-- [1]128:select s1 from t2 order by time
STRICT{
s1(TEXT)      |
--------------
null          |
--------------
t2            |
--------------
t3            |
--------------
t4            |
--------------
t5            |
总数目：5
}

Elapsed Time: 0.0.4
-- [1]129:drop database db100
STRICT{
PASS
}
-- [1]132:use db1
STRICT{
PASS
}
-- [1]134:ALTER TABLE t_1 set properties TTL=3600
STRICT{
PASS
}

-- [1]134:show tables
STRICT{
TableName(TEXT)      |TTL(ms)(TEXT)      |
----------------------------------------
t_1                  |3600               |
----------------------------------------
t_13                 |INF                |
----------------------------------------
t_15                 |INF                |
----------------------------------------
t_17                 |INF                |
----------------------------------------
t_2                  |INF                |
----------------------------------------
t_3                  |INF                |
----------------------------------------
t_3_2                |10086000           |
----------------------------------------
t_4                  |INF                |
----------------------------------------
t_5                  |INF                |
----------------------------------------
t_6                  |INF                |
----------------------------------------
t_7                  |INF                |
----------------------------------------
t_8                  |INF                |
总数目：12
}

Elapsed Time: 0.0.1
-- [1]136:use db2
STRICT{
PASS
}
-- [1]138:ALTER TABLE db1.t_1 set properties TTL=9600
STRICT{
PASS
}

-- [1]138:show tables in db1
STRICT{
TableName(TEXT)      |TTL(ms)(TEXT)      |
----------------------------------------
t_1                  |9600               |
----------------------------------------
t_13                 |INF                |
----------------------------------------
t_15                 |INF                |
----------------------------------------
t_17                 |INF                |
----------------------------------------
t_2                  |INF                |
----------------------------------------
t_3                  |INF                |
----------------------------------------
t_3_2                |10086000           |
----------------------------------------
t_4                  |INF                |
----------------------------------------
t_5                  |INF                |
----------------------------------------
t_6                  |INF                |
----------------------------------------
t_7                  |INF                |
----------------------------------------
t_8                  |INF                |
总数目：12
}

Elapsed Time: 0.0.1
-- [1]139:use db1
STRICT{
PASS
}
-- [1]142:ALTER TABLE db1.t_1 set properties TTL='inf'
STRICT{
PASS
}
-- [1]143:drop database if exists db1
STRICT{
PASS
}
-- [1]144:drop database if exists db2
STRICT{
PASS
}
-- [1]145:drop database if exists db3
STRICT{
PASS
}
-- [1]150:create database db1
STRICT{
PASS
}
-- [1]151:create database db2
STRICT{
PASS
}
-- [1]152:create database db3
STRICT{
PASS
}
-- [1]154:create table db1.t_3(id1 TAG, ab1 ATTRIBUTE, mm1 INT32 FIELD)
STRICT{
PASS
}
-- [1]155:use db1
STRICT{
PASS
}
-- [1]156:create table t_1(id1 TAG, ab1 ATTRIBUTE, mm1 INT32 FIELD)
STRICT{
PASS
}
-- [1]157:create table t_2(id1 TAG, ab1 ATTRIBUTE, mm1 INT32 FIELD)
STRICT{
PASS
}
-- [1]158:create table t_4(id1 TAG, ab1 ATTRIBUTE, mm1 INT32 FIELD)
STRICT{
PASS
}
-- [1]159:create table db2.t_3(id1 TAG, ab1 ATTRIBUTE, mm1 INT32 FIELD)
STRICT{
PASS
}
-- [1]160:use db2
STRICT{
PASS
}
-- [1]161:create table t_1(id1 TAG, ab1 ATTRIBUTE, mm1 INT32 FIELD)
STRICT{
PASS
}
-- [1]162:create table t_2(id1 TAG, ab1 ATTRIBUTE, mm1 INT32 FIELD)
STRICT{
PASS
}
-- [1]163:create table t_4(id1 TAG, ab1 ATTRIBUTE, mm1 INT32 FIELD)
STRICT{
PASS
}
-- [1]164:create table db3.t_3(id1 TAG, ab1 ATTRIBUTE, mm1 INT32 FIELD)
STRICT{
PASS
}
-- [1]165:use db3
STRICT{
PASS
}
-- [1]166:create table t_1(id1 TAG, ab1 ATTRIBUTE, mm1 INT32 FIELD)
STRICT{
PASS
}
-- [1]167:create table t_2(id1 TAG, ab1 ATTRIBUTE, mm1 INT32 FIELD)
STRICT{
PASS
}
-- [1]168:create table t_4(id1 TAG, ab1 ATTRIBUTE, mm1 INT32 FIELD)
STRICT{
PASS
}
-- [1]171:INSERT INTO db1.t_1(time,id1,ab1,mm1) values(1,'id1','ab1','5555')
STRICT{
0
}

Elapsed Time: 0.0.234
-- [1]172:INSERT INTO db1.t_2(time,id1,ab1,mm1) values(1,'id1','ab1','5555')
STRICT{
0
}

Elapsed Time: 0.0.50
-- [1]173:INSERT INTO db1.t_3(time,id1,ab1,mm1) values(1,'id1','ab1','5555')
STRICT{
0
}

Elapsed Time: 0.0.5
-- [1]174:INSERT INTO db1.t_4(time,id1,ab1,mm1) values(1,'id1','ab1','5555')
STRICT{
0
}

Elapsed Time: 0.0.5
-- [1]175:INSERT INTO db2.t_1(time,id1,ab1,mm1) values(1,'id1','ab1','5555')
STRICT{
0
}

Elapsed Time: 0.0.162
-- [1]176:INSERT INTO db2.t_2(time,id1,ab1,mm1) values(1,'id1','ab1','5555')
STRICT{
0
}

Elapsed Time: 0.0.49
-- [1]177:INSERT INTO db2.t_3(time,id1,ab1,mm1) values(1,'id1','ab1','5555')
STRICT{
0
}

Elapsed Time: 0.0.5
-- [1]178:INSERT INTO db2.t_4(time,id1,ab1,mm1) values(1,'id1','ab1','5555')
STRICT{
0
}

Elapsed Time: 0.0.4
-- [1]179:INSERT INTO db3.t_1(time,id1,ab1,mm1) values(1,'id1','ab1','5555')
STRICT{
0
}

Elapsed Time: 0.0.231
-- [1]180:INSERT INTO db3.t_2(time,id1,ab1,mm1) values(1,'id1','ab1','5555')
STRICT{
0
}

Elapsed Time: 0.0.49
-- [1]181:INSERT INTO db3.t_3(time,id1,ab1,mm1) values(1,'id1','ab1','5555')
STRICT{
0
}

Elapsed Time: 0.0.5
-- [1]182:INSERT INTO db3.t_4(time,id1,ab1,mm1) values(1,'id1','ab1','5555')
STRICT{
0
}

Elapsed Time: 0.0.5
-- [1]182:flush
STRICT{
PASS
}
-- [1]184:drop table db1.t_1
STRICT{
PASS
}
-- [1]185:use  db1
STRICT{
PASS
}
-- [1]186:drop table t_2
STRICT{
PASS
}
-- [1]187:drop table db1.t_3
STRICT{
PASS
}
-- [1]188:drop table IF EXISTS t_4
STRICT{
PASS
}
-- [1]190:DROP TABLE IF EXISTS t_4
STRICT{
PASS
}
-- [1]190:drop table db2.t_1
STRICT{
PASS
}
-- [1]191:use  db2
STRICT{
PASS
}
-- [1]192:drop table t_2
STRICT{
PASS
}
-- [1]193:drop table db2.t_3
STRICT{
PASS
}
-- [1]194:drop table IF EXISTS t_4
STRICT{
PASS
}
-- [1]196:DROP TABLE IF EXISTS t_4
STRICT{
PASS
}
-- [1]196:drop table db3.t_1
STRICT{
PASS
}
-- [1]197:use  db3
STRICT{
PASS
}
-- [1]198:drop table t_2
STRICT{
PASS
}
-- [1]199:drop table db3.t_3
STRICT{
PASS
}
-- [1]200:drop table IF EXISTS t_4
STRICT{
PASS
}
-- [1]202:DROP TABLE IF EXISTS t_4
STRICT{
PASS
}
-- [1]204:drop database if exists db1
STRICT{
PASS
}
-- [1]205:drop database if exists db2
STRICT{
PASS
}
-- [1]206:drop database if exists db3
STRICT{
PASS
}
