
-- [1]10:create database test_db
STRICT{
PASS
}

-- [1]13:use test_db
STRICT{
PASS
}

-- [1]18:create table table_1 (    	device_id STRING TAG,     model_id STRING ATTRIBUTE, 	boolean BOOLEAN FIELD, 	int32 INT32 FIELD, 	int64 INT64 FIELD, 	float FLOAT FIELD, 	double DOUBLE FIELD, 	text TEXT FIELD, 	string STRING FIELD, 	blob BLOB FIELD, 	timestamp TIMESTAMP FIELD, 	date DATE FIELD )
STRICT{
PASS
}

-- [1]33:show tables
STRICT{
TableName(TEXT)      |TTL(ms)(TEXT)      |
----------------------------------------
table_1              |INF                |
总数目：1
}
Elapsed Time: 0.0.34

-- [1]36:desc table_1
STRICT{
ColumnName(TEXT)      |DataType(TEXT)      |Category(TEXT)      |
--------------------------------------------------------------
time                  |TIMESTAMP           |TIME                |
--------------------------------------------------------------
device_id             |STRING              |TAG                 |
--------------------------------------------------------------
model_id              |STRING              |ATTRIBUTE           |
--------------------------------------------------------------
boolean               |BOOLEAN             |FIELD               |
--------------------------------------------------------------
int32                 |INT32               |FIELD               |
--------------------------------------------------------------
int64                 |INT64               |FIELD               |
--------------------------------------------------------------
float                 |FLOAT               |FIELD               |
--------------------------------------------------------------
double                |DOUBLE              |FIELD               |
--------------------------------------------------------------
text                  |TEXT                |FIELD               |
--------------------------------------------------------------
string                |STRING              |FIELD               |
--------------------------------------------------------------
blob                  |BLOB                |FIELD               |
--------------------------------------------------------------
timestamp             |TIMESTAMP           |FIELD               |
--------------------------------------------------------------
date                  |DATE                |FIELD               |
总数目：13
}
Elapsed Time: 0.0.13

-- [1]39:insert into table_1 values(1, 'd1', 'm1', false, 1, 10, 1.1, 11.11, 'test01', 'string01', X'666D7420', 1704067200000, '2025-01-01')
STRICT{
0
}
Elapsed Time: 0.0.379

-- [1]40:insert into table_1 values(2, 'd1', 'm1', true, 2, 20, 2.2, 22.22, 'test02', 'string02', X'FFD8FFE0', 1735776000000, '2025-01-02')
STRICT{
0
}
Elapsed Time: 0.0.56

-- [1]41:insert into table_1 values(3, 'd1', 'm1', false, 3, 30, 3.3, 33.33, 'test03', 'string03', X'00010000', 1735876800000, '2025-01-03')
STRICT{
0
}
Elapsed Time: 0.0.4

-- [1]42:insert into table_1 values(4, 'd2', 'm2', true, 101, 24, 0.2, 2.22, 'test04', 'string04', X'3674E100', 1735974000000, '2025-01-04')
STRICT{
0
}
Elapsed Time: 0.0.84

-- [1]43:insert into table_1 values(5, 'd2', 'm2', false, 202, 38, 1.3, 3.33, 'test05', 'string05', X'00104A46', 1736071200000, '2025-01-05')
STRICT{
0
}
Elapsed Time: 0.0.9

-- [1]46:insert into table_1 values('m2', false, 22, 3, 1.3, 3.33, 'test06', 'string05', X'00104A48', 1736071200000, '2025-01-06', 6, 'd2')
STRICT{
SQLSTATE : 701: Input time format m2 error. Input like yyyy-MM-dd HH:mm:ss, yyyy-MM-ddTHH:mm:ss or refer to user document for more info.
}

-- [1]48:insert into table_1 values(true, 22, 1, 1.1, 3.33)
STRICT{
SQLSTATE : 701: expressions and columns do not match, expressions size: 5, columns size: 13
}

-- [1]50:insert into table_1 values(10, 'd2', 'm2', true, 110)
STRICT{
SQLSTATE : 701: expressions and columns do not match, expressions size: 5, columns size: 13
}

-- [1]54:select * from table_1 order by time
STRICT{
time(TIMESTAMP)      |device_id(STRING)      |model_id(STRING)      |boolean(BOOLEAN)      |int32(INT32)      |int64(INT64)      |float(FLOAT)      |double(DOUBLE)      |text(TEXT)      |string(STRING)      |blob(BLOB)      |timestamp(TIMESTAMP)      |date(DATE)      |
----------------------------------------------------------------------------------------------------------------------------------------------------------------------------------------------------------------------------------------------------------------
1970-01-01T08:00:00.0|d1                     |m1                    |false                 |1                 |10                |1.1               |11.11               |test01          |string01            |0x666d7420      |2024-01-01T08:00:00.000+08|2025-01-01      |
01+08:00             |                       |                      |                      |                  |                  |                  |                    |                |                    |                |:00                       |                |
----------------------------------------------------------------------------------------------------------------------------------------------------------------------------------------------------------------------------------------------------------------
1970-01-01T08:00:00.0|d1                     |m1                    |true                  |2                 |20                |2.2               |22.22               |test02          |string02            |0xffd8ffe0      |2025-01-02T08:00:00.000+08|2025-01-02      |
02+08:00             |                       |                      |                      |                  |                  |                  |                    |                |                    |                |:00                       |                |
----------------------------------------------------------------------------------------------------------------------------------------------------------------------------------------------------------------------------------------------------------------
1970-01-01T08:00:00.0|d1                     |m1                    |false                 |3                 |30                |3.3               |33.33               |test03          |string03            |0x00010000      |2025-01-03T12:00:00.000+08|2025-01-03      |
03+08:00             |                       |                      |                      |                  |                  |                  |                    |                |                    |                |:00                       |                |
----------------------------------------------------------------------------------------------------------------------------------------------------------------------------------------------------------------------------------------------------------------
1970-01-01T08:00:00.0|d2                     |m2                    |true                  |101               |24                |0.2               |2.22                |test04          |string04            |0x3674e100      |2025-01-04T15:00:00.000+08|2025-01-04      |
04+08:00             |                       |                      |                      |                  |                  |                  |                    |                |                    |                |:00                       |                |
----------------------------------------------------------------------------------------------------------------------------------------------------------------------------------------------------------------------------------------------------------------
1970-01-01T08:00:00.0|d2                     |m2                    |false                 |202               |38                |1.3               |3.33                |test05          |string05            |0x00104a46      |2025-01-05T18:00:00.000+08|2025-01-05      |
05+08:00             |                       |                      |                      |                  |                  |                  |                    |                |                    |                |:00                       |                |
总数目：5
}
Elapsed Time: 0.0.178

-- [1]55:select count(*) as count_result, last(int32) as last_result, max(double)as max_result from table_1 group by device_id order by count_result
STRICT{
count_result(INT64)      |last_result(INT32)      |max_result(DOUBLE)      |
-------------------------------------------------------------------------
2                        |202                     |3.33                    |
-------------------------------------------------------------------------
3                        |3                       |33.33                   |
总数目：2
}
Elapsed Time: 0.0.113
