-- [1]13:create database test_db
STRICT{
PASS
}
-- [1]16:use test_db
STRICT{
PASS
}
-- [1]21:create table table_1 (     region_id STRING TAG,    	device_id STRING TAG,     model_id STRING ATTRIBUTE, 	boolean BOOLEAN FIELD, 	text TEXT FIELD, 	string STRING FIELD, 	date DATE FIELD, 	timestamp TIMESTAMP FIELD, 	blob BLOB FIELD, 	int32 INT32 FIELD, 	int64 INT64 FIELD, 	float FLOAT FIELD, 	double DOUBLE FIELD )
STRICT{
PASS
}

-- [1]37:show tables
STRICT{
TableName(TEXT)      |TTL(ms)(TEXT)      |
----------------------------------------
table_1              |INF                |
总数目：1
}

Elapsed Time: 0.0.24
-- [1]40:desc table_1
STRICT{
ColumnName(TEXT)      |DataType(TEXT)      |Category(TEXT)      |
--------------------------------------------------------------
time                  |TIMESTAMP           |TIME                |
--------------------------------------------------------------
region_id             |STRING              |TAG                 |
--------------------------------------------------------------
device_id             |STRING              |TAG                 |
--------------------------------------------------------------
model_id              |STRING              |ATTRIBUTE           |
--------------------------------------------------------------
boolean               |BOOLEAN             |FIELD               |
--------------------------------------------------------------
text                  |TEXT                |FIELD               |
--------------------------------------------------------------
string                |STRING              |FIELD               |
--------------------------------------------------------------
date                  |DATE                |FIELD               |
--------------------------------------------------------------
timestamp             |TIMESTAMP           |FIELD               |
--------------------------------------------------------------
blob                  |BLOB                |FIELD               |
--------------------------------------------------------------
int32                 |INT32               |FIELD               |
--------------------------------------------------------------
int64                 |INT64               |FIELD               |
--------------------------------------------------------------
float                 |FLOAT               |FIELD               |
--------------------------------------------------------------
double                |DOUBLE              |FIELD               |
总数目：14
}
-- [1]46:insert into table_1( time, region_id, device_id, model_id, boolean, text, string, date, timestamp, blob, int32, int64, float, double ) values( 1, '001', 'd1', 'V1', false, 'text1', 'string1', '2020-01-10', 100000, X'11F8d7', 0, 1000, 1.1, 111.11 )
STRICT{
0
}

Elapsed Time: 0.0.253
-- [1]51:insert into table_1( time, region_id, device_id, model_id, boolean, text, string, date, timestamp, blob, int32, int64, float, double ) values( 2, '002', 'd2', 'V2', true, 'text2', 'string2', '2020-02-20', 16839200, X'3b', 111, 453, 11.1, 102.2 )
STRICT{
0
}

Elapsed Time: 0.0.75
-- [1]56:insert into table_1( time, region_id, device_id, model_id, boolean, text, string, date, timestamp, blob, int32, int64, float, double ) values( 3, '003', 'd3', 'V3', true, 'text2', 'string2', '2021-12-20', 116839200000, X'6728', 1, 123, 5.2, 333.3 )
STRICT{
0
}

Elapsed Time: 0.0.13
-- [1]61:insert into table_1( time, region_id, device_id, model_id, boolean, text, string, date, timestamp, blob, int32, int64, float, double ) values( 4, '004', 'd4', 'V4', false, 'text3', 'string3', '2022-06-11', 86700000, X'4b98', 2, 239, null, 666.66 )
STRICT{
0
}

Elapsed Time: 0.0.13
-- [1]66:insert into table_1( time, region_id, device_id, model_id, boolean, text, string, date, timestamp, blob, int32, int64, float, double ) values( 5, '005', 'd5', 'V3', false, 'text4', 'string2', '2023-12-15', 1378230000000, X'34', 10, 653, -1.1, 1111.2 )
STRICT{
0
}

Elapsed Time: 0.0.16
-- [1]71:insert into table_1( time, region_id, device_id, model_id, boolean, text, string, date, timestamp, blob, int32, int64, float, double ) values( 6, null, 'd6', 'V2', true, 'text3', 'string3', null, 1378230000000, X'00010000', 1, 653, 0.1, 1221.2 )
STRICT{
0
}

Elapsed Time: 0.0.12
-- [1]76:insert into table_1( time, region_id, device_id, model_id, boolean, text, string, date, timestamp, blob, int32, int64, float, double ) values( 7, '005', 'd5', 'V3', true, 'text4', 'string4', '2023-12-15', 1378230000000, X'FFD8FFE0', 2, null, 555.5, 1111.2 )
STRICT{
0
}

Elapsed Time: 0.0.13
-- [1]81:insert into table_1( time, region_id, device_id, model_id, boolean, text, string, date, timestamp, blob, int32, int64, float, double ) values( 8, '002', 'd3', 'V5', true, 'text2', 'string5', null, 1378230000000, X'34', 2, 653, 13.13, null )
STRICT{
0
}

Elapsed Time: 0.0.16
-- [1]86:insert into table_1( time, region_id, device_id, model_id, boolean, text, string, date, timestamp, blob, int32, int64, float, double ) values( 9, '003', 'd3', 'V6', true, 'text4', null, '2023-12-15', null, X'49460001', 10, null, 2.1, 155.5 )
STRICT{
0
}

Elapsed Time: 0.0.14
-- [1]91:insert into table_1( time, region_id, device_id, model_id, boolean, text, string, date, timestamp, blob, int32, int64, float, double ) values( 10, '004', 'd4', 'V2', false, 'text5', 'string3', '2024-01-15', 18392378000, null, 1, null, -11.1, 11.2 )
STRICT{
0
}

Elapsed Time: 0.0.8

-- [1]95:select * from table_1 order by time
STRICT{
time(TIMESTAMP)      |region_id(STRING)      |device_id(STRING)      |model_id(STRING)      |boolean(BOOLEAN)      |text(TEXT)      |string(STRING)      |date(DATE)      |timestamp(TIMESTAMP)      |blob(BLOB)      |int32(INT32)      |int64(INT64)      |float(FLOAT)      |double(DOUBLE)      |
---------------------------------------------------------------------------------------------------------------------------------------------------------------------------------------------------------------------------------------------------------------------------------------
1970-01-01T08:00:00.0|001                    |d1                     |V1                    |false                 |text1           |string1             |2020-01-10      |1970-01-01T08:01:40.000+08|0x11f8d7        |0                 |1000              |1.1               |111.11              |
01+08:00             |                       |                       |                      |                      |                |                    |                |:00                       |                |                  |                  |                  |                    |
---------------------------------------------------------------------------------------------------------------------------------------------------------------------------------------------------------------------------------------------------------------------------------------
1970-01-01T08:00:00.0|002                    |d2                     |V2                    |true                  |text2           |string2             |2020-02-20      |1970-01-01T12:40:39.200+08|0x3b            |111               |453               |11.1              |102.2               |
02+08:00             |                       |                       |                      |                      |                |                    |                |:00                       |                |                  |                  |                  |                    |
---------------------------------------------------------------------------------------------------------------------------------------------------------------------------------------------------------------------------------------------------------------------------------------
1970-01-01T08:00:00.0|003                    |d3                     |V6                    |true                  |text2           |string2             |2021-12-20      |1973-09-14T15:20:00.000+08|0x6728          |1                 |123               |5.2               |333.3               |
03+08:00             |                       |                       |                      |                      |                |                    |                |:00                       |                |                  |                  |                  |                    |
---------------------------------------------------------------------------------------------------------------------------------------------------------------------------------------------------------------------------------------------------------------------------------------
1970-01-01T08:00:00.0|004                    |d4                     |V2                    |false                 |text3           |string3             |2022-06-11      |1970-01-02T08:05:00.000+08|0x4b98          |2                 |239               |null              |666.66              |
04+08:00             |                       |                       |                      |                      |                |                    |                |:00                       |                |                  |                  |                  |                    |
---------------------------------------------------------------------------------------------------------------------------------------------------------------------------------------------------------------------------------------------------------------------------------------
1970-01-01T08:00:00.0|005                    |d5                     |V3                    |false                 |text4           |string2             |2023-12-15      |2013-09-04T01:40:00.000+08|0x34            |10                |653               |-1.1              |1111.2              |
05+08:00             |                       |                       |                      |                      |                |                    |                |:00                       |                |                  |                  |                  |                    |
---------------------------------------------------------------------------------------------------------------------------------------------------------------------------------------------------------------------------------------------------------------------------------------
1970-01-01T08:00:00.0|null                   |d6                     |V2                    |true                  |text3           |string3             |null            |2013-09-04T01:40:00.000+08|0x00010000      |1                 |653               |0.1               |1221.2              |
06+08:00             |                       |                       |                      |                      |                |                    |                |:00                       |                |                  |                  |                  |                    |
---------------------------------------------------------------------------------------------------------------------------------------------------------------------------------------------------------------------------------------------------------------------------------------
1970-01-01T08:00:00.0|005                    |d5                     |V3                    |true                  |text4           |string4             |2023-12-15      |2013-09-04T01:40:00.000+08|0xffd8ffe0      |2                 |null              |555.5             |1111.2              |
07+08:00             |                       |                       |                      |                      |                |                    |                |:00                       |                |                  |                  |                  |                    |
---------------------------------------------------------------------------------------------------------------------------------------------------------------------------------------------------------------------------------------------------------------------------------------
1970-01-01T08:00:00.0|002                    |d3                     |V5                    |true                  |text2           |string5             |null            |2013-09-04T01:40:00.000+08|0x34            |2                 |653               |13.13             |null                |
08+08:00             |                       |                       |                      |                      |                |                    |                |:00                       |                |                  |                  |                  |                    |
---------------------------------------------------------------------------------------------------------------------------------------------------------------------------------------------------------------------------------------------------------------------------------------
1970-01-01T08:00:00.0|003                    |d3                     |V6                    |true                  |text4           |null                |2023-12-15      |null                      |0x49460001      |10                |null              |2.1               |155.5               |
09+08:00             |                       |                       |                      |                      |                |                    |                |                          |                |                  |                  |                  |                    |
---------------------------------------------------------------------------------------------------------------------------------------------------------------------------------------------------------------------------------------------------------------------------------------
1970-01-01T08:00:00.0|004                    |d4                     |V2                    |false                 |text5           |string3             |2024-01-15      |1970-08-02T04:59:38.000+08|null            |1                 |null              |-11.1             |11.2                |
10+08:00             |                       |                       |                      |                      |                |                    |                |:00                       |                |                  |                  |                  |                    |
总数目：10
}

Elapsed Time: 0.0.63

-- [1]98:select count() from table_1
STRICT{
_col0(INT64)      |
------------------
10                |
总数目：1
}

Elapsed Time: 0.0.64

-- [1]99:select count(*) as count_result from table_1
STRICT{
count_result(INT64)      |
-------------------------
10                       |
总数目：1
}

Elapsed Time: 0.0.21

-- [1]100:select count(time) as count1, count(region_id) as count2, count(device_id) as count3, count(model_id) as count4 from table_1
STRICT{
count1(INT64)      |count2(INT64)      |count3(INT64)      |count4(INT64)      |
----------------------------------------------------------------------------
10                 |9                  |10                 |10                 |
总数目：1
}

Elapsed Time: 0.0.29

-- [1]101:select count(boolean) as count1, count(text) as count2, count(string) as count3, count(date) as count4, count(timestamp) as count5 from table_1
STRICT{
count1(INT64)      |count2(INT64)      |count3(INT64)      |count4(INT64)      |count5(INT64)      |
-----------------------------------------------------------------------------------------------
10                 |10                 |9                  |8                  |9                  |
总数目：1
}

Elapsed Time: 0.0.30

-- [1]102:select count(blob) as count1, count(int32) as count2, count(int64) as count3, count(float) as count4, count(double) as count5 from table_1
STRICT{
count1(INT64)      |count2(INT64)      |count3(INT64)      |count4(INT64)      |count5(INT64)      |
-----------------------------------------------------------------------------------------------
9                  |10                 |7                  |9                  |9                  |
总数目：1
}

Elapsed Time: 0.0.23

-- [1]103:select count(model_id) as count1, count(boolean) as count2 from table_1 group by model_id
STRICT{
count1(INT64)      |count2(INT64)      |
--------------------------------------
1                  |1                  |
--------------------------------------
4                  |4                  |
--------------------------------------
2                  |2                  |
--------------------------------------
1                  |1                  |
--------------------------------------
2                  |2                  |
总数目：5
}

Elapsed Time: 0.0.72

-- [1]104:select region_id, count(*) as count_result from table_1 group by region_id
STRICT{
region_id(STRING)      |count_result(INT64)      |
------------------------------------------------
001                    |1                        |
------------------------------------------------
002                    |2                        |
------------------------------------------------
003                    |2                        |
------------------------------------------------
004                    |2                        |
------------------------------------------------
005                    |2                        |
------------------------------------------------
null                   |1                        |
总数目：6
}

Elapsed Time: 0.0.22

-- [1]105:select device_id, count(*) as count_result from table_1 group by device_id
STRICT{
device_id(STRING)      |count_result(INT64)      |
------------------------------------------------
d1                     |1                        |
------------------------------------------------
d2                     |1                        |
------------------------------------------------
d3                     |3                        |
------------------------------------------------
d4                     |2                        |
------------------------------------------------
d5                     |2                        |
------------------------------------------------
d6                     |1                        |
总数目：6
}

Elapsed Time: 0.0.20

-- [1]106:select model_id, count(*) as count_result from table_1 group by model_id
STRICT{
model_id(STRING)      |count_result(INT64)      |
-----------------------------------------------
V1                    |1                        |
-----------------------------------------------
V2                    |4                        |
-----------------------------------------------
V3                    |2                        |
-----------------------------------------------
V5                    |1                        |
-----------------------------------------------
V6                    |2                        |
总数目：5
}

Elapsed Time: 0.0.21

-- [1]107:select count(boolean) + count(date) + count(int64) - count(int32) as count_result from table_1
STRICT{
count_result(INT64)      |
-------------------------
15                       |
总数目：1
}

Elapsed Time: 0.0.51

-- [1]108:select region_id, device_id, model_id, count(*) from (select * from table_1 order by time) where time > 1 and time < 10 group by region_id, device_id, model_id order by region_id,device_id,model_id
STRICT{
region_id(STRING)      |device_id(STRING)      |model_id(STRING)      |_col3(INT64)      |
--------------------------------------------------------------------------------------
002                    |d2                     |V2                    |1                 |
--------------------------------------------------------------------------------------
002                    |d3                     |V5                    |1                 |
--------------------------------------------------------------------------------------
003                    |d3                     |V6                    |2                 |
--------------------------------------------------------------------------------------
004                    |d4                     |V2                    |1                 |
--------------------------------------------------------------------------------------
005                    |d5                     |V3                    |2                 |
--------------------------------------------------------------------------------------
null                   |d6                     |V2                    |1                 |
总数目：6
}

Elapsed Time: 0.0.45

-- [1]109:select count(*) as count_result from table_1 where time > 1 and time < 10
STRICT{
count_result(INT64)      |
-------------------------
8                        |
总数目：1
}

Elapsed Time: 0.0.17

-- [1]110:select count(*) as count_result from table_1 where boolean = false and time < 8
STRICT{
count_result(INT64)      |
-------------------------
3                        |
总数目：1
}

Elapsed Time: 0.0.58

-- [1]111:select count(*) as count_result from table_1 where int64 < 500
STRICT{
count_result(INT64)      |
-------------------------
3                        |
总数目：1
}

Elapsed Time: 0.0.17

-- [1]112:select count(float) as count_float, count(double) as count_double from table_1
STRICT{
count_float(INT64)      |count_double(INT64)      |
-------------------------------------------------
9                       |9                        |
总数目：1
}

Elapsed Time: 0.0.15

-- [1]113:select (count(float)) * count(int32)+2 as count1, count(double+1) as count2 from table_1
STRICT{
count1(INT64)      |count2(INT64)      |
--------------------------------------
92                 |9                  |
总数目：1
}

Elapsed Time: 0.0.22

-- [1]114:select count(*) as count_result from table_1 where int64 is null
STRICT{
count_result(INT64)      |
-------------------------
3                        |
总数目：1
}

Elapsed Time: 0.0.21

-- [1]115:select count(*) as count_result from table_1 where int64 is not null
STRICT{
count_result(INT64)      |
-------------------------
7                        |
总数目：1
}

Elapsed Time: 0.0.19

-- [1]116:select count(*) as count_result from table_1 where int64 <> null
STRICT{
count_result(INT64)      |
-------------------------
0                        |
总数目：1
}

Elapsed Time: 0.0.17

-- [1]117:select count(*) as count_result from table_1 where int64 != null
STRICT{
count_result(INT64)      |
-------------------------
0                        |
总数目：1
}

Elapsed Time: 0.0.13

-- [1]118:select count(*) as count_result from table_1 where int64 = null
STRICT{
count_result(INT64)      |
-------------------------
0                        |
总数目：1
}

Elapsed Time: 0.0.11
-- [1]122:select sum() from table_1
STRICT{
SQLSTATE : 701: Aggregate functions [sum] should only have one argument
}
-- [1]123:select sum(region_id) from table_1
STRICT{
SQLSTATE : 701: Aggregate functions [sum] only support numeric data types [INT32, INT64, FLOAT, DOUBLE]
}
-- [1]124:select sum(device_id) from table_1
STRICT{
SQLSTATE : 701: Aggregate functions [sum] only support numeric data types [INT32, INT64, FLOAT, DOUBLE]
}
-- [1]125:select sum(model_id) from table_1
STRICT{
SQLSTATE : 701: Aggregate functions [sum] only support numeric data types [INT32, INT64, FLOAT, DOUBLE]
}
-- [1]126:select sum(boolean) from table_1
STRICT{
SQLSTATE : 701: Aggregate functions [sum] only support numeric data types [INT32, INT64, FLOAT, DOUBLE]
}
-- [1]127:select sum(text) from table_1
STRICT{
SQLSTATE : 701: Aggregate functions [sum] only support numeric data types [INT32, INT64, FLOAT, DOUBLE]
}
-- [1]128:select sum(string) from table_1
STRICT{
SQLSTATE : 701: Aggregate functions [sum] only support numeric data types [INT32, INT64, FLOAT, DOUBLE]
}
-- [1]129:select sum(date) from table_1
STRICT{
SQLSTATE : 701: Aggregate functions [sum] only support numeric data types [INT32, INT64, FLOAT, DOUBLE]
}
-- [1]130:select sum(timestamp) from table_1
STRICT{
SQLSTATE : 701: Aggregate functions [sum] only support numeric data types [INT32, INT64, FLOAT, DOUBLE]
}
-- [1]131:select sum(blob) from table_1
STRICT{
SQLSTATE : 701: Aggregate functions [sum] only support numeric data types [INT32, INT64, FLOAT, DOUBLE]
}

-- [1]133:select sum(int32) as sum_result from table_1
STRICT{
sum_result(DOUBLE)      |
------------------------
140.0                   |
总数目：1
}

Elapsed Time: 0.0.13

-- [1]134:select sum(int64) as sum_result from table_1
STRICT{
sum_result(DOUBLE)      |
------------------------
3774.0                  |
总数目：1
}

Elapsed Time: 0.0.11

-- [1]135:select sum(float) as sum_result from table_1
STRICT{
sum_result(DOUBLE)      |
------------------------
576.0299998298287       |
总数目：1
}

Elapsed Time: 0.0.11

-- [1]136:select sum(double) as sum_result from table_1
STRICT{
sum_result(DOUBLE)      |
------------------------
4823.57                 |
总数目：1
}

Elapsed Time: 0.0.11

-- [1]137:select model_id, sum(int32) as result1, sum(int64) as result2, sum(float) as result3, round(sum(double),2) as result4 from table_1 group by model_id
STRICT{
model_id(STRING)      |result1(DOUBLE)      |result2(DOUBLE)      |result3(DOUBLE)      |result4(DOUBLE)      |
----------------------------------------------------------------------------------------------------------
V1                    |0.0                  |1000.0               |1.100000023841858    |111.11               |
----------------------------------------------------------------------------------------------------------
V2                    |115.0                |1345.0               |0.10000000149011612  |2001.26              |
----------------------------------------------------------------------------------------------------------
V3                    |12.0                 |653.0                |554.3999999761581    |2222.4               |
----------------------------------------------------------------------------------------------------------
V5                    |2.0                  |653.0                |13.130000114440918   |null                 |
----------------------------------------------------------------------------------------------------------
V6                    |11.0                 |123.0                |7.299999713897705    |488.8                |
总数目：5
}

Elapsed Time: 0.0.40

-- [1]138:select sum(cast(region_id as int32)) as sum_result from table_1 where region_id is not null
STRICT{
sum_result(DOUBLE)      |
------------------------
29.0                    |
总数目：1
}

Elapsed Time: 0.0.20

-- [1]139:select (sum(int32) + count(boolean) - count(float) + 2) as sum_result from table_1 where region_id is not null and time > 3
STRICT{
sum_result(DOUBLE)      |
------------------------
30.0                    |
总数目：1
}

Elapsed Time: 0.0.20

-- [1]140:select sum(cast(substring(device_id,2,1) as int32)) as sum_result from table_1 where time > 2 and time <= 10
STRICT{
sum_result(DOUBLE)      |
------------------------
33.0                    |
总数目：1
}

Elapsed Time: 0.0.17

-- [1]141:select sum(int32 + int64 + float + double) as sum_result from table_1
STRICT{
sum_result(DOUBLE)      |
------------------------
5900.409948120117       |
总数目：1
}

Elapsed Time: 0.0.17

-- [1]142:select device_id, sum(int32) as result1, sum(int64) as result2, sum(float) as result3, sum(double) as result4 from table_1 group by device_id
STRICT{
device_id(STRING)      |result1(DOUBLE)      |result2(DOUBLE)      |result3(DOUBLE)      |result4(DOUBLE)      |
-----------------------------------------------------------------------------------------------------------
d1                     |0.0                  |1000.0               |1.100000023841858    |111.11               |
-----------------------------------------------------------------------------------------------------------
d2                     |111.0                |453.0                |11.100000381469727   |102.2                |
-----------------------------------------------------------------------------------------------------------
d3                     |13.0                 |776.0                |20.429999828338623   |488.8                |
-----------------------------------------------------------------------------------------------------------
d4                     |3.0                  |239.0                |-11.100000381469727  |677.86               |
-----------------------------------------------------------------------------------------------------------
d5                     |12.0                 |653.0                |554.3999999761581    |2222.4               |
-----------------------------------------------------------------------------------------------------------
d6                     |1.0                  |653.0                |0.10000000149011612  |1221.2               |
总数目：6
}

Elapsed Time: 0.0.13

-- [1]143:select sum(int32 * float) as total_1, (count(text)+sum(double-int64)) as total_2 from table_1 where time <= 8
STRICT{
total_1(DOUBLE)      |total_2(DOUBLE)      |
------------------------------------------
2363.660097695887    |432.6700000000001    |
总数目：1
}

Elapsed Time: 0.0.19
-- [1]144:select (sum(double-int32)*2-11) as result1, sum(sum(int64)+ count(string)) as result2 from table_1 group by device_id
STRICT{
SQLSTATE : 701: Cannot nest aggregations inside aggregation 'sum': [sum(int64), count(string)]
}
-- [1]149:select avg() from table_1
STRICT{
SQLSTATE : 701: Aggregate functions [avg] should only have one argument
}
-- [1]150:select avg(region_id) from table_1
STRICT{
SQLSTATE : 701: Aggregate functions [avg] only support numeric data types [INT32, INT64, FLOAT, DOUBLE]
}
-- [1]151:select avg(device_id) from table_1
STRICT{
SQLSTATE : 701: Aggregate functions [avg] only support numeric data types [INT32, INT64, FLOAT, DOUBLE]
}
-- [1]152:select avg(model_id) from table_1
STRICT{
SQLSTATE : 701: Aggregate functions [avg] only support numeric data types [INT32, INT64, FLOAT, DOUBLE]
}
-- [1]153:select avg(boolean) from table_1
STRICT{
SQLSTATE : 701: Aggregate functions [avg] only support numeric data types [INT32, INT64, FLOAT, DOUBLE]
}
-- [1]154:select avg(text) from table_1
STRICT{
SQLSTATE : 701: Aggregate functions [avg] only support numeric data types [INT32, INT64, FLOAT, DOUBLE]
}
-- [1]155:select avg(string) from table_1
STRICT{
SQLSTATE : 701: Aggregate functions [avg] only support numeric data types [INT32, INT64, FLOAT, DOUBLE]
}
-- [1]156:select avg(date) from table_1
STRICT{
SQLSTATE : 701: Aggregate functions [avg] only support numeric data types [INT32, INT64, FLOAT, DOUBLE]
}
-- [1]157:select avg(timestamp) from table_1
STRICT{
SQLSTATE : 701: Aggregate functions [avg] only support numeric data types [INT32, INT64, FLOAT, DOUBLE]
}
-- [1]158:select avg(blob) from table_1
STRICT{
SQLSTATE : 701: Aggregate functions [avg] only support numeric data types [INT32, INT64, FLOAT, DOUBLE]
}

-- [1]160:select avg(int32) as avg_result from table_1
STRICT{
avg_result(DOUBLE)      |
------------------------
14.0                    |
总数目：1
}

Elapsed Time: 0.0.19

-- [1]161:select avg(int64) as avg_result from table_1
STRICT{
avg_result(DOUBLE)      |
------------------------
539.1428571428571       |
总数目：1
}

Elapsed Time: 0.0.10

-- [1]162:select avg(float) as avg_result from table_1
STRICT{
avg_result(DOUBLE)      |
------------------------
64.00333331442542       |
总数目：1
}

Elapsed Time: 0.0.10

-- [1]163:select avg(double) as avg_result from table_1
STRICT{
avg_result(DOUBLE)      |
------------------------
535.9522222222222       |
总数目：1
}

Elapsed Time: 0.0.10

-- [1]164:select device_id, avg(int32+int32+float+double) as avg_result from table_1 group by device_id
STRICT{
device_id(STRING)      |avg_result(DOUBLE)      |
-----------------------------------------------
d1                     |112.21000002384186      |
-----------------------------------------------
d2                     |335.3000061035156       |
-----------------------------------------------
d3                     |259.0500000953674       |
-----------------------------------------------
d4                     |2.0999996185302727      |
-----------------------------------------------
d5                     |1400.3999998092652      |
-----------------------------------------------
d6                     |1223.2999999046326      |
总数目：6
}

Elapsed Time: 0.0.15

-- [1]165:select avg(int32*int64) as avg_result from table_1 where time >= 2 and time < 9
STRICT{
avg_result(DOUBLE)      |
------------------------
9895.5                  |
总数目：1
}

Elapsed Time: 0.0.17

-- [1]166:select (avg(int32+int64-float+double)*2) as avg_result, round(count(*)+sum(int32+double),2) as total_result from table_1 where time < 10
STRICT{
avg_result(DOUBLE)      |total_result(DOUBLE)      |
--------------------------------------------------
2347.044020751953       |4958.37                   |
总数目：1
}

Elapsed Time: 0.0.17

-- [1]167:select avg(int32+double-float) as total_1, (avg(int32)+100101) as total_2, (sum(int64)+count(string)) as total_3 from table_1 where model_id = 'V2'
STRICT{
total_1(DOUBLE)      |total_2(DOUBLE)      |total_3(DOUBLE)      |
---------------------------------------------------------------
482.49999999950336   |100129.75            |1349.0               |
总数目：1
}

Elapsed Time: 0.0.15
-- [1]171:select extreme() from table_1
STRICT{
SQLSTATE : 701: Aggregate functions [extreme] should only have one argument
}
-- [1]172:select extreme(time) from table_1
STRICT{
SQLSTATE : 701: Aggregate functions [extreme] only support numeric data types [INT32, INT64, FLOAT, DOUBLE]
}
-- [1]173:select extreme(region_id) from table_1
STRICT{
SQLSTATE : 701: Aggregate functions [extreme] only support numeric data types [INT32, INT64, FLOAT, DOUBLE]
}
-- [1]174:select extreme(device_id) from table_1
STRICT{
SQLSTATE : 701: Aggregate functions [extreme] only support numeric data types [INT32, INT64, FLOAT, DOUBLE]
}
-- [1]175:select extreme(model_id) from table_1
STRICT{
SQLSTATE : 701: Aggregate functions [extreme] only support numeric data types [INT32, INT64, FLOAT, DOUBLE]
}
-- [1]176:select extreme(boolean) from table_1
STRICT{
SQLSTATE : 701: Aggregate functions [extreme] only support numeric data types [INT32, INT64, FLOAT, DOUBLE]
}
-- [1]177:select extreme(text) from table_1
STRICT{
SQLSTATE : 701: Aggregate functions [extreme] only support numeric data types [INT32, INT64, FLOAT, DOUBLE]
}
-- [1]178:select extreme(string) from table_1
STRICT{
SQLSTATE : 701: Aggregate functions [extreme] only support numeric data types [INT32, INT64, FLOAT, DOUBLE]
}
-- [1]179:select extreme(date) from table_1
STRICT{
SQLSTATE : 701: Aggregate functions [extreme] only support numeric data types [INT32, INT64, FLOAT, DOUBLE]
}
-- [1]180:select extreme(timestamp) from table_1
STRICT{
SQLSTATE : 701: Aggregate functions [extreme] only support numeric data types [INT32, INT64, FLOAT, DOUBLE]
}
-- [1]181:select extreme(blob) from table_1
STRICT{
SQLSTATE : 701: Aggregate functions [extreme] only support numeric data types [INT32, INT64, FLOAT, DOUBLE]
}

-- [1]183:select extreme(int32) as extreme_result from table_1
STRICT{
extreme_result(INT32)      |
---------------------------
111                        |
总数目：1
}

Elapsed Time: 0.0.12

-- [1]184:select extreme(int64) as extreme_result from table_1
STRICT{
extreme_result(INT64)      |
---------------------------
1000                       |
总数目：1
}

Elapsed Time: 0.0.9

-- [1]185:select extreme(float) as extreme_result from table_1
STRICT{
extreme_result(FLOAT)      |
---------------------------
555.5                      |
总数目：1
}

Elapsed Time: 0.0.9

-- [1]186:select extreme(double) as extreme_result from table_1
STRICT{
extreme_result(DOUBLE)      |
----------------------------
1221.2                      |
总数目：1
}

Elapsed Time: 0.0.8

-- [1]187:select extreme(int32) as result1, extreme(int64) as result2, extreme(float) as result3, extreme(double) as result4 from table_1 where time > 3 and time < 10
STRICT{
result1(INT32)      |result2(INT64)      |result3(FLOAT)      |result4(DOUBLE)      |
---------------------------------------------------------------------------------
10                  |653                 |555.5               |1221.2               |
总数目：1
}

Elapsed Time: 0.0.12

-- [1]188:select extreme(int32) + avg(int64) as sum_result, extreme(double)-(count(string)+2) as sub_result from table_1 where device_id='d3'
STRICT{
sum_result(DOUBLE)      |sub_result(DOUBLE)      |
------------------------------------------------
398.0                   |329.3                   |
总数目：1
}

Elapsed Time: 0.0.10
-- [1]191:select min() from table_1
STRICT{
SQLSTATE : 701: Aggregate functions [min] should only have one argument
}

-- [1]192:select min(time) as min_result from table_1
STRICT{
min_result(TIMESTAMP)      |
---------------------------
1970-01-01T08:00:00.001+08:|
00                         |
总数目：1
}

Elapsed Time: 0.0.10

-- [1]193:select min(region_id) as min_result from table_1
STRICT{
min_result(STRING)      |
------------------------
001                     |
总数目：1
}

Elapsed Time: 0.0.9

-- [1]194:select min(device_id) as min_result from table_1
STRICT{
min_result(STRING)      |
------------------------
d1                      |
总数目：1
}

Elapsed Time: 0.0.8

-- [1]195:select min(model_id) as min_result from table_1
STRICT{
min_result(STRING)      |
------------------------
V1                      |
总数目：1
}

Elapsed Time: 0.0.7

-- [1]196:select min(boolean) as min_result from table_1
STRICT{
min_result(BOOLEAN)      |
-------------------------
false                    |
总数目：1
}

Elapsed Time: 0.0.9

-- [1]197:select min(text) as min_result from table_1
STRICT{
min_result(TEXT)      |
----------------------
text1                 |
总数目：1
}

Elapsed Time: 0.0.8

-- [1]198:select min(string) as min_result from table_1
STRICT{
min_result(STRING)      |
------------------------
string1                 |
总数目：1
}

Elapsed Time: 0.0.7

-- [1]199:select min(date) as min_result from table_1
STRICT{
min_result(DATE)      |
----------------------
2020-01-10            |
总数目：1
}

Elapsed Time: 0.0.8

-- [1]200:select min(timestamp) as min_result from table_1
STRICT{
min_result(TIMESTAMP)      |
---------------------------
1970-01-01T08:00:00.001+08:|
00                         |
总数目：1
}

Elapsed Time: 0.0.8

-- [1]201:select min(blob) as min_result from table_1
STRICT{
min_result(BLOB)      |
----------------------
0x00010000            |
总数目：1
}

Elapsed Time: 0.0.8

-- [1]202:select min(int32) as min_result from table_1
STRICT{
min_result(INT32)      |
-----------------------
0                      |
总数目：1
}

Elapsed Time: 0.0.9

-- [1]203:select min(int64) as min_result from table_1
STRICT{
min_result(INT64)      |
-----------------------
123                    |
总数目：1
}

Elapsed Time: 0.0.8

-- [1]204:select min(float) as min_result from table_1
STRICT{
min_result(FLOAT)      |
-----------------------
-11.1                  |
总数目：1
}

Elapsed Time: 0.0.7

-- [1]205:select min(double) as min_result from table_1
STRICT{
min_result(DOUBLE)      |
------------------------
11.2                    |
总数目：1
}

Elapsed Time: 0.0.8

-- [1]208:select result1, result2, result1 + result2 as result3 from (     select min(int32) AS result1, min(int64) AS result2     from table_1     WHERE time > 3 AND time < 10 )
STRICT{
result1(INT32)      |result2(INT64)      |result3(INT64)      |
------------------------------------------------------------
1                   |239                 |240                 |
总数目：1
}

Elapsed Time: 0.0.12

-- [1]211:select min(int64) + avg(int64) as total_result, min(double)-(count(string)+2) as sub_result from table_1 where device_id='d3'
STRICT{
total_result(DOUBLE)      |sub_result(DOUBLE)      |
--------------------------------------------------
511.0                     |151.5                   |
总数目：1
}

Elapsed Time: 0.0.12

-- [1]212:select device_id, model_id, count(boolean) as count_result, min(float) as min_result, avg(int64) as avg_result  	from table_1 where time > 3 and time < 10 and model_id='V1' group by device_id,model_id
STRICT{
device_id(STRING)      |model_id(STRING)      |count_result(INT64)      |min_result(FLOAT)      |avg_result(DOUBLE)      |
总数目：0
}

Elapsed Time: 0.0.13

-- [1]214:select region_id, device_id, min(boolean),min(text),min(string),min(date),min(timestamp),min(blob) 	from table_1 group by region_id, device_id order by region_id
STRICT{
region_id(STRING)      |device_id(STRING)      |_col2(BOOLEAN)      |_col3(TEXT)      |_col4(STRING)      |_col5(DATE)      |_col6(TIMESTAMP)      |_col7(BLOB)      |
--------------------------------------------------------------------------------------------------------------------------------------------------------------
001                    |d1                     |false               |text1            |string1            |2020-01-10       |1970-01-01T08:01:40.00|0x11f8d7         |
                       |                       |                    |                 |                   |                 |0+08:00               |                 |
--------------------------------------------------------------------------------------------------------------------------------------------------------------
002                    |d2                     |true                |text2            |string2            |2020-02-20       |1970-01-01T12:40:39.20|0x3b             |
                       |                       |                    |                 |                   |                 |0+08:00               |                 |
--------------------------------------------------------------------------------------------------------------------------------------------------------------
002                    |d3                     |true                |text2            |string5            |null             |2013-09-04T01:40:00.00|0x34             |
                       |                       |                    |                 |                   |                 |0+08:00               |                 |
--------------------------------------------------------------------------------------------------------------------------------------------------------------
003                    |d3                     |true                |text2            |string2            |2021-12-20       |1973-09-14T15:20:00.00|0x49460001       |
                       |                       |                    |                 |                   |                 |0+08:00               |                 |
--------------------------------------------------------------------------------------------------------------------------------------------------------------
004                    |d4                     |false               |text3            |string3            |2022-06-11       |1970-01-02T08:05:00.00|0x4b98           |
                       |                       |                    |                 |                   |                 |0+08:00               |                 |
--------------------------------------------------------------------------------------------------------------------------------------------------------------
005                    |d5                     |false               |text4            |string2            |2023-12-15       |2013-09-04T01:40:00.00|0x34             |
                       |                       |                    |                 |                   |                 |0+08:00               |                 |
--------------------------------------------------------------------------------------------------------------------------------------------------------------
null                   |d6                     |true                |text3            |string3            |null             |2013-09-04T01:40:00.00|0x00010000       |
                       |                       |                    |                 |                   |                 |0+08:00               |                 |
总数目：7
}

Elapsed Time: 0.0.12
-- [1]218:select min_by() from table_1
STRICT{
SQLSTATE : 701: Aggregate functions [min_by] should only have two arguments
}
-- [1]219:select min_by(time) from table_1
STRICT{
SQLSTATE : 701: Aggregate functions [min_by] should only have two arguments
}

-- [1]220:select min_by(time,region_id) as min_by_result from table_1
STRICT{
min_by_result(TIMESTAMP)      |
------------------------------
1970-01-01T08:00:00.001+08:00 |
总数目：1
}

Elapsed Time: 0.0.12

-- [1]221:select min_by(region_id,device_id) as min_by_result from table_1
STRICT{
min_by_result(STRING)      |
---------------------------
001                        |
总数目：1
}

Elapsed Time: 0.0.10

-- [1]222:select min_by(device_id,model_id) as min_by_result from (select time,device_id, model_id from table_1 order by time,device_id,model_id)
STRICT{
min_by_result(STRING)      |
---------------------------
d1                         |
总数目：1
}

Elapsed Time: 0.0.11

-- [1]223:select min_by(model_id,boolean) as min_by_result from (select model_id,boolean from table_1 order by time) group by model_id order by min_by_result
STRICT{
min_by_result(STRING)      |
---------------------------
V1                         |
---------------------------
V2                         |
---------------------------
V3                         |
---------------------------
V5                         |
---------------------------
V6                         |
总数目：5
}

Elapsed Time: 0.0.13

-- [1]224:select min_by(boolean,text) as min_by_result from (select * from table_1 order by time)
STRICT{
min_by_result(BOOLEAN)      |
----------------------------
false                       |
总数目：1
}

Elapsed Time: 0.0.10

-- [1]225:select min_by(text,string) as min_by_result from (select * from table_1 order by time)
STRICT{
min_by_result(TEXT)      |
-------------------------
text1                    |
总数目：1
}

Elapsed Time: 0.0.12

-- [1]226:select min_by(string,date) as min_by_result from (select * from table_1 order by time)
STRICT{
min_by_result(STRING)      |
---------------------------
string1                    |
总数目：1
}

Elapsed Time: 0.0.12

-- [1]227:select min_by(date,timestamp) as min_by_result from (select * from table_1 order by time)
STRICT{
min_by_result(DATE)      |
-------------------------
2020-01-10               |
总数目：1
}

Elapsed Time: 0.0.10

-- [1]228:select min_by(timestamp,blob) as min_by_result from (select * from table_1 order by time)
STRICT{
min_by_result(TIMESTAMP)      |
------------------------------
2013-09-04T01:40:00.000+08:00 |
总数目：1
}

Elapsed Time: 0.0.9

-- [1]229:select min_by(blob,int32) as min_by_result from (select time,blob,int32 from table_1 order by time)
STRICT{
min_by_result(BLOB)      |
-------------------------
0x11f8d7                 |
总数目：1
}

Elapsed Time: 0.0.9

-- [1]230:select min_by(timestamp,int32) as min_by_result from (select * from table_1 order by time)
STRICT{
min_by_result(TIMESTAMP)      |
------------------------------
1970-01-01T08:01:40.000+08:00 |
总数目：1
}

Elapsed Time: 0.0.10

-- [1]231:select min_by(int32,int64) as min_by_result from (select * from table_1 order by time)
STRICT{
min_by_result(INT32)      |
--------------------------
1                         |
总数目：1
}

Elapsed Time: 0.0.9

-- [1]232:select min_by(int64,float) as min_by_result from (select * from table_1 order by time)
STRICT{
min_by_result(INT64)      |
--------------------------
null                      |
总数目：1
}

Elapsed Time: 0.0.10

-- [1]233:select min_by(float,double) as min_by_result from (select * from table_1 order by time)
STRICT{
min_by_result(FLOAT)      |
--------------------------
-11.1                     |
总数目：1
}

Elapsed Time: 0.0.10

-- [1]234:select min_by(double,time) as min_by_result from (select * from table_1 order by time)
STRICT{
min_by_result(DOUBLE)      |
---------------------------
111.11                     |
总数目：1
}

Elapsed Time: 0.0.10

-- [1]236:select min_by(time,string) as str_result,min_by(time,device_id) as device_result,min_by(time,boolean) as bool_result,min_by(time,int64) as int64_result ,count(int32+1) as count_result,avg(double+int32) avg_result from table_1 group by device_id order by device_id
STRICT{
str_result(TIMESTAMP)      |device_result(TIMESTAMP)      |bool_result(TIMESTAMP)      |int64_result(TIMESTAMP)      |count_result(INT64)      |avg_result(DOUBLE)      |
-------------------------------------------------------------------------------------------------------------------------------------------------------------------
1970-01-01T08:00:00.001+08:|1970-01-01T08:00:00.001+08:00 |1970-01-01T08:00:00.001+08:0|1970-01-01T08:00:00.001+08:00|1                        |111.11                  |
00                         |                              |0                           |                             |                         |                        |
-------------------------------------------------------------------------------------------------------------------------------------------------------------------
1970-01-01T08:00:00.002+08:|1970-01-01T08:00:00.002+08:00 |1970-01-01T08:00:00.002+08:0|1970-01-01T08:00:00.002+08:00|1                        |213.2                   |
00                         |                              |0                           |                             |                         |                        |
-------------------------------------------------------------------------------------------------------------------------------------------------------------------
1970-01-01T08:00:00.003+08:|1970-01-01T08:00:00.008+08:00 |1970-01-01T08:00:00.008+08:0|1970-01-01T08:00:00.003+08:00|3                        |249.9                   |
00                         |                              |0                           |                             |                         |                        |
-------------------------------------------------------------------------------------------------------------------------------------------------------------------
1970-01-01T08:00:00.004+08:|1970-01-01T08:00:00.004+08:00 |1970-01-01T08:00:00.010+08:0|1970-01-01T08:00:00.004+08:00|2                        |340.43                  |
00                         |                              |0                           |                             |                         |                        |
-------------------------------------------------------------------------------------------------------------------------------------------------------------------
1970-01-01T08:00:00.005+08:|1970-01-01T08:00:00.005+08:00 |1970-01-01T08:00:00.005+08:0|1970-01-01T08:00:00.005+08:00|2                        |1117.2                  |
00                         |                              |0                           |                             |                         |                        |
-------------------------------------------------------------------------------------------------------------------------------------------------------------------
1970-01-01T08:00:00.006+08:|1970-01-01T08:00:00.006+08:00 |1970-01-01T08:00:00.006+08:0|1970-01-01T08:00:00.006+08:00|1                        |1222.2                  |
00                         |                              |0                           |                             |                         |                        |
总数目：6
}

Elapsed Time: 0.0.15
-- [1]239:select max() from table_1
STRICT{
SQLSTATE : 701: Aggregate functions [max] should only have one argument
}

-- [1]240:select max(time) as max_result from table_1
STRICT{
max_result(TIMESTAMP)      |
---------------------------
1970-01-01T08:00:00.010+08:|
00                         |
总数目：1
}

Elapsed Time: 0.0.10

-- [1]241:select max(region_id) as max_result from table_1
STRICT{
max_result(STRING)      |
------------------------
005                     |
总数目：1
}

Elapsed Time: 0.0.7

-- [1]242:select max(device_id) as max_result from table_1
STRICT{
max_result(STRING)      |
------------------------
d6                      |
总数目：1
}

Elapsed Time: 0.0.8

-- [1]243:select max(model_id) as max_result from table_1
STRICT{
max_result(STRING)      |
------------------------
V6                      |
总数目：1
}

Elapsed Time: 0.0.8

-- [1]244:select max(boolean) as max_result from table_1
STRICT{
max_result(BOOLEAN)      |
-------------------------
true                     |
总数目：1
}

Elapsed Time: 0.0.8

-- [1]245:select max(text) as max_result from table_1
STRICT{
max_result(TEXT)      |
----------------------
text5                 |
总数目：1
}

Elapsed Time: 0.0.11

-- [1]246:select max(string) as max_result from table_1
STRICT{
max_result(STRING)      |
------------------------
string5                 |
总数目：1
}

Elapsed Time: 0.0.8

-- [1]247:select max(date) as max_result from table_1
STRICT{
max_result(DATE)      |
----------------------
2024-01-15            |
总数目：1
}

Elapsed Time: 0.0.8

-- [1]248:select max(timestamp) as max_result from table_1
STRICT{
max_result(TIMESTAMP)      |
---------------------------
1970-01-01T08:00:00.010+08:|
00                         |
总数目：1
}

Elapsed Time: 0.0.8

-- [1]249:select max(blob) as max_result from table_1
STRICT{
max_result(BLOB)      |
----------------------
0xffd8ffe0            |
总数目：1
}

Elapsed Time: 0.0.8

-- [1]250:select max(int32) as max_result from table_1
STRICT{
max_result(INT32)      |
-----------------------
111                    |
总数目：1
}

Elapsed Time: 0.0.8

-- [1]251:select max(int64) as max_result from table_1
STRICT{
max_result(INT64)      |
-----------------------
1000                   |
总数目：1
}

Elapsed Time: 0.0.8

-- [1]252:select max(float) as max_result from table_1
STRICT{
max_result(FLOAT)      |
-----------------------
555.5                  |
总数目：1
}

Elapsed Time: 0.0.7

-- [1]253:select max(double) as max_result from table_1
STRICT{
max_result(DOUBLE)      |
------------------------
1221.2                  |
总数目：1
}

Elapsed Time: 0.0.8

-- [1]256:select result1, result2, result1 + result2 as result3 from (     select max(int64) AS result1, max(double) AS result2     from (select * from table_1 order by time)     WHERE time > 1 AND time < 10 group by time) order by result1,result2,result3
STRICT{
result1(INT64)      |result2(DOUBLE)      |result3(DOUBLE)      |
--------------------------------------------------------------
123                 |333.3                |456.3                |
--------------------------------------------------------------
239                 |666.66               |905.66               |
--------------------------------------------------------------
453                 |102.2                |555.2                |
--------------------------------------------------------------
653                 |1111.2               |1764.2               |
--------------------------------------------------------------
653                 |1221.2               |1874.2               |
--------------------------------------------------------------
653                 |null                 |null                 |
--------------------------------------------------------------
null                |155.5                |null                 |
--------------------------------------------------------------
null                |1111.2               |null                 |
总数目：8
}

Elapsed Time: 0.0.31

-- [1]260:select max(float) + avg(int32) as total_result, max(double)-(count(string)+2) as sub_result from table_1 where model_id='V1'
STRICT{
total_result(DOUBLE)      |sub_result(DOUBLE)      |
--------------------------------------------------
1.100000023841858         |108.11                  |
总数目：1
}

Elapsed Time: 0.0.11

-- [1]261:select device_id, model_id, count(boolean) as count_result, min(float) as min_result, 	avg(int64) as avg_result, max(int32+int64) as max_result 		from table_1 where time > 3 and time < 10 and model_id='V1' group by device_id,model_id
STRICT{
device_id(STRING)      |model_id(STRING)      |count_result(INT64)      |min_result(FLOAT)      |avg_result(DOUBLE)      |max_result(INT64)      |
总数目：0
}

Elapsed Time: 0.0.12
-- [1]266:select max_by() from table_1
STRICT{
SQLSTATE : 701: Aggregate functions [max_by] should only have two arguments
}
-- [1]267:select max_by(time) from table_1
STRICT{
SQLSTATE : 701: Aggregate functions [max_by] should only have two arguments
}

-- [1]268:select max_by(time,region_id) as max_by_result from table_1
STRICT{
max_by_result(TIMESTAMP)      |
------------------------------
1970-01-01T08:00:00.005+08:00 |
总数目：1
}

Elapsed Time: 0.0.10

-- [1]269:select max_by(region_id,device_id) as max_by_result from table_1
STRICT{
max_by_result(STRING)      |
---------------------------
null                       |
总数目：1
}

Elapsed Time: 0.0.8

-- [1]270:select max_by(device_id,model_id) as max_by_result from table_1
STRICT{
max_by_result(STRING)      |
---------------------------
d3                         |
总数目：1
}

Elapsed Time: 0.0.9

-- [1]271:select max_by(model_id,boolean) as max_by_result from (select time,model_id,boolean from table_1 order by time) group by model_id
STRICT{
max_by_result(STRING)      |
---------------------------
V1                         |
---------------------------
V2                         |
---------------------------
V3                         |
---------------------------
V5                         |
---------------------------
V6                         |
总数目：5
}

Elapsed Time: 0.0.10

-- [1]272:select max_by(boolean,text) as max_by_result from (select * from table_1 order by time)
STRICT{
max_by_result(BOOLEAN)      |
----------------------------
false                       |
总数目：1
}

Elapsed Time: 0.0.8

-- [1]273:select max_by(text,string) as max_by_result from (select * from table_1 order by time)
STRICT{
max_by_result(TEXT)      |
-------------------------
text2                    |
总数目：1
}

Elapsed Time: 0.0.7

-- [1]274:select max_by(string,date) as max_by_result from (select * from table_1 order by time)
STRICT{
max_by_result(STRING)      |
---------------------------
string3                    |
总数目：1
}

Elapsed Time: 0.0.8

-- [1]275:select max_by(date,timestamp) as max_by_result from (select * from table_1 order by time)
STRICT{
max_by_result(DATE)      |
-------------------------
null                     |
总数目：1
}

Elapsed Time: 0.0.9

-- [1]276:select max_by(timestamp,blob) as max_by_result from (select * from table_1 order by time)
STRICT{
max_by_result(TIMESTAMP)      |
------------------------------
2013-09-04T01:40:00.000+08:00 |
总数目：1
}

Elapsed Time: 0.0.9

-- [1]277:select max_by(timestamp,int32) as max_by_result from (select * from table_1 order by time)
STRICT{
max_by_result(TIMESTAMP)      |
------------------------------
1970-01-01T12:40:39.200+08:00 |
总数目：1
}

Elapsed Time: 0.0.9

-- [1]278:select max_by(blob,int32) as max_by_result from (select * from table_1 order by time)
STRICT{
max_by_result(BLOB)      |
-------------------------
0x3b                     |
总数目：1
}

Elapsed Time: 0.0.10

-- [1]279:select max_by(int32,int64) as max_by_result from (select * from table_1 order by time)
STRICT{
max_by_result(INT32)      |
--------------------------
0                         |
总数目：1
}

Elapsed Time: 0.0.9

-- [1]280:select max_by(int64,float) as max_by_result from (select * from table_1 order by time)
STRICT{
max_by_result(INT64)      |
--------------------------
null                      |
总数目：1
}

Elapsed Time: 0.0.9

-- [1]281:select max_by(float,double) as max_by_result from (select * from table_1 order by time)
STRICT{
max_by_result(FLOAT)      |
--------------------------
0.1                       |
总数目：1
}

Elapsed Time: 0.0.9

-- [1]282:select max_by(double,time) as max_by_result from (select * from table_1 order by time)
STRICT{
max_by_result(DOUBLE)      |
---------------------------
11.2                       |
总数目：1
}

Elapsed Time: 0.0.10

-- [1]284:select max_by(time,string) as str_result,max_by(time,device_id) as device_result,max_by(time,boolean) as bool_result,max_by(time,int64) as int64_result ,count(int32+1) as count_result,avg(double+int32) avg_result from table_1 group by device_id order by device_id
STRICT{
str_result(TIMESTAMP)      |device_result(TIMESTAMP)      |bool_result(TIMESTAMP)      |int64_result(TIMESTAMP)      |count_result(INT64)      |avg_result(DOUBLE)      |
-------------------------------------------------------------------------------------------------------------------------------------------------------------------
1970-01-01T08:00:00.001+08:|1970-01-01T08:00:00.001+08:00 |1970-01-01T08:00:00.001+08:0|1970-01-01T08:00:00.001+08:00|1                        |111.11                  |
00                         |                              |0                           |                             |                         |                        |
-------------------------------------------------------------------------------------------------------------------------------------------------------------------
1970-01-01T08:00:00.002+08:|1970-01-01T08:00:00.002+08:00 |1970-01-01T08:00:00.002+08:0|1970-01-01T08:00:00.002+08:00|1                        |213.2                   |
00                         |                              |0                           |                             |                         |                        |
-------------------------------------------------------------------------------------------------------------------------------------------------------------------
1970-01-01T08:00:00.008+08:|1970-01-01T08:00:00.008+08:00 |1970-01-01T08:00:00.009+08:0|1970-01-01T08:00:00.008+08:00|3                        |249.9                   |
00                         |                              |0                           |                             |                         |                        |
-------------------------------------------------------------------------------------------------------------------------------------------------------------------
1970-01-01T08:00:00.004+08:|1970-01-01T08:00:00.004+08:00 |1970-01-01T08:00:00.004+08:0|1970-01-01T08:00:00.004+08:00|2                        |340.43                  |
00                         |                              |0                           |                             |                         |                        |
-------------------------------------------------------------------------------------------------------------------------------------------------------------------
1970-01-01T08:00:00.007+08:|1970-01-01T08:00:00.005+08:00 |1970-01-01T08:00:00.007+08:0|1970-01-01T08:00:00.005+08:00|2                        |1117.2                  |
00                         |                              |0                           |                             |                         |                        |
-------------------------------------------------------------------------------------------------------------------------------------------------------------------
1970-01-01T08:00:00.006+08:|1970-01-01T08:00:00.006+08:00 |1970-01-01T08:00:00.006+08:0|1970-01-01T08:00:00.006+08:00|1                        |1222.2                  |
00                         |                              |0                           |                             |                         |                        |
总数目：6
}

Elapsed Time: 0.0.16
-- [1]287:select last() from table_1
STRICT{
SQLSTATE : 701: Aggregate functions [last] should only have one or two arguments
}

-- [1]288:select last(time) as last_result from table_1
STRICT{
last_result(TIMESTAMP)      |
----------------------------
1970-01-01T08:00:00.010+08:0|
0                           |
总数目：1
}

Elapsed Time: 0.0.16

-- [1]289:select last(region_id) as last_result from table_1
STRICT{
last_result(STRING)      |
-------------------------
004                      |
总数目：1
}

Elapsed Time: 0.0.7

-- [1]290:select last(device_id) as last_result from table_1
STRICT{
last_result(STRING)      |
-------------------------
d4                       |
总数目：1
}

Elapsed Time: 0.0.6

-- [1]291:select last(model_id) as last_result from table_1
STRICT{
last_result(STRING)      |
-------------------------
V2                       |
总数目：1
}

Elapsed Time: 0.0.6

-- [1]292:select last(boolean) as last_result from table_1
STRICT{
last_result(BOOLEAN)      |
--------------------------
false                     |
总数目：1
}

Elapsed Time: 0.0.6

-- [1]293:select last(text) as last_result from table_1
STRICT{
last_result(TEXT)      |
-----------------------
text5                  |
总数目：1
}

Elapsed Time: 0.0.6

-- [1]294:select last(string) as last_result from table_1
STRICT{
last_result(STRING)      |
-------------------------
string3                  |
总数目：1
}

Elapsed Time: 0.0.6

-- [1]295:select last(date) as last_result from table_1
STRICT{
last_result(DATE)      |
-----------------------
2024-01-15             |
总数目：1
}

Elapsed Time: 0.0.7

-- [1]296:select last(timestamp) as last_result from table_1
STRICT{
last_result(TIMESTAMP)      |
----------------------------
1970-01-01T08:00:00.010+08:0|
0                           |
总数目：1
}

Elapsed Time: 0.0.6

-- [1]297:select last(blob) as last_result from table_1
STRICT{
last_result(BLOB)      |
-----------------------
0x49460001             |
总数目：1
}

Elapsed Time: 0.0.7

-- [1]298:select last(int32) as last_result from table_1
STRICT{
last_result(INT32)      |
------------------------
1                       |
总数目：1
}

Elapsed Time: 0.0.7

-- [1]299:select last(int64) as last_result from table_1
STRICT{
last_result(INT64)      |
------------------------
653                     |
总数目：1
}

Elapsed Time: 0.0.6

-- [1]300:select last(float) as last_result from table_1
STRICT{
last_result(FLOAT)      |
------------------------
-11.1                   |
总数目：1
}

Elapsed Time: 0.0.6

-- [1]301:select last(double) as last_result from table_1
STRICT{
last_result(DOUBLE)      |
-------------------------
11.2                     |
总数目：1
}

Elapsed Time: 0.0.6

-- [1]303:select last(timestamp) as result1,max_by(double,int64) as result2,min_by(int32,time) as result3, 	avg((int32+float)-2) as result4 ,count(double-(int32+1)) as result5  		from table_1 group by device_id order by device_id offset 2 limit 2
STRICT{
result1(TIMESTAMP)      |result2(DOUBLE)      |result3(INT32)      |result4(DOUBLE)      |result5(INT64)      |
----------------------------------------------------------------------------------------------------------
2013-09-04T01:40:00.000+|null                 |1                   |9.143333435058594    |2                   |
08:00                   |                     |                    |                     |                    |
----------------------------------------------------------------------------------------------------------
1970-08-02T04:59:38.000+|666.66               |2                   |-12.100000381469727  |2                   |
08:00                   |                     |                    |                     |                    |
总数目：2
}

Elapsed Time: 0.0.21
-- [1]308:select last_by() from table_1
STRICT{
SQLSTATE : 701: Aggregate functions [last_by] should only have two or three arguments
}
-- [1]309:select last_by(time) from table_1
STRICT{
SQLSTATE : 701: Aggregate functions [last_by] should only have two or three arguments
}

-- [1]310:select last_by(time,region_id) as last_by_result from table_1
STRICT{
last_by_result(TIMESTAMP)      |
-------------------------------
1970-01-01T08:00:00.010+08:00  |
总数目：1
}

Elapsed Time: 0.0.9

-- [1]311:select last_by(region_id,device_id) as last_by_result from table_1
STRICT{
last_by_result(STRING)      |
----------------------------
004                         |
总数目：1
}

Elapsed Time: 0.0.8

-- [1]312:select last_by(device_id,model_id) as last_by_result from table_1
STRICT{
last_by_result(STRING)      |
----------------------------
d4                          |
总数目：1
}

Elapsed Time: 0.0.8

-- [1]313:select last_by(model_id,boolean) as last_by_result from table_1
STRICT{
last_by_result(STRING)      |
----------------------------
V2                          |
总数目：1
}

Elapsed Time: 0.0.8

-- [1]314:select last_by(boolean,text) as last_by_result from table_1
STRICT{
last_by_result(BOOLEAN)      |
-----------------------------
false                        |
总数目：1
}

Elapsed Time: 0.0.7

-- [1]315:select last_by(text,string) as last_by_result from table_1
STRICT{
last_by_result(TEXT)      |
--------------------------
text5                     |
总数目：1
}

Elapsed Time: 0.0.8

-- [1]316:select last_by(string,date) as last_by_result from table_1
STRICT{
last_by_result(STRING)      |
----------------------------
string3                     |
总数目：1
}

Elapsed Time: 0.0.7

-- [1]317:select last_by(date,timestamp) as last_by_result from table_1
STRICT{
last_by_result(DATE)      |
--------------------------
2024-01-15                |
总数目：1
}

Elapsed Time: 0.0.7

-- [1]318:select last_by(timestamp,blob) as last_by_result from table_1
STRICT{
last_by_result(TIMESTAMP)      |
-------------------------------
null                           |
总数目：1
}

Elapsed Time: 0.0.7

-- [1]319:select last_by(blob,int32) as last_by_result from table_1
STRICT{
last_by_result(BLOB)      |
--------------------------
null                      |
总数目：1
}

Elapsed Time: 0.0.8

-- [1]320:select last_by(int32,int64) as last_by_result from table_1
STRICT{
last_by_result(INT32)      |
---------------------------
2                          |
总数目：1
}

Elapsed Time: 0.0.6

-- [1]321:select last_by(int64,float) as last_by_result from table_1
STRICT{
last_by_result(INT64)      |
---------------------------
null                       |
总数目：1
}

Elapsed Time: 0.0.7

-- [1]322:select last_by(float,double) as last_by_result from table_1
STRICT{
last_by_result(FLOAT)      |
---------------------------
-11.1                      |
总数目：1
}

Elapsed Time: 0.0.7

-- [1]323:select last_by(double,time) as last_by_result from table_1
STRICT{
last_by_result(DOUBLE)      |
----------------------------
11.2                        |
总数目：1
}

Elapsed Time: 0.0.8

-- [1]325:select last_by(blob,timestamp) as result1, max_by(double,int64) as result2,  		min_by(int32,time) as result3, avg((int32+float)-2) as result4 ,  		count(double-(int32+1)) as result5,(max(int32)+min(float)-last(double)) as result6   			from table_1 group by device_id order by device_id offset 1 limit 2
STRICT{
result1(BLOB)      |result2(DOUBLE)      |result3(INT32)      |result4(DOUBLE)      |result5(INT64)      |result6(DOUBLE)      |
--------------------------------------------------------------------------------------------------------------------------
0x3b               |102.2                |111                 |120.0999984741211    |1                   |19.89999847412109    |
--------------------------------------------------------------------------------------------------------------------------
0x34               |null                 |1                   |9.143333435058594    |2                   |-143.39999961853027  |
总数目：2
}

Elapsed Time: 0.0.16
-- [1]331:select first() from table_1
STRICT{
SQLSTATE : 701: Aggregate functions [first] should only have one or two arguments
}

-- [1]332:select first(time) as first_result from table_1
STRICT{
first_result(TIMESTAMP)      |
-----------------------------
1970-01-01T08:00:00.001+08:00|
总数目：1
}

Elapsed Time: 0.0.9

-- [1]333:select first(region_id) as first_result from table_1
STRICT{
first_result(STRING)      |
--------------------------
001                       |
总数目：1
}

Elapsed Time: 0.0.7

-- [1]334:select first(device_id) as first_result from table_1
STRICT{
first_result(STRING)      |
--------------------------
d1                        |
总数目：1
}

Elapsed Time: 0.0.7

-- [1]335:select first(model_id) as first_result from table_1
STRICT{
first_result(STRING)      |
--------------------------
V1                        |
总数目：1
}

Elapsed Time: 0.0.6

-- [1]336:select first(boolean) as first_result from table_1
STRICT{
first_result(BOOLEAN)      |
---------------------------
false                      |
总数目：1
}

Elapsed Time: 0.0.7

-- [1]337:select first(text) as first_result from table_1
STRICT{
first_result(TEXT)      |
------------------------
text1                   |
总数目：1
}

Elapsed Time: 0.0.6

-- [1]338:select first(string) as first_result from table_1
STRICT{
first_result(STRING)      |
--------------------------
string1                   |
总数目：1
}

Elapsed Time: 0.0.7

-- [1]339:select first(date) as first_result from table_1
STRICT{
first_result(DATE)      |
------------------------
2020-01-10              |
总数目：1
}

Elapsed Time: 0.0.7

-- [1]340:select first(timestamp) as first_result from table_1
STRICT{
first_result(TIMESTAMP)      |
-----------------------------
1970-01-01T08:00:00.001+08:00|
总数目：1
}

Elapsed Time: 0.0.6

-- [1]341:select first(blob) as first_result from table_1
STRICT{
first_result(BLOB)      |
------------------------
0x11f8d7                |
总数目：1
}

Elapsed Time: 0.0.7

-- [1]342:select first(int32) as first_result from table_1
STRICT{
first_result(INT32)      |
-------------------------
0                        |
总数目：1
}

Elapsed Time: 0.0.6

-- [1]343:select first(int64) as first_result from table_1
STRICT{
first_result(INT64)      |
-------------------------
1000                     |
总数目：1
}

Elapsed Time: 0.0.5

-- [1]344:select first(float) as first_result from table_1
STRICT{
first_result(FLOAT)      |
-------------------------
1.1                      |
总数目：1
}

Elapsed Time: 0.0.6

-- [1]345:select first(double) as first_result from table_1
STRICT{
first_result(DOUBLE)      |
--------------------------
111.11                    |
总数目：1
}

Elapsed Time: 0.0.7

-- [1]347:select first(timestamp) as result1, last_by(time,device_id) as result2, 	max_by(double,int64) as result3, min_by(int32,time) as result4, 	avg((int32+float)-2) as result5 ,count(double-(int32+1)) as result6  		from table_1 group by time,device_id order by time offset 2 limit 2
STRICT{
result1(TIMESTAMP)      |result2(TIMESTAMP)      |result3(DOUBLE)      |result4(INT32)      |result5(DOUBLE)      |result6(INT64)      |
----------------------------------------------------------------------------------------------------------------------------------
1973-09-14T15:20:00.000+|1970-01-01T08:00:00.003+|333.3                |1                   |4.199999809265137    |1                   |
08:00                   |08:00                   |                     |                    |                     |                    |
----------------------------------------------------------------------------------------------------------------------------------
1970-01-02T08:05:00.000+|1970-01-01T08:00:00.004+|666.66               |2                   |null                 |1                   |
08:00                   |08:00                   |                     |                    |                     |                    |
总数目：2
}

Elapsed Time: 0.0.26
-- [1]353:select first_by() from table_1
STRICT{
SQLSTATE : 701: Aggregate functions [first_by] should only have two or three arguments
}
-- [1]354:select first_by(time) from table_1
STRICT{
SQLSTATE : 701: Aggregate functions [first_by] should only have two or three arguments
}

-- [1]355:select first_by(time,region_id) as first_by_result from table_1
STRICT{
first_by_result(TIMESTAMP)      |
--------------------------------
1970-01-01T08:00:00.001+08:00   |
总数目：1
}

Elapsed Time: 0.0.8

-- [1]356:select first_by(region_id,device_id) as first_by_result from table_1
STRICT{
first_by_result(STRING)      |
-----------------------------
001                          |
总数目：1
}

Elapsed Time: 0.0.7

-- [1]357:select first_by(device_id,model_id) as first_by_result from table_1
STRICT{
first_by_result(STRING)      |
-----------------------------
d1                           |
总数目：1
}

Elapsed Time: 0.0.7

-- [1]358:select first_by(model_id,boolean) as first_by_result from table_1
STRICT{
first_by_result(STRING)      |
-----------------------------
V1                           |
总数目：1
}

Elapsed Time: 0.0.7

-- [1]359:select first_by(boolean,text) as first_by_result from table_1
STRICT{
first_by_result(BOOLEAN)      |
------------------------------
false                         |
总数目：1
}

Elapsed Time: 0.0.8

-- [1]360:select first_by(text,string) as first_by_result from table_1
STRICT{
first_by_result(TEXT)      |
---------------------------
text1                      |
总数目：1
}

Elapsed Time: 0.0.8

-- [1]361:select first_by(string,date) as first_by_result from table_1
STRICT{
first_by_result(STRING)      |
-----------------------------
string1                      |
总数目：1
}

Elapsed Time: 0.0.7

-- [1]362:select first_by(date,timestamp) as first_by_result from table_1
STRICT{
first_by_result(DATE)      |
---------------------------
2020-01-10                 |
总数目：1
}

Elapsed Time: 0.0.7

-- [1]363:select first_by(timestamp,blob) as first_by_result from table_1
STRICT{
first_by_result(TIMESTAMP)      |
--------------------------------
1970-01-01T08:01:40.000+08:00   |
总数目：1
}

Elapsed Time: 0.0.7

-- [1]364:select first_by(blob,int32) as first_by_result from table_1
STRICT{
first_by_result(BLOB)      |
---------------------------
0x11f8d7                   |
总数目：1
}

Elapsed Time: 0.0.8

-- [1]365:select first_by(int32,int64) as first_by_result from table_1
STRICT{
first_by_result(INT32)      |
----------------------------
0                           |
总数目：1
}

Elapsed Time: 0.0.9

-- [1]366:select first_by(int64,float) as first_by_result from table_1
STRICT{
first_by_result(INT64)      |
----------------------------
1000                        |
总数目：1
}

Elapsed Time: 0.0.7

-- [1]367:select first_by(float,double) as first_by_result from table_1
STRICT{
first_by_result(FLOAT)      |
----------------------------
1.1                         |
总数目：1
}

Elapsed Time: 0.0.9

-- [1]368:select first_by(double,time) as first_by_result from table_1
STRICT{
first_by_result(DOUBLE)      |
-----------------------------
111.11                       |
总数目：1
}

Elapsed Time: 0.0.8

-- [1]370:select first_by(boolean,device_id) as result1,last_by(boolean,string) as result2 from table_1 group by time,device_id
STRICT{
result1(BOOLEAN)      |result2(BOOLEAN)      |
--------------------------------------------
false                 |false                 |
--------------------------------------------
true                  |true                  |
--------------------------------------------
true                  |true                  |
--------------------------------------------
true                  |true                  |
--------------------------------------------
true                  |null                  |
--------------------------------------------
false                 |false                 |
--------------------------------------------
false                 |false                 |
--------------------------------------------
false                 |false                 |
--------------------------------------------
true                  |true                  |
--------------------------------------------
true                  |true                  |
总数目：10
}

Elapsed Time: 0.0.13

-- [1]372:select first_by(timestamp,device_id) as result1,last_by(boolean,string) as result2, max_by(double,int64) as result3,  		min_by(int32,time) as result4, avg((int32+float)-2) as result5 ,  		count(double-(int32+1)) as result6,(max(int32)+min(float)-last(double)) as result7   			from table_1 group by time,device_id order by time, device_id offset 1 limit 2
STRICT{
result1(TIMESTAMP)      |result2(BOOLEAN)      |result3(DOUBLE)      |result4(INT32)      |result5(DOUBLE)      |result6(INT64)      |result7(DOUBLE)      |
-----------------------------------------------------------------------------------------------------------------------------------------------------
1970-01-01T12:40:39.200+|true                  |102.2                |111                 |120.0999984741211    |1                   |19.89999847412109    |
08:00                   |                      |                     |                    |                     |                    |                     |
-----------------------------------------------------------------------------------------------------------------------------------------------------
1973-09-14T15:20:00.000+|true                  |333.3                |1                   |4.199999809265137    |1                   |-327.1000001907349   |
08:00                   |                      |                     |                    |                     |                    |                     |
总数目：2
}

Elapsed Time: 0.0.24
-- [1]378:select mode() from table_1
STRICT{
SQLSTATE : 701: Aggregate functions [mode] should only have one argument
}
-- [1]379:select mode(*) from table_1
STRICT{
SQLSTATE : 701: Aggregate functions [mode] should only have one argument
}

-- [1]380:select mode(time) as mode_result from table_1
STRICT{
mode_result(TIMESTAMP)      |
----------------------------
1970-01-01T08:00:00.001+08:0|
0                           |
总数目：1
}

Elapsed Time: 0.0.11

-- [1]381:select mode(region_id) as mode_result from table_1
STRICT{
mode_result(STRING)      |
-------------------------
002                      |
总数目：1
}

Elapsed Time: 0.0.9

-- [1]382:select mode(device_id) as mode_result from table_1
STRICT{
mode_result(STRING)      |
-------------------------
d3                       |
总数目：1
}

Elapsed Time: 0.0.8

-- [1]383:select mode(model_id) as mode_result from table_1
STRICT{
mode_result(STRING)      |
-------------------------
V2                       |
总数目：1
}

Elapsed Time: 0.0.7

-- [1]384:select mode(boolean) as mode_result from table_1
STRICT{
mode_result(BOOLEAN)      |
--------------------------
true                      |
总数目：1
}

Elapsed Time: 0.0.7

-- [1]385:select mode(text) as mode_result from table_1
STRICT{
mode_result(TEXT)      |
-----------------------
text4                  |
总数目：1
}

Elapsed Time: 0.0.8

-- [1]386:select mode(string) as mode_result from table_1
STRICT{
mode_result(STRING)      |
-------------------------
string3                  |
总数目：1
}

Elapsed Time: 0.0.7

-- [1]387:select mode(date) as mode_result from table_1
STRICT{
mode_result(DATE)      |
-----------------------
2023-12-15             |
总数目：1
}

Elapsed Time: 0.0.8

-- [1]388:select mode(timestamp) as mode_result from table_1
STRICT{
mode_result(TIMESTAMP)      |
----------------------------
2013-09-04T01:40:00.000+08:0|
0                           |
总数目：1
}

Elapsed Time: 0.0.8

-- [1]389:select mode(blob) as mode_result from table_1
STRICT{
mode_result(BLOB)      |
-----------------------
0x34                   |
总数目：1
}

Elapsed Time: 0.0.7

-- [1]390:select mode(int32) as mode_result from table_1
STRICT{
mode_result(INT32)      |
------------------------
1                       |
总数目：1
}

Elapsed Time: 0.0.7

-- [1]391:select mode(int64) as mode_result from table_1
STRICT{
mode_result(INT64)      |
------------------------
653                     |
总数目：1
}

Elapsed Time: 0.0.7

-- [1]392:select mode(float) as mode_result from table_1
STRICT{
mode_result(FLOAT)      |
------------------------
2.1                     |
总数目：1
}

Elapsed Time: 0.0.7

-- [1]393:select mode(double) as mode_result from table_1
STRICT{
mode_result(DOUBLE)      |
-------------------------
1111.2                   |
总数目：1
}

Elapsed Time: 0.0.6

-- [1]395:select (mode(int32) + mode(float)) as mul_result, 	   count(*) as count_result, last(boolean) as last_bool, first(double) as first_text 	   		 from table_1 group by time,device_id order by device_id offset 2 limit 3
STRICT{
mul_result(FLOAT)      |count_result(INT64)      |last_bool(BOOLEAN)      |first_text(DOUBLE)      |
------------------------------------------------------------------------------------------------
6.2                    |1                        |true                    |333.3                   |
------------------------------------------------------------------------------------------------
12.1                   |1                        |true                    |155.5                   |
------------------------------------------------------------------------------------------------
15.13                  |1                        |true                    |null                    |
总数目：3
}

Elapsed Time: 0.0.20
-- [1]401:select variance() from table_1
STRICT{
SQLSTATE : 701: Aggregate functions [variance] should only have one argument
}
-- [1]402:select variance(*) from table_1
STRICT{
SQLSTATE : 701: Aggregate functions [variance] should only have one argument
}
-- [1]403:select variance(time) from table_1
STRICT{
SQLSTATE : 701: Aggregate functions [variance] only support numeric data types [INT32, INT64, FLOAT, DOUBLE]
}
-- [1]404:select variance(region_id) from table_1
STRICT{
SQLSTATE : 701: Aggregate functions [variance] only support numeric data types [INT32, INT64, FLOAT, DOUBLE]
}
-- [1]405:select variance(device_id) from table_1
STRICT{
SQLSTATE : 701: Aggregate functions [variance] only support numeric data types [INT32, INT64, FLOAT, DOUBLE]
}
-- [1]406:select variance(model_id) from table_1
STRICT{
SQLSTATE : 701: Aggregate functions [variance] only support numeric data types [INT32, INT64, FLOAT, DOUBLE]
}
-- [1]407:select variance(boolean) from table_1
STRICT{
SQLSTATE : 701: Aggregate functions [variance] only support numeric data types [INT32, INT64, FLOAT, DOUBLE]
}
-- [1]408:select variance(text) from table_1
STRICT{
SQLSTATE : 701: Aggregate functions [variance] only support numeric data types [INT32, INT64, FLOAT, DOUBLE]
}
-- [1]409:select variance(string) from table_1
STRICT{
SQLSTATE : 701: Aggregate functions [variance] only support numeric data types [INT32, INT64, FLOAT, DOUBLE]
}
-- [1]410:select variance(date) from table_1
STRICT{
SQLSTATE : 701: Aggregate functions [variance] only support numeric data types [INT32, INT64, FLOAT, DOUBLE]
}
-- [1]411:select variance(timestamp) from table_1
STRICT{
SQLSTATE : 701: Aggregate functions [variance] only support numeric data types [INT32, INT64, FLOAT, DOUBLE]
}
-- [1]412:select variance(blob) from table_1
STRICT{
SQLSTATE : 701: Aggregate functions [variance] only support numeric data types [INT32, INT64, FLOAT, DOUBLE]
}

-- [1]414:select round(variance(int32),4) as var_result from (select * from table_1 order by time)
STRICT{
var_result(DOUBLE)      |
------------------------
1175.1111               |
总数目：1
}

Elapsed Time: 0.0.12

-- [1]415:select round(variance(int64),4) as var_result from (select * from table_1 order by time)
STRICT{
var_result(DOUBLE)      |
------------------------
86993.4762              |
总数目：1
}

Elapsed Time: 0.0.8

-- [1]416:select round(variance(float),4) as var_result from (select * from table_1 order by time)
STRICT{
var_result(DOUBLE)      |
------------------------
34020.6384              |
总数目：1
}

Elapsed Time: 0.0.8

-- [1]417:select round(variance(double),4) as var_result from (select * from table_1 order by time)
STRICT{
var_result(DOUBLE)      |
------------------------
247284.7084             |
总数目：1
}

Elapsed Time: 0.0.9

-- [1]418:select round(variance(int32),4) as var_result, mode(boolean) as mode_result, count(string) as count_result  	from (select * from table_1 order by time) group by boolean order by var_result
STRICT{
var_result(DOUBLE)      |mode_result(BOOLEAN)      |count_result(INT64)      |
---------------------------------------------------------------------------
20.9167                 |false                     |4                        |
---------------------------------------------------------------------------
1948.5667               |true                      |5                        |
总数目：2
}

Elapsed Time: 0.0.14
-- [1]423:select var_pop() from table_1
STRICT{
SQLSTATE : 701: Aggregate functions [var_pop] should only have one argument
}
-- [1]424:select var_pop(*) from table_1
STRICT{
SQLSTATE : 701: Aggregate functions [var_pop] should only have one argument
}
-- [1]425:select var_pop(time) from table_1
STRICT{
SQLSTATE : 701: Aggregate functions [var_pop] only support numeric data types [INT32, INT64, FLOAT, DOUBLE]
}
-- [1]426:select var_pop(region_id) from table_1
STRICT{
SQLSTATE : 701: Aggregate functions [var_pop] only support numeric data types [INT32, INT64, FLOAT, DOUBLE]
}
-- [1]427:select var_pop(device_id) from table_1
STRICT{
SQLSTATE : 701: Aggregate functions [var_pop] only support numeric data types [INT32, INT64, FLOAT, DOUBLE]
}
-- [1]428:select var_pop(model_id) from table_1
STRICT{
SQLSTATE : 701: Aggregate functions [var_pop] only support numeric data types [INT32, INT64, FLOAT, DOUBLE]
}
-- [1]429:select var_pop(boolean) from table_1
STRICT{
SQLSTATE : 701: Aggregate functions [var_pop] only support numeric data types [INT32, INT64, FLOAT, DOUBLE]
}
-- [1]430:select var_pop(text) from table_1
STRICT{
SQLSTATE : 701: Aggregate functions [var_pop] only support numeric data types [INT32, INT64, FLOAT, DOUBLE]
}
-- [1]431:select var_pop(string) from table_1
STRICT{
SQLSTATE : 701: Aggregate functions [var_pop] only support numeric data types [INT32, INT64, FLOAT, DOUBLE]
}
-- [1]432:select var_pop(date) from table_1
STRICT{
SQLSTATE : 701: Aggregate functions [var_pop] only support numeric data types [INT32, INT64, FLOAT, DOUBLE]
}
-- [1]433:select var_pop(timestamp) from table_1
STRICT{
SQLSTATE : 701: Aggregate functions [var_pop] only support numeric data types [INT32, INT64, FLOAT, DOUBLE]
}
-- [1]434:select var_pop(blob) from table_1
STRICT{
SQLSTATE : 701: Aggregate functions [var_pop] only support numeric data types [INT32, INT64, FLOAT, DOUBLE]
}

-- [1]436:select var_pop(int32) as var_pop_result from (select * from table_1 order by time) order by var_pop_result
STRICT{
var_pop_result(DOUBLE)      |
----------------------------
1057.6                      |
总数目：1
}

Elapsed Time: 0.0.9

-- [1]437:select var_pop(int64) as var_pop_result from table_1
STRICT{
var_pop_result(DOUBLE)      |
----------------------------
74565.83673469388           |
总数目：1
}

Elapsed Time: 0.0.32

-- [1]438:select round(var_pop(float),4) as var_pop_result from table_1 order by var_pop_result
STRICT{
var_pop_result(DOUBLE)      |
----------------------------
30240.5674                  |
总数目：1
}

Elapsed Time: 0.0.8

-- [1]439:select var_pop(double) as var_pop_result from table_1
STRICT{
var_pop_result(DOUBLE)      |
----------------------------
219808.62968395062          |
总数目：1
}

Elapsed Time: 0.0.6

-- [1]440:select round(var_pop(int32),12) as var_pop_result, mode(blob) as mode_result, count(timestamp) as count_result  	from (select * from table_1 order by time) group by model_id
STRICT{
var_pop_result(DOUBLE)      |mode_result(BLOB)      |count_result(INT64)      |
----------------------------------------------------------------------------
0.0                         |0x11f8d7               |1                        |
----------------------------------------------------------------------------
2255.1875                   |0x3b                   |4                        |
----------------------------------------------------------------------------
16.0                        |0x34                   |2                        |
----------------------------------------------------------------------------
0.0                         |0x34                   |1                        |
----------------------------------------------------------------------------
20.25                       |0x6728                 |1                        |
总数目：5
}

Elapsed Time: 0.0.9
-- [1]445:select var_samp() from table_1
STRICT{
SQLSTATE : 701: Aggregate functions [var_samp] should only have one argument
}
-- [1]446:select var_samp(*) from table_1
STRICT{
SQLSTATE : 701: Aggregate functions [var_samp] should only have one argument
}
-- [1]447:select var_samp(time) from table_1
STRICT{
SQLSTATE : 701: Aggregate functions [var_samp] only support numeric data types [INT32, INT64, FLOAT, DOUBLE]
}
-- [1]448:select var_samp(region_id) from table_1
STRICT{
SQLSTATE : 701: Aggregate functions [var_samp] only support numeric data types [INT32, INT64, FLOAT, DOUBLE]
}
-- [1]449:select var_samp(device_id) from table_1
STRICT{
SQLSTATE : 701: Aggregate functions [var_samp] only support numeric data types [INT32, INT64, FLOAT, DOUBLE]
}
-- [1]450:select var_samp(model_id) from table_1
STRICT{
SQLSTATE : 701: Aggregate functions [var_samp] only support numeric data types [INT32, INT64, FLOAT, DOUBLE]
}
-- [1]451:select var_samp(boolean) from table_1
STRICT{
SQLSTATE : 701: Aggregate functions [var_samp] only support numeric data types [INT32, INT64, FLOAT, DOUBLE]
}
-- [1]452:select var_samp(text) from table_1
STRICT{
SQLSTATE : 701: Aggregate functions [var_samp] only support numeric data types [INT32, INT64, FLOAT, DOUBLE]
}
-- [1]453:select var_samp(string) from table_1
STRICT{
SQLSTATE : 701: Aggregate functions [var_samp] only support numeric data types [INT32, INT64, FLOAT, DOUBLE]
}
-- [1]454:select var_samp(date) from table_1
STRICT{
SQLSTATE : 701: Aggregate functions [var_samp] only support numeric data types [INT32, INT64, FLOAT, DOUBLE]
}
-- [1]455:select var_samp(timestamp) from table_1
STRICT{
SQLSTATE : 701: Aggregate functions [var_samp] only support numeric data types [INT32, INT64, FLOAT, DOUBLE]
}
-- [1]456:select var_samp(blob) from table_1
STRICT{
SQLSTATE : 701: Aggregate functions [var_samp] only support numeric data types [INT32, INT64, FLOAT, DOUBLE]
}

-- [1]458:select round(var_samp(int32),12) as var_samp_result from table_1
STRICT{
var_samp_result(DOUBLE)      |
-----------------------------
1175.111111111111            |
总数目：1
}

Elapsed Time: 0.0.9

-- [1]459:select round(var_samp(int64),4) as var_samp_result from table_1 order by var_samp_result
STRICT{
var_samp_result(DOUBLE)      |
-----------------------------
86993.4762                   |
总数目：1
}

Elapsed Time: 0.0.8

-- [1]460:select round(var_samp(float),4) as var_samp_result from table_1 order by var_samp_result
STRICT{
var_samp_result(DOUBLE)      |
-----------------------------
34020.6384                   |
总数目：1
}

Elapsed Time: 0.0.7

-- [1]461:select var_samp(double) as var_samp_result from table_1
STRICT{
var_samp_result(DOUBLE)      |
-----------------------------
247284.70839444446           |
总数目：1
}

Elapsed Time: 0.0.4

-- [1]462:select round((var_samp(int32)+var_pop(float)-variance(double)),4) as total_result, 	mode(blob) as mode_result, count(timestamp) as count_result, 	first(text) as first_result  	from table_1 group by model_id
STRICT{
total_result(DOUBLE)      |mode_result(BLOB)      |count_result(INT64)      |first_result(TEXT)      |
--------------------------------------------------------------------------------------------------
null                      |0x11f8d7               |1                        |text1                   |
--------------------------------------------------------------------------------------------------
-311935.9007              |0x3b                   |4                        |text2                   |
--------------------------------------------------------------------------------------------------
77482.89                  |0x34                   |2                        |text4                   |
--------------------------------------------------------------------------------------------------
null                      |0x34                   |1                        |text2                   |
--------------------------------------------------------------------------------------------------
-15763.5175               |0x6728                 |1                        |text2                   |
总数目：5
}

Elapsed Time: 0.0.9
-- [1]469:select stddev() from table_1
STRICT{
SQLSTATE : 701: Aggregate functions [stddev] should only have one argument
}
-- [1]470:select stddev(*) from table_1
STRICT{
SQLSTATE : 701: Aggregate functions [stddev] should only have one argument
}
-- [1]471:select stddev(time) from table_1
STRICT{
SQLSTATE : 701: Aggregate functions [stddev] only support numeric data types [INT32, INT64, FLOAT, DOUBLE]
}
-- [1]472:select stddev(region_id) from table_1
STRICT{
SQLSTATE : 701: Aggregate functions [stddev] only support numeric data types [INT32, INT64, FLOAT, DOUBLE]
}
-- [1]473:select stddev(device_id) from table_1
STRICT{
SQLSTATE : 701: Aggregate functions [stddev] only support numeric data types [INT32, INT64, FLOAT, DOUBLE]
}
-- [1]474:select stddev(model_id) from table_1
STRICT{
SQLSTATE : 701: Aggregate functions [stddev] only support numeric data types [INT32, INT64, FLOAT, DOUBLE]
}
-- [1]475:select stddev(boolean) from table_1
STRICT{
SQLSTATE : 701: Aggregate functions [stddev] only support numeric data types [INT32, INT64, FLOAT, DOUBLE]
}
-- [1]476:select stddev(text) from table_1
STRICT{
SQLSTATE : 701: Aggregate functions [stddev] only support numeric data types [INT32, INT64, FLOAT, DOUBLE]
}
-- [1]477:select stddev(string) from table_1
STRICT{
SQLSTATE : 701: Aggregate functions [stddev] only support numeric data types [INT32, INT64, FLOAT, DOUBLE]
}
-- [1]478:select stddev(date) from table_1
STRICT{
SQLSTATE : 701: Aggregate functions [stddev] only support numeric data types [INT32, INT64, FLOAT, DOUBLE]
}
-- [1]479:select stddev(timestamp) from table_1
STRICT{
SQLSTATE : 701: Aggregate functions [stddev] only support numeric data types [INT32, INT64, FLOAT, DOUBLE]
}
-- [1]480:select stddev(blob) from table_1
STRICT{
SQLSTATE : 701: Aggregate functions [stddev] only support numeric data types [INT32, INT64, FLOAT, DOUBLE]
}

-- [1]482:select stddev(int32) as stddev_result from table_1
STRICT{
stddev_result(DOUBLE)      |
---------------------------
34.27989368581984          |
总数目：1
}

Elapsed Time: 0.0.6

-- [1]483:select stddev(int64) as stddev_result from table_1
STRICT{
stddev_result(DOUBLE)      |
---------------------------
294.94656497487165         |
总数目：1
}

Elapsed Time: 0.0.6

-- [1]484:select round(stddev(float),12) as stddev_result from table_1
STRICT{
stddev_result(DOUBLE)      |
---------------------------
184.446844253109           |
总数目：1
}

Elapsed Time: 0.0.7

-- [1]485:select stddev(double) as stddev_result from table_1
STRICT{
stddev_result(DOUBLE)      |
---------------------------
497.2772952734163          |
总数目：1
}

Elapsed Time: 0.0.5

-- [1]486:select (stddev(int64)+var_pop(float)-variance(double)-var_samp(int32)-1.1) as total_result, 	mode(blob) as mode_result, count(timestamp) as count_result, 	last(boolean) as first_result  	from table_1 group by model_id
STRICT{
total_result(DOUBLE)      |mode_result(BLOB)      |count_result(INT64)      |first_result(BOOLEAN)      |
-----------------------------------------------------------------------------------------------------
null                      |0x11f8d7               |1                        |false                      |
-----------------------------------------------------------------------------------------------------
-317743.7945567283        |0x3b                   |4                        |false                      |
-----------------------------------------------------------------------------------------------------
null                      |0x34                   |2                        |true                       |
-----------------------------------------------------------------------------------------------------
null                      |0x34                   |1                        |true                       |
-----------------------------------------------------------------------------------------------------
null                      |0x6728                 |1                        |true                       |
总数目：5
}

Elapsed Time: 0.0.10
-- [1]493:select stddev_pop() from table_1
STRICT{
SQLSTATE : 701: Aggregate functions [stddev_pop] should only have one argument
}
-- [1]494:select stddev_pop(*) from table_1
STRICT{
SQLSTATE : 701: Aggregate functions [stddev_pop] should only have one argument
}
-- [1]495:select stddev_pop(time) from table_1
STRICT{
SQLSTATE : 701: Aggregate functions [stddev_pop] only support numeric data types [INT32, INT64, FLOAT, DOUBLE]
}
-- [1]496:select stddev_pop(region_id) from table_1
STRICT{
SQLSTATE : 701: Aggregate functions [stddev_pop] only support numeric data types [INT32, INT64, FLOAT, DOUBLE]
}
-- [1]497:select stddev_pop(device_id) from table_1
STRICT{
SQLSTATE : 701: Aggregate functions [stddev_pop] only support numeric data types [INT32, INT64, FLOAT, DOUBLE]
}
-- [1]498:select stddev_pop(model_id) from table_1
STRICT{
SQLSTATE : 701: Aggregate functions [stddev_pop] only support numeric data types [INT32, INT64, FLOAT, DOUBLE]
}
-- [1]499:select stddev_pop(boolean) from table_1
STRICT{
SQLSTATE : 701: Aggregate functions [stddev_pop] only support numeric data types [INT32, INT64, FLOAT, DOUBLE]
}
-- [1]500:select stddev_pop(text) from table_1
STRICT{
SQLSTATE : 701: Aggregate functions [stddev_pop] only support numeric data types [INT32, INT64, FLOAT, DOUBLE]
}
-- [1]501:select stddev_pop(string) from table_1
STRICT{
SQLSTATE : 701: Aggregate functions [stddev_pop] only support numeric data types [INT32, INT64, FLOAT, DOUBLE]
}
-- [1]502:select stddev_pop(date) from table_1
STRICT{
SQLSTATE : 701: Aggregate functions [stddev_pop] only support numeric data types [INT32, INT64, FLOAT, DOUBLE]
}
-- [1]503:select stddev_pop(timestamp) from table_1
STRICT{
SQLSTATE : 701: Aggregate functions [stddev_pop] only support numeric data types [INT32, INT64, FLOAT, DOUBLE]
}
-- [1]504:select stddev_pop(blob) from table_1
STRICT{
SQLSTATE : 701: Aggregate functions [stddev_pop] only support numeric data types [INT32, INT64, FLOAT, DOUBLE]
}

-- [1]506:select stddev_pop(int32) as stddev_pop_result from table_1
STRICT{
stddev_pop_result(DOUBLE)      |
-------------------------------
32.52076259868455              |
总数目：1
}

Elapsed Time: 0.0.6

-- [1]507:select stddev_pop(int64) as stddev_pop_result from table_1
STRICT{
stddev_pop_result(DOUBLE)      |
-------------------------------
273.067458212607               |
总数目：1
}

Elapsed Time: 0.0.6

-- [1]508:select round(stddev_pop(float),12) as stddev_pop_result from table_1
STRICT{
stddev_pop_result(DOUBLE)      |
-------------------------------
173.89815245311                |
总数目：1
}

Elapsed Time: 0.0.7

-- [1]509:select stddev_pop(double) as stddev_pop_result from table_1
STRICT{
stddev_pop_result(DOUBLE)      |
-------------------------------
468.83753015725034             |
总数目：1
}

Elapsed Time: 0.0.6

-- [1]510:select (stddev_pop(int64)+ stddev(int64)-var_pop(float)-variance(double)-var_samp(int32)*2) as total_result, 	mode(text) as mode_result, count(string) as count_result, 	last(boolean) as first_result  	from table_1 group by model_id
STRICT{
total_result(DOUBLE)      |mode_result(TEXT)      |count_result(INT64)      |first_result(BOOLEAN)      |
-----------------------------------------------------------------------------------------------------
null                      |text1                  |1                        |false                      |
-----------------------------------------------------------------------------------------------------
-320744.84867712006       |text3                  |4                        |false                      |
-----------------------------------------------------------------------------------------------------
null                      |text4                  |2                        |true                       |
-----------------------------------------------------------------------------------------------------
null                      |text2                  |1                        |true                       |
-----------------------------------------------------------------------------------------------------
null                      |text4                  |1                        |true                       |
总数目：5
}

Elapsed Time: 0.0.10
-- [1]517:select stddev_samp() from table_1
STRICT{
SQLSTATE : 701: Aggregate functions [stddev_samp] should only have one argument
}
-- [1]518:select stddev_samp(*) from table_1
STRICT{
SQLSTATE : 701: Aggregate functions [stddev_samp] should only have one argument
}
-- [1]519:select stddev_samp(time) from table_1
STRICT{
SQLSTATE : 701: Aggregate functions [stddev_samp] only support numeric data types [INT32, INT64, FLOAT, DOUBLE]
}
-- [1]520:select stddev_samp(region_id) from table_1
STRICT{
SQLSTATE : 701: Aggregate functions [stddev_samp] only support numeric data types [INT32, INT64, FLOAT, DOUBLE]
}
-- [1]521:select stddev_samp(device_id) from table_1
STRICT{
SQLSTATE : 701: Aggregate functions [stddev_samp] only support numeric data types [INT32, INT64, FLOAT, DOUBLE]
}
-- [1]522:select stddev_samp(model_id) from table_1
STRICT{
SQLSTATE : 701: Aggregate functions [stddev_samp] only support numeric data types [INT32, INT64, FLOAT, DOUBLE]
}
-- [1]523:select stddev_samp(boolean) from table_1
STRICT{
SQLSTATE : 701: Aggregate functions [stddev_samp] only support numeric data types [INT32, INT64, FLOAT, DOUBLE]
}
-- [1]524:select stddev_samp(text) from table_1
STRICT{
SQLSTATE : 701: Aggregate functions [stddev_samp] only support numeric data types [INT32, INT64, FLOAT, DOUBLE]
}
-- [1]525:select stddev_samp(string) from table_1
STRICT{
SQLSTATE : 701: Aggregate functions [stddev_samp] only support numeric data types [INT32, INT64, FLOAT, DOUBLE]
}
-- [1]526:select stddev_samp(date) from table_1
STRICT{
SQLSTATE : 701: Aggregate functions [stddev_samp] only support numeric data types [INT32, INT64, FLOAT, DOUBLE]
}
-- [1]527:select stddev_samp(timestamp) from table_1
STRICT{
SQLSTATE : 701: Aggregate functions [stddev_samp] only support numeric data types [INT32, INT64, FLOAT, DOUBLE]
}
-- [1]528:select stddev_samp(blob) from table_1
STRICT{
SQLSTATE : 701: Aggregate functions [stddev_samp] only support numeric data types [INT32, INT64, FLOAT, DOUBLE]
}

-- [1]530:select stddev_samp(int32) as stddev_samp_result from table_1
STRICT{
stddev_samp_result(DOUBLE)      |
--------------------------------
34.27989368581984               |
总数目：1
}

Elapsed Time: 0.0.7

-- [1]531:select stddev_samp(int64) as stddev_samp_result from table_1
STRICT{
stddev_samp_result(DOUBLE)      |
--------------------------------
294.94656497487165              |
总数目：1
}

Elapsed Time: 0.0.6

-- [1]532:select round(stddev_samp(float),12) as stddev_samp_result from table_1
STRICT{
stddev_samp_result(DOUBLE)      |
--------------------------------
184.446844253109                |
总数目：1
}

Elapsed Time: 0.0.7

-- [1]533:select stddev_samp(double) as stddev_samp_result from table_1
STRICT{
stddev_samp_result(DOUBLE)      |
--------------------------------
497.2772952734163               |
总数目：1
}

Elapsed Time: 0.0.5

-- [1]534:select (stddev_samp(double)-stddev_samp(int64)+ stddev(int64)-var_pop(float)-variance(double)-var_samp(int32))  	as total_result, 	mode(date) as mode_result, count(boolean) as count_result, 	last(string) as first_result  	from table_1 group by model_id
STRICT{
total_result(DOUBLE)      |mode_result(DATE)      |count_result(INT64)      |first_result(STRING)      |
----------------------------------------------------------------------------------------------------
null                      |2020-01-10             |1                        |string1                   |
----------------------------------------------------------------------------------------------------
-317552.7476178765        |2022-06-11             |4                        |string3                   |
----------------------------------------------------------------------------------------------------
null                      |2023-12-15             |2                        |string4                   |
----------------------------------------------------------------------------------------------------
null                      |null                   |1                        |string5                   |
----------------------------------------------------------------------------------------------------
null                      |2021-12-20             |2                        |string2                   |
总数目：5
}

Elapsed Time: 0.0.10
