-- [1]10:create database test_db
STRICT{
PASS
}
-- [1]13:use test_db
STRICT{
PASS
}
-- [1]18:create table Table_A ( 	device_id STRING TAG, 	color STRING ATTRIBUTE, 	s0 BOOLEAN FIELD, 	s1 TEXT FIELD, 	s2 INT32 FIELD, 	s3 INT64 FIELD, 	s4 FLOAT FIELD, 	s5 DOUBLE FIELD, 	s6 BOOLEAN FIELD, 	s7 DATE FIELD, 	s8 TIMESTAMP FIELD, 	s9 STRING FIELD, 	s10 BLOB FIELD )
STRICT{
PASS
}

-- [1]34:show tables
STRICT{
TableName(TEXT)      |TTL(ms)(TEXT)      |
----------------------------------------
table_a              |INF                |
总数目：1
}

Elapsed Time: 0.0.0
-- [1]37:desc Table_A
STRICT{
ColumnName(TEXT)      |DataType(TEXT)      |Category(TEXT)      |
--------------------------------------------------------------
time                  |TIMESTAMP           |TIME                |
--------------------------------------------------------------
device_id             |STRING              |TAG                 |
--------------------------------------------------------------
color                 |STRING              |ATTRIBUTE           |
--------------------------------------------------------------
s0                    |BOOLEAN             |FIELD               |
--------------------------------------------------------------
s1                    |TEXT                |FIELD               |
--------------------------------------------------------------
s2                    |INT32               |FIELD               |
--------------------------------------------------------------
s3                    |INT64               |FIELD               |
--------------------------------------------------------------
s4                    |FLOAT               |FIELD               |
--------------------------------------------------------------
s5                    |DOUBLE              |FIELD               |
--------------------------------------------------------------
s6                    |BOOLEAN             |FIELD               |
--------------------------------------------------------------
s7                    |DATE                |FIELD               |
--------------------------------------------------------------
s8                    |TIMESTAMP           |FIELD               |
--------------------------------------------------------------
s9                    |STRING              |FIELD               |
--------------------------------------------------------------
s10                   |BLOB                |FIELD               |
总数目：14
}
-- [1]44:INSERT INTO Table_A( time, device_id, color, s0, s1, s2, s3, s4, s5, s6, s7, s8, s9, s10 ) values( 1, 'd1', 'red', false, 'v1', 10, 100, 11.1, 8.8, true, '2021-10-01', 1633046400000, 'abcd', X'abcd' )
STRICT{
0
}

Elapsed Time: 0.2.37
-- [1]49:INSERT INTO Table_A( time, device_id, color, s0, s1, s2, s3, s4, s5, s6, s7, s8, s9, s10 ) values( 2, 'd1', 'red', true, 'v2', 5, 121, 222.1, 12.2, false, '2022-10-01', 1724049989000, 'ertbsad', X'24ad' )
STRICT{
0
}

Elapsed Time: 0.0.5
-- [1]54:INSERT INTO Table_A( time, device_id, color, s0, s1, s2, s3, s4, s5, s6, s7, s8, s9, s10 ) values( 3, 'd1', 'yellow', true, 'v3', 13, 250, 1.1, 333.3, true, '2023-11-01', 1704046789000, 'zsefr345Der', X'a2cd' )
STRICT{
0
}

Elapsed Time: 0.0.4
-- [1]59:INSERT INTO Table_A( time, device_id, color, s0, s1, s2, s3, s4, s5, s6, s7, s8, s9, s10 ) values( 4, 'd1', 'green', false, 'v2', 4, 6, 21.1, 44.2, false, '2023-09-01', 1703047789000, 'sdf', X'24' )
STRICT{
0
}

Elapsed Time: 0.0.4
-- [1]64:INSERT INTO Table_A( time, device_id, color, s0, s1, s2, s3, s4, s5, s6, s7, s8, s9, s10 ) values( 5, 'd1', 'white', false, 'v1', 122, 110, 2.2, 9.9, false, '2022-11-01', 1701047739000, 'cfghesdgfaase', X'cd' )
STRICT{
0
}

Elapsed Time: 0.0.3
-- [1]69:INSERT INTO Table_A( time, device_id, color, s0, s1, s2, s3, s4, s5, s6, s7, s8, s9, s10 ) values( 6, 'd1', 'orange', false, 'v3', 8, 999, 123.1, 0.101, true, '2002-01-01', 1724049989000, 'ert', X'4d' )
STRICT{
0
}

Elapsed Time: 0.0.3
-- [1]74:INSERT INTO Table_A( time, device_id, color, s0, s1, s2, s3, s4, s5, s6, s7, s8, s9, s10 ) values( 7, 'd2', 'blue', true, 'v1', 0, 110, 22.2, 1.8, true, '2023-06-01', 1643046400000, 'test111', X'ac'  )
STRICT{
0
}

Elapsed Time: 0.0.62
-- [1]79:INSERT INTO Table_A( time, device_id, color, s0, s1, s2, s3, s4, s5, s6, s7, s8, s9, s10 ) values( 8, 'd2', 'purple', true, 'v3', 555, 1001, 202.1, 1.2, false, '2002-10-01', 1653046400000, 'ioep11', X'abcdef' )
STRICT{
0
}

Elapsed Time: 0.0.7
-- [1]84:INSERT INTO Table_A( time, device_id, color, s0, s1, s2, s3, s4, s5, s6, s7, s8, s9, s10 ) values( 9, 'd2', 'blue', false, 'v1', 1110, 888, 10.1, 11.1, true, '2023-11-11', 1699685189000, 'ueu', X'ce' )
STRICT{
0
}

Elapsed Time: 0.0.4
-- [1]89:INSERT INTO Table_A( time, device_id, color, s0, s1, s2, s3, s4, s5, s6, s7, s8, s9, s10 ) values( 10, 'd2', 'red', false, 'v2', 111, 222, 22.5, 13.3, true, '2020-10-11', 1702277189000, 'sad', X'ae' )
STRICT{
0
}

Elapsed Time: 0.0.3
-- [1]94:INSERT INTO Table_A( time, device_id, color, s0, s1, s2, s3, s4, s5, s6, s7, s8, s9, s10 ) values( 11, 'd2', 'red', null, 'v2', 111, 20, 2, 11.3, true, null, 1702277189000, 'sad', X'ae' )
STRICT{
0
}

Elapsed Time: 0.0.1
-- [1]99:INSERT INTO Table_A( time, device_id, color, s0, s1, s2, s3, s4, s5, s6, s7, s8, s9, s10 ) values( 12, 'd2', 'null', true, 'v2', null, 22, 2.5, 13.3, true, null, 1702277189000, 'sad', X'ae' )
STRICT{
0
}

Elapsed Time: 0.0.3

-- [1]102:select * from Table_A order by time
STRICT{
time(TIMESTAMP)      |device_id(STRING)      |color(STRING)      |s0(BOOLEAN)      |s1(TEXT)      |s2(INT32)      |s3(INT64)      |s4(FLOAT)      |s5(DOUBLE)      |s6(BOOLEAN)      |s7(DATE)      |s8(TIMESTAMP)      |s9(STRING)      |s10(BLOB)      |
--------------------------------------------------------------------------------------------------------------------------------------------------------------------------------------------------------------------------------------------
1970-01-01T08:00:00.0|d1                     |orange             |false            |v1            |10             |100            |11.1           |8.8             |true             |2021-10-01    |2021-10-01T08:00:00|abcd            |0xabcd         |
01+08:00             |                       |                   |                 |              |               |               |               |                |                 |              |.000+08:00         |                |               |
--------------------------------------------------------------------------------------------------------------------------------------------------------------------------------------------------------------------------------------------
1970-01-01T08:00:00.0|d1                     |orange             |true             |v2            |5              |121            |222.1          |12.2            |false            |2022-10-01    |2024-08-19T14:46:29|ertbsad         |0x24ad         |
02+08:00             |                       |                   |                 |              |               |               |               |                |                 |              |.000+08:00         |                |               |
--------------------------------------------------------------------------------------------------------------------------------------------------------------------------------------------------------------------------------------------
1970-01-01T08:00:00.0|d1                     |orange             |true             |v3            |13             |250            |1.1            |333.3           |true             |2023-11-01    |2024-01-01T02:19:49|zsefr345Der     |0xa2cd         |
03+08:00             |                       |                   |                 |              |               |               |               |                |                 |              |.000+08:00         |                |               |
--------------------------------------------------------------------------------------------------------------------------------------------------------------------------------------------------------------------------------------------
1970-01-01T08:00:00.0|d1                     |orange             |false            |v2            |4              |6              |21.1           |44.2            |false            |2023-09-01    |2023-12-20T12:49:49|sdf             |0x24           |
04+08:00             |                       |                   |                 |              |               |               |               |                |                 |              |.000+08:00         |                |               |
--------------------------------------------------------------------------------------------------------------------------------------------------------------------------------------------------------------------------------------------
1970-01-01T08:00:00.0|d1                     |orange             |false            |v1            |122            |110            |2.2            |9.9             |false            |2022-11-01    |2023-11-27T09:15:39|cfghesdgfaase   |0xcd           |
05+08:00             |                       |                   |                 |              |               |               |               |                |                 |              |.000+08:00         |                |               |
--------------------------------------------------------------------------------------------------------------------------------------------------------------------------------------------------------------------------------------------
1970-01-01T08:00:00.0|d1                     |orange             |false            |v3            |8              |999            |123.1          |0.101           |true             |2002-01-01    |2024-08-19T14:46:29|ert             |0x4d           |
06+08:00             |                       |                   |                 |              |               |               |               |                |                 |              |.000+08:00         |                |               |
--------------------------------------------------------------------------------------------------------------------------------------------------------------------------------------------------------------------------------------------
1970-01-01T08:00:00.0|d2                     |null               |true             |v1            |0              |110            |22.2           |1.8             |true             |2023-06-01    |2022-01-25T01:46:40|test111         |0xac           |
07+08:00             |                       |                   |                 |              |               |               |               |                |                 |              |.000+08:00         |                |               |
--------------------------------------------------------------------------------------------------------------------------------------------------------------------------------------------------------------------------------------------
1970-01-01T08:00:00.0|d2                     |null               |true             |v3            |555            |1001           |202.1          |1.2             |false            |2002-10-01    |2022-05-20T19:33:20|ioep11          |0xabcdef       |
08+08:00             |                       |                   |                 |              |               |               |               |                |                 |              |.000+08:00         |                |               |
--------------------------------------------------------------------------------------------------------------------------------------------------------------------------------------------------------------------------------------------
1970-01-01T08:00:00.0|d2                     |null               |false            |v1            |1110           |888            |10.1           |11.1            |true             |2023-11-11    |2023-11-11T14:46:29|ueu             |0xce           |
09+08:00             |                       |                   |                 |              |               |               |               |                |                 |              |.000+08:00         |                |               |
--------------------------------------------------------------------------------------------------------------------------------------------------------------------------------------------------------------------------------------------
1970-01-01T08:00:00.0|d2                     |null               |false            |v2            |111            |222            |22.5           |13.3            |true             |2020-10-11    |2023-12-11T14:46:29|sad             |0xae           |
10+08:00             |                       |                   |                 |              |               |               |               |                |                 |              |.000+08:00         |                |               |
--------------------------------------------------------------------------------------------------------------------------------------------------------------------------------------------------------------------------------------------
1970-01-01T08:00:00.0|d2                     |null               |null             |v2            |111            |20             |2.0            |11.3            |true             |null          |2023-12-11T14:46:29|sad             |0xae           |
11+08:00             |                       |                   |                 |              |               |               |               |                |                 |              |.000+08:00         |                |               |
--------------------------------------------------------------------------------------------------------------------------------------------------------------------------------------------------------------------------------------------
1970-01-01T08:00:00.0|d2                     |null               |true             |v2            |null           |22             |2.5            |13.3            |true             |null          |2023-12-11T14:46:29|sad             |0xae           |
12+08:00             |                       |                   |                 |              |               |               |               |                |                 |              |.000+08:00         |                |               |
总数目：12
}

Elapsed Time: 0.0.9
-- [1]106:select s0, s0 <> 'false' from table_a
STRICT{
SQLSTATE : 701: Cannot apply operator: BOOLEAN = STRING
}
-- [1]107:select s0, s0 <= 1 from table_a
STRICT{
SQLSTATE : 701: Cannot apply operator: BOOLEAN <= INT32
}
-- [1]108:select s0, s2, s0 > s2 from table_a
STRICT{
SQLSTATE : 701: Cannot apply operator: BOOLEAN < INT32
}
-- [1]109:select s1, s2, s1 < s2 from table_a
STRICT{
SQLSTATE : 701: Cannot apply operator: TEXT < INT32
}
-- [1]110:select s1, s1 <> 10 from table_a
STRICT{
SQLSTATE : 701: Cannot apply operator: TEXT = INT32
}
-- [1]111:select s1, s1 <> false from table_a
STRICT{
SQLSTATE : 701: Cannot apply operator: TEXT = BOOLEAN
}
-- [1]112:select s1, s8, s1 > s8 from table_a
STRICT{
SQLSTATE : 701: Cannot apply operator: TEXT < TIMESTAMP
}
-- [1]113:select s2, s2 != true from table_a
STRICT{
SQLSTATE : 701: Cannot apply operator: INT32 = BOOLEAN
}
-- [1]114:select s2, s2 <> '100' from table_a
STRICT{
SQLSTATE : 701: Cannot apply operator: INT32 = STRING
}
-- [1]115:select s2, s6, s6 = s2 from table_a
STRICT{
SQLSTATE : 701: Cannot apply operator: BOOLEAN = INT32
}
-- [1]116:select s2, s7, s7 != s2 from table_a
STRICT{
SQLSTATE : 701: Cannot apply operator: DATE = INT32
}
-- [1]117:select s2, s9, s9 < s2 from table_a
STRICT{
SQLSTATE : 701: Cannot apply operator: STRING < INT32
}
-- [1]118:select s2, s10, s10 <> s2 from table_a
STRICT{
SQLSTATE : 701: Cannot apply operator: BLOB = INT32
}
-- [1]119:select s3, s6, s3 < s6 from table_a
STRICT{
SQLSTATE : 701: Cannot apply operator: INT64 < BOOLEAN
}
-- [1]120:select s3, s7, s3 < s7 from table_a
STRICT{
SQLSTATE : 701: Cannot apply operator: INT64 < DATE
}
-- [1]121:select s3, s9, s3 > s9 from table_a
STRICT{
SQLSTATE : 701: Cannot apply operator: INT64 < STRING
}
-- [1]122:select s3, s10, s3 <> s10 from table_a
STRICT{
SQLSTATE : 701: Cannot apply operator: INT64 = BLOB
}
-- [1]123:select s4, s6, s4 > s6 from table_a
STRICT{
SQLSTATE : 701: Cannot apply operator: FLOAT < BOOLEAN
}
-- [1]124:select s4, s7, s4 > s7 from table_a
STRICT{
SQLSTATE : 701: Cannot apply operator: FLOAT < DATE
}
-- [1]125:select s4, s9, s4 <> s9 from table_a
STRICT{
SQLSTATE : 701: Cannot apply operator: FLOAT = STRING
}
-- [1]126:select s4, s10, s4 != s10 from table_a
STRICT{
SQLSTATE : 701: Cannot apply operator: FLOAT = BLOB
}
-- [1]127:select s4, s4 <> '111' from table_a
STRICT{
SQLSTATE : 701: Cannot apply operator: FLOAT = STRING
}
-- [1]128:select s5, s6, s5 < s6 from table_a
STRICT{
SQLSTATE : 701: Cannot apply operator: DOUBLE < BOOLEAN
}
-- [1]129:select s5, s7, s5 < s7 from table_a
STRICT{
SQLSTATE : 701: Cannot apply operator: DOUBLE < DATE
}
-- [1]130:select s5, s9, s5 < s9 from table_a
STRICT{
SQLSTATE : 701: Cannot apply operator: DOUBLE < STRING
}
-- [1]131:select s5, s10, s5 < s10 from table_a
STRICT{
SQLSTATE : 701: Cannot apply operator: DOUBLE < BLOB
}
-- [1]132:select s5, s5 > '1' from table_a
STRICT{
SQLSTATE : 701: Cannot apply operator: DOUBLE < STRING
}
-- [1]133:select s5, s5 > true from table_a
STRICT{
SQLSTATE : 701: Cannot apply operator: DOUBLE < BOOLEAN
}
-- [1]134:select s6, s7, s6 > s7 from table_a
STRICT{
SQLSTATE : 701: Cannot apply operator: BOOLEAN < DATE
}
-- [1]135:select s6, s8, s6 > s8 from table_a
STRICT{
SQLSTATE : 701: Cannot apply operator: BOOLEAN < TIMESTAMP
}
-- [1]136:select s6, s9, s6 > s9 from table_a
STRICT{
SQLSTATE : 701: Cannot apply operator: BOOLEAN < STRING
}
-- [1]137:select s6, s10, s6 > s10 from table_a
STRICT{
SQLSTATE : 701: Cannot apply operator: BOOLEAN < BLOB
}
-- [1]138:select s6, s6 <= false from table_a
STRICT{
SQLSTATE : 301: Unsupported Type
}
-- [1]139:select s6, s6 != 'false' from table_a
STRICT{
SQLSTATE : 701: Cannot apply operator: BOOLEAN = STRING
}
-- [1]140:select s7, s8, s7 > s8 from table_a
STRICT{
SQLSTATE : 701: Cannot apply operator: DATE < TIMESTAMP
}
-- [1]141:select s7, s9, s7 > s9 from table_a
STRICT{
SQLSTATE : 701: Cannot apply operator: DATE < STRING
}
-- [1]142:select s7, s10, s7 > s10 from table_a
STRICT{
SQLSTATE : 701: Cannot apply operator: DATE < BLOB
}
-- [1]143:select s7, s7 < '2022-12-12' from table_a
STRICT{
SQLSTATE : 701: Cannot apply operator: DATE < STRING
}
-- [1]144:select s7, s7 < 2022-12-12 from table_a
STRICT{
SQLSTATE : 701: Cannot apply operator: DATE < INT64
}
-- [1]145:select s8, s9, s8 < s9 from table_a
STRICT{
SQLSTATE : 701: Cannot apply operator: TIMESTAMP < STRING
}
-- [1]146:select s8, s10, s8 < s10 from table_a
STRICT{
SQLSTATE : 701: Cannot apply operator: TIMESTAMP < BLOB
}
-- [1]147:select s8, s8 != '1' from table_a
STRICT{
SQLSTATE : 701: Cannot apply operator: TIMESTAMP = STRING
}
-- [1]148:select s8, s8 <> false from table_a
STRICT{
SQLSTATE : 701: Cannot apply operator: TIMESTAMP = BOOLEAN
}
-- [1]149:select s9, s10, s9 > s10 from table_a
STRICT{
SQLSTATE : 701: Cannot apply operator: STRING < BLOB
}
-- [1]150:select s9, s9 > false  from table_a
STRICT{
SQLSTATE : 701: Cannot apply operator: STRING < BOOLEAN
}

-- [1]151:select s10, s10 > x'2d' from table_a order by time
STRICT{
s10(BLOB)      |_col1(BOOLEAN)      |
-----------------------------------
0xabcd         |true                |
-----------------------------------
0x24ad         |false               |
-----------------------------------
0xa2cd         |true                |
-----------------------------------
0x24           |false               |
-----------------------------------
0xcd           |true                |
-----------------------------------
0x4d           |true                |
-----------------------------------
0xac           |true                |
-----------------------------------
0xabcdef       |true                |
-----------------------------------
0xce           |true                |
-----------------------------------
0xae           |true                |
-----------------------------------
0xae           |true                |
-----------------------------------
0xae           |true                |
总数目：12
}

Elapsed Time: 0.0.10
-- [1]152:select s7, s7 < '2022-12-12' from table_a
STRICT{
SQLSTATE : 701: Cannot apply operator: DATE < STRING
}

-- [1]155:select s0, s0 = false from table_a order by time
STRICT{
s0(BOOLEAN)      |_col1(BOOLEAN)      |
-------------------------------------
false            |true                |
-------------------------------------
true             |false               |
-------------------------------------
true             |false               |
-------------------------------------
false            |true                |
-------------------------------------
false            |true                |
-------------------------------------
false            |true                |
-------------------------------------
true             |false               |
-------------------------------------
true             |false               |
-------------------------------------
false            |true                |
-------------------------------------
false            |true                |
-------------------------------------
null             |null                |
-------------------------------------
true             |false               |
总数目：12
}

Elapsed Time: 0.0.7

-- [1]156:select s0, s0 != false from table_a order by time
STRICT{
s0(BOOLEAN)      |_col1(BOOLEAN)      |
-------------------------------------
false            |false               |
-------------------------------------
true             |true                |
-------------------------------------
true             |true                |
-------------------------------------
false            |false               |
-------------------------------------
false            |false               |
-------------------------------------
false            |false               |
-------------------------------------
true             |true                |
-------------------------------------
true             |true                |
-------------------------------------
false            |false               |
-------------------------------------
false            |false               |
-------------------------------------
null             |null                |
-------------------------------------
true             |true                |
总数目：12
}

Elapsed Time: 0.0.7

-- [1]157:select s0, s0 <> true from table_a order by time
STRICT{
s0(BOOLEAN)      |_col1(BOOLEAN)      |
-------------------------------------
false            |true                |
-------------------------------------
true             |false               |
-------------------------------------
true             |false               |
-------------------------------------
false            |true                |
-------------------------------------
false            |true                |
-------------------------------------
false            |true                |
-------------------------------------
true             |false               |
-------------------------------------
true             |false               |
-------------------------------------
false            |true                |
-------------------------------------
false            |true                |
-------------------------------------
null             |null                |
-------------------------------------
true             |false               |
总数目：12
}

Elapsed Time: 0.0.7

-- [1]158:select s0, s6, s0 != s6 from table_a order by time
STRICT{
s0(BOOLEAN)      |s6(BOOLEAN)      |_col2(BOOLEAN)      |
------------------------------------------------------
false            |true             |true                |
------------------------------------------------------
true             |false            |true                |
------------------------------------------------------
true             |true             |false               |
------------------------------------------------------
false            |false            |false               |
------------------------------------------------------
false            |false            |false               |
------------------------------------------------------
false            |true             |true                |
------------------------------------------------------
true             |true             |false               |
------------------------------------------------------
true             |false            |true                |
------------------------------------------------------
false            |true             |true                |
------------------------------------------------------
false            |true             |true                |
------------------------------------------------------
null             |true             |null                |
------------------------------------------------------
true             |true             |false               |
总数目：12
}

Elapsed Time: 0.0.6

-- [1]159:select s1, s1 = 'test' from table_a order by time
STRICT{
s1(TEXT)      |_col1(BOOLEAN)      |
----------------------------------
v1            |false               |
----------------------------------
v2            |false               |
----------------------------------
v3            |false               |
----------------------------------
v2            |false               |
----------------------------------
v1            |false               |
----------------------------------
v3            |false               |
----------------------------------
v1            |false               |
----------------------------------
v3            |false               |
----------------------------------
v1            |false               |
----------------------------------
v2            |false               |
----------------------------------
v2            |false               |
----------------------------------
v2            |false               |
总数目：12
}

Elapsed Time: 0.0.7

-- [1]160:select s1, s9, s1 = s9 from table_a order by time
STRICT{
s1(TEXT)      |s9(STRING)      |_col2(BOOLEAN)      |
--------------------------------------------------
v1            |abcd            |false               |
--------------------------------------------------
v2            |ertbsad         |false               |
--------------------------------------------------
v3            |zsefr345Der     |false               |
--------------------------------------------------
v2            |sdf             |false               |
--------------------------------------------------
v1            |cfghesdgfaase   |false               |
--------------------------------------------------
v3            |ert             |false               |
--------------------------------------------------
v1            |test111         |false               |
--------------------------------------------------
v3            |ioep11          |false               |
--------------------------------------------------
v1            |ueu             |false               |
--------------------------------------------------
v2            |sad             |false               |
--------------------------------------------------
v2            |sad             |false               |
--------------------------------------------------
v2            |sad             |false               |
总数目：12
}

Elapsed Time: 0.0.7

-- [1]161:select s2, s3, s2 >= s3  from table_a order by time
STRICT{
s2(INT32)      |s3(INT64)      |_col2(BOOLEAN)      |
--------------------------------------------------
10             |100            |false               |
--------------------------------------------------
5              |121            |false               |
--------------------------------------------------
13             |250            |false               |
--------------------------------------------------
4              |6              |false               |
--------------------------------------------------
122            |110            |true                |
--------------------------------------------------
8              |999            |false               |
--------------------------------------------------
0              |110            |false               |
--------------------------------------------------
555            |1001           |false               |
--------------------------------------------------
1110           |888            |true                |
--------------------------------------------------
111            |222            |false               |
--------------------------------------------------
111            |20             |true                |
--------------------------------------------------
null           |22             |null                |
总数目：12
}

Elapsed Time: 0.0.6

-- [1]162:select s2, s4, s2 != s4  from table_a order by time
STRICT{
s2(INT32)      |s4(FLOAT)      |_col2(BOOLEAN)      |
--------------------------------------------------
10             |11.1           |true                |
--------------------------------------------------
5              |222.1          |true                |
--------------------------------------------------
13             |1.1            |true                |
--------------------------------------------------
4              |21.1           |true                |
--------------------------------------------------
122            |2.2            |true                |
--------------------------------------------------
8              |123.1          |true                |
--------------------------------------------------
0              |22.2           |true                |
--------------------------------------------------
555            |202.1          |true                |
--------------------------------------------------
1110           |10.1           |true                |
--------------------------------------------------
111            |22.5           |true                |
--------------------------------------------------
111            |2.0            |true                |
--------------------------------------------------
null           |2.5            |null                |
总数目：12
}

Elapsed Time: 0.0.6

-- [1]163:select s2, s5, s2 > s5  from table_a order by time
STRICT{
s2(INT32)      |s5(DOUBLE)      |_col2(BOOLEAN)      |
---------------------------------------------------
10             |8.8             |true                |
---------------------------------------------------
5              |12.2            |false               |
---------------------------------------------------
13             |333.3           |false               |
---------------------------------------------------
4              |44.2            |false               |
---------------------------------------------------
122            |9.9             |true                |
---------------------------------------------------
8              |0.101           |true                |
---------------------------------------------------
0              |1.8             |false               |
---------------------------------------------------
555            |1.2             |true                |
---------------------------------------------------
1110           |11.1            |true                |
---------------------------------------------------
111            |13.3            |true                |
---------------------------------------------------
111            |11.3            |true                |
---------------------------------------------------
null           |13.3            |null                |
总数目：12
}

Elapsed Time: 0.0.6

-- [1]164:select s2, s8, s8 <= s2 from table_a order by time
STRICT{
s2(INT32)      |s8(TIMESTAMP)      |_col2(BOOLEAN)      |
------------------------------------------------------
10             |2021-10-01T08:00:00|false               |
               |.000+08:00         |                    |
------------------------------------------------------
5              |2024-08-19T14:46:29|false               |
               |.000+08:00         |                    |
------------------------------------------------------
13             |2024-01-01T02:19:49|false               |
               |.000+08:00         |                    |
------------------------------------------------------
4              |2023-12-20T12:49:49|false               |
               |.000+08:00         |                    |
------------------------------------------------------
122            |2023-11-27T09:15:39|false               |
               |.000+08:00         |                    |
------------------------------------------------------
8              |2024-08-19T14:46:29|false               |
               |.000+08:00         |                    |
------------------------------------------------------
0              |2022-01-25T01:46:40|false               |
               |.000+08:00         |                    |
------------------------------------------------------
555            |2022-05-20T19:33:20|false               |
               |.000+08:00         |                    |
------------------------------------------------------
1110           |2023-11-11T14:46:29|false               |
               |.000+08:00         |                    |
------------------------------------------------------
111            |2023-12-11T14:46:29|false               |
               |.000+08:00         |                    |
------------------------------------------------------
111            |2023-12-11T14:46:29|false               |
               |.000+08:00         |                    |
------------------------------------------------------
null           |2023-12-11T14:46:29|null                |
               |.000+08:00         |                    |
总数目：12
}

Elapsed Time: 0.0.6

-- [1]165:select s2, s2 < 100 from table_a order by time
STRICT{
s2(INT32)      |_col1(BOOLEAN)      |
-----------------------------------
10             |true                |
-----------------------------------
5              |true                |
-----------------------------------
13             |true                |
-----------------------------------
4              |true                |
-----------------------------------
122            |false               |
-----------------------------------
8              |true                |
-----------------------------------
0              |true                |
-----------------------------------
555            |false               |
-----------------------------------
1110           |false               |
-----------------------------------
111            |false               |
-----------------------------------
111            |false               |
-----------------------------------
null           |null                |
总数目：12
}

Elapsed Time: 0.0.6

-- [1]166:select s2, s2 <= 1103.11 from table_a order by time
STRICT{
s2(INT32)      |_col1(BOOLEAN)      |
-----------------------------------
10             |true                |
-----------------------------------
5              |true                |
-----------------------------------
13             |true                |
-----------------------------------
4              |true                |
-----------------------------------
122            |true                |
-----------------------------------
8              |true                |
-----------------------------------
0              |true                |
-----------------------------------
555            |true                |
-----------------------------------
1110           |false               |
-----------------------------------
111            |true                |
-----------------------------------
111            |true                |
-----------------------------------
null           |null                |
总数目：12
}

Elapsed Time: 0.0.7

-- [1]167:select s3, s4, s3 != s4 from table_a order by time
STRICT{
s3(INT64)      |s4(FLOAT)      |_col2(BOOLEAN)      |
--------------------------------------------------
100            |11.1           |true                |
--------------------------------------------------
121            |222.1          |true                |
--------------------------------------------------
250            |1.1            |true                |
--------------------------------------------------
6              |21.1           |true                |
--------------------------------------------------
110            |2.2            |true                |
--------------------------------------------------
999            |123.1          |true                |
--------------------------------------------------
110            |22.2           |true                |
--------------------------------------------------
1001           |202.1          |true                |
--------------------------------------------------
888            |10.1           |true                |
--------------------------------------------------
222            |22.5           |true                |
--------------------------------------------------
20             |2.0            |true                |
--------------------------------------------------
22             |2.5            |true                |
总数目：12
}

Elapsed Time: 0.0.6

-- [1]168:select s3, s5, s3 = s5 from table_a order by time
STRICT{
s3(INT64)      |s5(DOUBLE)      |_col2(BOOLEAN)      |
---------------------------------------------------
100            |8.8             |false               |
---------------------------------------------------
121            |12.2            |false               |
---------------------------------------------------
250            |333.3           |false               |
---------------------------------------------------
6              |44.2            |false               |
---------------------------------------------------
110            |9.9             |false               |
---------------------------------------------------
999            |0.101           |false               |
---------------------------------------------------
110            |1.8             |false               |
---------------------------------------------------
1001           |1.2             |false               |
---------------------------------------------------
888            |11.1            |false               |
---------------------------------------------------
222            |13.3            |false               |
---------------------------------------------------
20             |11.3            |false               |
---------------------------------------------------
22             |13.3            |false               |
总数目：12
}

Elapsed Time: 0.0.6

-- [1]169:select s3, s8, s3 < s8 from table_a order by time
STRICT{
s3(INT64)      |s8(TIMESTAMP)      |_col2(BOOLEAN)      |
------------------------------------------------------
100            |2021-10-01T08:00:00|true                |
               |.000+08:00         |                    |
------------------------------------------------------
121            |2024-08-19T14:46:29|true                |
               |.000+08:00         |                    |
------------------------------------------------------
250            |2024-01-01T02:19:49|true                |
               |.000+08:00         |                    |
------------------------------------------------------
6              |2023-12-20T12:49:49|true                |
               |.000+08:00         |                    |
------------------------------------------------------
110            |2023-11-27T09:15:39|true                |
               |.000+08:00         |                    |
------------------------------------------------------
999            |2024-08-19T14:46:29|true                |
               |.000+08:00         |                    |
------------------------------------------------------
110            |2022-01-25T01:46:40|true                |
               |.000+08:00         |                    |
------------------------------------------------------
1001           |2022-05-20T19:33:20|true                |
               |.000+08:00         |                    |
------------------------------------------------------
888            |2023-11-11T14:46:29|true                |
               |.000+08:00         |                    |
------------------------------------------------------
222            |2023-12-11T14:46:29|true                |
               |.000+08:00         |                    |
------------------------------------------------------
20             |2023-12-11T14:46:29|true                |
               |.000+08:00         |                    |
------------------------------------------------------
22             |2023-12-11T14:46:29|true                |
               |.000+08:00         |                    |
总数目：12
}

Elapsed Time: 0.0.7

-- [1]170:select s4, s5, s4 < s5 from table_a order by time
STRICT{
s4(FLOAT)      |s5(DOUBLE)      |_col2(BOOLEAN)      |
---------------------------------------------------
11.1           |8.8             |false               |
---------------------------------------------------
222.1          |12.2            |false               |
---------------------------------------------------
1.1            |333.3           |true                |
---------------------------------------------------
21.1           |44.2            |true                |
---------------------------------------------------
2.2            |9.9             |true                |
---------------------------------------------------
123.1          |0.101           |false               |
---------------------------------------------------
22.2           |1.8             |false               |
---------------------------------------------------
202.1          |1.2             |false               |
---------------------------------------------------
10.1           |11.1            |true                |
---------------------------------------------------
22.5           |13.3            |false               |
---------------------------------------------------
2.0            |11.3            |true                |
---------------------------------------------------
2.5            |13.3            |true                |
总数目：12
}

Elapsed Time: 0.0.6

-- [1]171:select s4, s8, s4 > s8 from table_a order by time
STRICT{
s4(FLOAT)      |s8(TIMESTAMP)      |_col2(BOOLEAN)      |
------------------------------------------------------
11.1           |2021-10-01T08:00:00|false               |
               |.000+08:00         |                    |
------------------------------------------------------
222.1          |2024-08-19T14:46:29|false               |
               |.000+08:00         |                    |
------------------------------------------------------
1.1            |2024-01-01T02:19:49|false               |
               |.000+08:00         |                    |
------------------------------------------------------
21.1           |2023-12-20T12:49:49|false               |
               |.000+08:00         |                    |
------------------------------------------------------
2.2            |2023-11-27T09:15:39|false               |
               |.000+08:00         |                    |
------------------------------------------------------
123.1          |2024-08-19T14:46:29|false               |
               |.000+08:00         |                    |
------------------------------------------------------
22.2           |2022-01-25T01:46:40|false               |
               |.000+08:00         |                    |
------------------------------------------------------
202.1          |2022-05-20T19:33:20|false               |
               |.000+08:00         |                    |
------------------------------------------------------
10.1           |2023-11-11T14:46:29|false               |
               |.000+08:00         |                    |
------------------------------------------------------
22.5           |2023-12-11T14:46:29|false               |
               |.000+08:00         |                    |
------------------------------------------------------
2.0            |2023-12-11T14:46:29|false               |
               |.000+08:00         |                    |
------------------------------------------------------
2.5            |2023-12-11T14:46:29|false               |
               |.000+08:00         |                    |
总数目：12
}

Elapsed Time: 0.0.5

-- [1]172:select s4, s4 < 11.1 from table_a order by time
STRICT{
s4(FLOAT)      |_col1(BOOLEAN)      |
-----------------------------------
11.1           |false               |
-----------------------------------
222.1          |false               |
-----------------------------------
1.1            |true                |
-----------------------------------
21.1           |false               |
-----------------------------------
2.2            |true                |
-----------------------------------
123.1          |false               |
-----------------------------------
22.2           |false               |
-----------------------------------
202.1          |false               |
-----------------------------------
10.1           |true                |
-----------------------------------
22.5           |false               |
-----------------------------------
2.0            |true                |
-----------------------------------
2.5            |true                |
总数目：12
}

Elapsed Time: 0.0.6

-- [1]173:select s4, s4 >= 100 from table_a order by time
STRICT{
s4(FLOAT)      |_col1(BOOLEAN)      |
-----------------------------------
11.1           |false               |
-----------------------------------
222.1          |true                |
-----------------------------------
1.1            |false               |
-----------------------------------
21.1           |false               |
-----------------------------------
2.2            |false               |
-----------------------------------
123.1          |true                |
-----------------------------------
22.2           |false               |
-----------------------------------
202.1          |true                |
-----------------------------------
10.1           |false               |
-----------------------------------
22.5           |false               |
-----------------------------------
2.0            |false               |
-----------------------------------
2.5            |false               |
总数目：12
}

Elapsed Time: 0.0.6

-- [1]174:select s4, s4 <= -11.1 from table_a order by time
STRICT{
s4(FLOAT)      |_col1(BOOLEAN)      |
-----------------------------------
11.1           |false               |
-----------------------------------
222.1          |false               |
-----------------------------------
1.1            |false               |
-----------------------------------
21.1           |false               |
-----------------------------------
2.2            |false               |
-----------------------------------
123.1          |false               |
-----------------------------------
22.2           |false               |
-----------------------------------
202.1          |false               |
-----------------------------------
10.1           |false               |
-----------------------------------
22.5           |false               |
-----------------------------------
2.0            |false               |
-----------------------------------
2.5            |false               |
总数目：12
}

Elapsed Time: 0.0.6

-- [1]175:select s5, s8, s5 < s8 from table_a order by time
STRICT{
s5(DOUBLE)      |s8(TIMESTAMP)      |_col2(BOOLEAN)      |
-------------------------------------------------------
8.8             |2021-10-01T08:00:00|true                |
                |.000+08:00         |                    |
-------------------------------------------------------
12.2            |2024-08-19T14:46:29|true                |
                |.000+08:00         |                    |
-------------------------------------------------------
333.3           |2024-01-01T02:19:49|true                |
                |.000+08:00         |                    |
-------------------------------------------------------
44.2            |2023-12-20T12:49:49|true                |
                |.000+08:00         |                    |
-------------------------------------------------------
9.9             |2023-11-27T09:15:39|true                |
                |.000+08:00         |                    |
-------------------------------------------------------
0.101           |2024-08-19T14:46:29|true                |
                |.000+08:00         |                    |
-------------------------------------------------------
1.8             |2022-01-25T01:46:40|true                |
                |.000+08:00         |                    |
-------------------------------------------------------
1.2             |2022-05-20T19:33:20|true                |
                |.000+08:00         |                    |
-------------------------------------------------------
11.1            |2023-11-11T14:46:29|true                |
                |.000+08:00         |                    |
-------------------------------------------------------
13.3            |2023-12-11T14:46:29|true                |
                |.000+08:00         |                    |
-------------------------------------------------------
11.3            |2023-12-11T14:46:29|true                |
                |.000+08:00         |                    |
-------------------------------------------------------
13.3            |2023-12-11T14:46:29|true                |
                |.000+08:00         |                    |
总数目：12
}

Elapsed Time: 0.0.6

-- [1]176:select s5, s5 <> 10.1 from table_a order by time
STRICT{
s5(DOUBLE)      |_col1(BOOLEAN)      |
------------------------------------
8.8             |true                |
------------------------------------
12.2            |true                |
------------------------------------
333.3           |true                |
------------------------------------
44.2            |true                |
------------------------------------
9.9             |true                |
------------------------------------
0.101           |true                |
------------------------------------
1.8             |true                |
------------------------------------
1.2             |true                |
------------------------------------
11.1            |true                |
------------------------------------
13.3            |true                |
------------------------------------
11.3            |true                |
------------------------------------
13.3            |true                |
总数目：12
}

Elapsed Time: 0.0.7

-- [1]177:select s5, s5 >=  20 from table_a order by time
STRICT{
s5(DOUBLE)      |_col1(BOOLEAN)      |
------------------------------------
8.8             |false               |
------------------------------------
12.2            |false               |
------------------------------------
333.3           |true                |
------------------------------------
44.2            |true                |
------------------------------------
9.9             |false               |
------------------------------------
0.101           |false               |
------------------------------------
1.8             |false               |
------------------------------------
1.2             |false               |
------------------------------------
11.1            |false               |
------------------------------------
13.3            |false               |
------------------------------------
11.3            |false               |
------------------------------------
13.3            |false               |
总数目：12
}

Elapsed Time: 0.0.9

-- [1]178:select s6, s6 = false from table_a order by time
STRICT{
s6(BOOLEAN)      |_col1(BOOLEAN)      |
-------------------------------------
true             |false               |
-------------------------------------
false            |true                |
-------------------------------------
true             |false               |
-------------------------------------
false            |true                |
-------------------------------------
false            |true                |
-------------------------------------
true             |false               |
-------------------------------------
true             |false               |
-------------------------------------
false            |true                |
-------------------------------------
true             |false               |
-------------------------------------
true             |false               |
-------------------------------------
true             |false               |
-------------------------------------
true             |false               |
总数目：12
}

Elapsed Time: 0.0.7

-- [1]179:select s6, s6 != false from table_a order by time
STRICT{
s6(BOOLEAN)      |_col1(BOOLEAN)      |
-------------------------------------
true             |true                |
-------------------------------------
false            |false               |
-------------------------------------
true             |true                |
-------------------------------------
false            |false               |
-------------------------------------
false            |false               |
-------------------------------------
true             |true                |
-------------------------------------
true             |true                |
-------------------------------------
false            |false               |
-------------------------------------
true             |true                |
-------------------------------------
true             |true                |
-------------------------------------
true             |true                |
-------------------------------------
true             |true                |
总数目：12
}

Elapsed Time: 0.0.8

-- [1]180:select s7, s7 < CAST('2022-12-12' AS DATE) from table_a order by time
STRICT{
s7(DATE)      |_col1(BOOLEAN)      |
----------------------------------
2021-10-01    |true                |
----------------------------------
2022-10-01    |true                |
----------------------------------
2023-11-01    |false               |
----------------------------------
2023-09-01    |false               |
----------------------------------
2022-11-01    |true                |
----------------------------------
2002-01-01    |true                |
----------------------------------
2023-06-01    |false               |
----------------------------------
2002-10-01    |true                |
----------------------------------
2023-11-11    |false               |
----------------------------------
2020-10-11    |true                |
----------------------------------
null          |null                |
----------------------------------
null          |null                |
总数目：12
}

Elapsed Time: 0.0.11

-- [1]181:select s8, s8 = 100000 from table_a order by time
STRICT{
s8(TIMESTAMP)      |_col1(BOOLEAN)      |
---------------------------------------
2021-10-01T08:00:00|false               |
.000+08:00         |                    |
---------------------------------------
2024-08-19T14:46:29|false               |
.000+08:00         |                    |
---------------------------------------
2024-01-01T02:19:49|false               |
.000+08:00         |                    |
---------------------------------------
2023-12-20T12:49:49|false               |
.000+08:00         |                    |
---------------------------------------
2023-11-27T09:15:39|false               |
.000+08:00         |                    |
---------------------------------------
2024-08-19T14:46:29|false               |
.000+08:00         |                    |
---------------------------------------
2022-01-25T01:46:40|false               |
.000+08:00         |                    |
---------------------------------------
2022-05-20T19:33:20|false               |
.000+08:00         |                    |
---------------------------------------
2023-11-11T14:46:29|false               |
.000+08:00         |                    |
---------------------------------------
2023-12-11T14:46:29|false               |
.000+08:00         |                    |
---------------------------------------
2023-12-11T14:46:29|false               |
.000+08:00         |                    |
---------------------------------------
2023-12-11T14:46:29|false               |
.000+08:00         |                    |
总数目：12
}

Elapsed Time: 0.0.6

-- [1]182:select s9, s9 > 'v1' from table_a order by time
STRICT{
s9(STRING)      |_col1(BOOLEAN)      |
------------------------------------
abcd            |false               |
------------------------------------
ertbsad         |false               |
------------------------------------
zsefr345Der     |true                |
------------------------------------
sdf             |false               |
------------------------------------
cfghesdgfaase   |false               |
------------------------------------
ert             |false               |
------------------------------------
test111         |false               |
------------------------------------
ioep11          |false               |
------------------------------------
ueu             |false               |
------------------------------------
sad             |false               |
------------------------------------
sad             |false               |
------------------------------------
sad             |false               |
总数目：12
}

Elapsed Time: 0.0.5

-- [1]183:select s9, s9 = '100' from table_a order by time
STRICT{
s9(STRING)      |_col1(BOOLEAN)      |
------------------------------------
abcd            |false               |
------------------------------------
ertbsad         |false               |
------------------------------------
zsefr345Der     |false               |
------------------------------------
sdf             |false               |
------------------------------------
cfghesdgfaase   |false               |
------------------------------------
ert             |false               |
------------------------------------
test111         |false               |
------------------------------------
ioep11          |false               |
------------------------------------
ueu             |false               |
------------------------------------
sad             |false               |
------------------------------------
sad             |false               |
------------------------------------
sad             |false               |
总数目：12
}

Elapsed Time: 0.0.6

-- [1]185:select time, s2, s3, s4, s5, s5 > s4-(s3-s2)+1 from table_a order by time
STRICT{
time(TIMESTAMP)      |s2(INT32)      |s3(INT64)      |s4(FLOAT)      |s5(DOUBLE)      |_col5(BOOLEAN)      |
------------------------------------------------------------------------------------------------------
1970-01-01T08:00:00.0|10             |100            |11.1           |8.8             |true                |
01+08:00             |               |               |               |                |                    |
------------------------------------------------------------------------------------------------------
1970-01-01T08:00:00.0|5              |121            |222.1          |12.2            |false               |
02+08:00             |               |               |               |                |                    |
------------------------------------------------------------------------------------------------------
1970-01-01T08:00:00.0|13             |250            |1.1            |333.3           |true                |
03+08:00             |               |               |               |                |                    |
------------------------------------------------------------------------------------------------------
1970-01-01T08:00:00.0|4              |6              |21.1           |44.2            |true                |
04+08:00             |               |               |               |                |                    |
------------------------------------------------------------------------------------------------------
1970-01-01T08:00:00.0|122            |110            |2.2            |9.9             |false               |
05+08:00             |               |               |               |                |                    |
------------------------------------------------------------------------------------------------------
1970-01-01T08:00:00.0|8              |999            |123.1          |0.101           |true                |
06+08:00             |               |               |               |                |                    |
------------------------------------------------------------------------------------------------------
1970-01-01T08:00:00.0|0              |110            |22.2           |1.8             |true                |
07+08:00             |               |               |               |                |                    |
------------------------------------------------------------------------------------------------------
1970-01-01T08:00:00.0|555            |1001           |202.1          |1.2             |true                |
08+08:00             |               |               |               |                |                    |
------------------------------------------------------------------------------------------------------
1970-01-01T08:00:00.0|1110           |888            |10.1           |11.1            |false               |
09+08:00             |               |               |               |                |                    |
------------------------------------------------------------------------------------------------------
1970-01-01T08:00:00.0|111            |222            |22.5           |13.3            |true                |
10+08:00             |               |               |               |                |                    |
------------------------------------------------------------------------------------------------------
1970-01-01T08:00:00.0|111            |20             |2.0            |11.3            |false               |
11+08:00             |               |               |               |                |                    |
------------------------------------------------------------------------------------------------------
1970-01-01T08:00:00.0|null           |22             |2.5            |13.3            |null                |
12+08:00             |               |               |               |                |                    |
总数目：12
}

Elapsed Time: 0.0.7

-- [1]186:select time, device_id, s0, s6, s0 = s6 from table_a order by time offset 2 limit 5
STRICT{
time(TIMESTAMP)      |device_id(STRING)      |s0(BOOLEAN)      |s6(BOOLEAN)      |_col4(BOOLEAN)      |
--------------------------------------------------------------------------------------------------
1970-01-01T08:00:00.0|d1                     |true             |true             |true                |
03+08:00             |                       |                 |                 |                    |
--------------------------------------------------------------------------------------------------
1970-01-01T08:00:00.0|d1                     |false            |false            |true                |
04+08:00             |                       |                 |                 |                    |
--------------------------------------------------------------------------------------------------
1970-01-01T08:00:00.0|d1                     |false            |false            |true                |
05+08:00             |                       |                 |                 |                    |
--------------------------------------------------------------------------------------------------
1970-01-01T08:00:00.0|d1                     |false            |true             |false               |
06+08:00             |                       |                 |                 |                    |
--------------------------------------------------------------------------------------------------
1970-01-01T08:00:00.0|d2                     |true             |true             |true                |
07+08:00             |                       |                 |                 |                    |
总数目：5
}

Elapsed Time: 0.0.6
-- [1]190:drop database test_db
STRICT{
PASS
}
