-- [1]9:create database test_db
STRICT{
PASS
}
-- [1]12:use test_db
STRICT{
PASS
}
-- [1]17:create table Table_A ( 	device_id STRING TAG, 	color STRING ATTRIBUTE, 	s0 BOOLEAN FIELD, 	s1 TEXT FIELD, 	s2 INT32 FIELD, 	s3 INT64 FIELD, 	s4 FLOAT FIELD, 	s5 DOUBLE FIELD, 	s6 BOOLEAN FIELD, 	s7 DATE FIELD, 	s8 TIMESTAMP FIELD, 	s9 STRING FIELD, 	s10 BLOB FIELD )
STRICT{
PASS
}

-- [1]33:show tables
STRICT{
TableName(TEXT)      |TTL(ms)(TEXT)      |
----------------------------------------
table_a              |INF                |
总数目：1
}

Elapsed Time: 0.0.51
-- [1]36:desc Table_A
STRICT{
ColumnName(TEXT)      |DataType(TEXT)      |Category(TEXT)      |
--------------------------------------------------------------
time                  |TIMESTAMP           |TIME                |
--------------------------------------------------------------
device_id             |STRING              |TAG                 |
--------------------------------------------------------------
color                 |STRING              |ATTRIBUTE           |
--------------------------------------------------------------
s0                    |BOOLEAN             |FIELD               |
--------------------------------------------------------------
s1                    |TEXT                |FIELD               |
--------------------------------------------------------------
s2                    |INT32               |FIELD               |
--------------------------------------------------------------
s3                    |INT64               |FIELD               |
--------------------------------------------------------------
s4                    |FLOAT               |FIELD               |
--------------------------------------------------------------
s5                    |DOUBLE              |FIELD               |
--------------------------------------------------------------
s6                    |BOOLEAN             |FIELD               |
--------------------------------------------------------------
s7                    |DATE                |FIELD               |
--------------------------------------------------------------
s8                    |TIMESTAMP           |FIELD               |
--------------------------------------------------------------
s9                    |STRING              |FIELD               |
--------------------------------------------------------------
s10                   |BLOB                |FIELD               |
总数目：14
}
-- [1]43:INSERT INTO Table_A( time, device_id, color, s0, s1, s2, s3, s4, s5, s6, s7, s8, s9, s10 ) values( 1, 'd1', 'red', false, 'v1', 10, 100, 11.1, 8.8, true, '2021-10-01', 1633046400000, 'abcd', X'abcd' )
STRICT{
0
}

Elapsed Time: 0.0.822
-- [1]48:INSERT INTO Table_A( time, device_id, color, s0, s1, s2, s3, s4, s5, s6, s7, s8, s9, s10 ) values( 2, 'd1', 'red', true, 'v2', 5, 121, 222.1, 12.2, false, '2022-10-01', 1724049989000, 'ertbsad', X'24ad' )
STRICT{
0
}

Elapsed Time: 0.0.69
-- [1]53:INSERT INTO Table_A( time, device_id, color, s0, s1, s2, s3, s4, s5, s6, s7, s8, s9, s10 ) values( 3, 'd1', 'yellow', true, 'v3', 13, 250, 1.1, 333.3, true, '2023-11-01', 1724046789000, 'zsefr345Der', X'a2cd' )
STRICT{
0
}

Elapsed Time: 0.0.9
-- [1]58:INSERT INTO Table_A( time, device_id, color, s0, s1, s2, s3, s4, s5, s6, s7, s8, s9, s10 ) values( 4, 'd1', 'green', false, 'v2', 4, 6, 21.1, 44.2, false, '2023-09-01', 1703047789000, 'sdf', X'24' )
STRICT{
0
}

Elapsed Time: 0.0.8
-- [1]63:INSERT INTO Table_A( time, device_id, color, s0, s1, s2, s3, s4, s5, s6, s7, s8, s9, s10 ) values( 5, 'd1', 'white', false, 'v1', 122, 110, 2.2, 9.9, false, '2022-11-01', 1701047739000, 'cfghesdgfaase', X'57415645 ' )
STRICT{
0
}

Elapsed Time: 0.0.7
-- [1]68:INSERT INTO Table_A( time, device_id, color, s0, s1, s2, s3, s4, s5, s6, s7, s8, s9, s10 ) values( 6, 'd1', 'orange', false, 'v3', 8, 999, 123.1, 0.101, true, '2002-01-01', 1724049089000, 'ert', X'4d' )
STRICT{
0
}

Elapsed Time: 0.0.8
-- [1]73:INSERT INTO Table_A( time, device_id, color, s0, s1, s2, s3, s4, s5, s6, s7, s8, s9, s10 ) values( 7, 'd2', 'blue', true, 'v1', 0, 110, 22.2, 1.8, true, '2023-06-01', 1643046400000, 'test111', X'49460001 '  )
STRICT{
0
}

Elapsed Time: 0.0.73
-- [1]78:INSERT INTO Table_A( time, device_id, color, s0, s1, s2, s3, s4, s5, s6, s7, s8, s9, s10 ) values( 8, 'd2', 'purple', true, 'v3', 555, 1001, 202.1, 1.2, false, '2002-10-01', 1653046400000, 'ioep11', X'abcdef' )
STRICT{
0
}

Elapsed Time: 0.0.12
-- [1]83:INSERT INTO Table_A( time, device_id, color, s0, s1, s2, s3, s4, s5, s6, s7, s8, s9, s10 ) values( 9, 'd2', 'blue', false, 'v1', 1110, 888, 10.1, 11.1, true, '2023-11-11', 1699685189000, 'ueu', X'FFD8FFE0 ' )
STRICT{
0
}

Elapsed Time: 0.0.5
-- [1]88:INSERT INTO Table_A( time, device_id, color, s0, s1, s2, s3, s4, s5, s6, s7, s8, s9, s10 ) values( 10, 'd2', 'red', false, 'v2', 111, 222, 22.5, 13.3, true, '2020-10-11', 1702277179000, 'sad', X'666D7420' )
STRICT{
0
}

Elapsed Time: 0.0.4
-- [1]93:INSERT INTO Table_A( time, device_id, color, s0, s1, s2, s3, s4, s5, s6, s7, s8, s9, s10 ) values( 11, 'd2', 'red', null, 'v2', 111, 20, 2, 11.3, true, null, 1702277199000, 'sad', X'ae' )
STRICT{
0
}

Elapsed Time: 0.0.2
-- [1]98:INSERT INTO Table_A( time, device_id, color, s0, s1, s2, s3, s4, s5, s6, s7, s8, s9, s10 ) values( 12, 'd2', 'null', true, 'v2', null, 22, 2.5, 13.3, true, null, 1712277189000, 'sad', X'01010000 ' )
STRICT{
0
}

Elapsed Time: 0.0.6

-- [1]101:select * from Table_A order by time
STRICT{
time(TIMESTAMP)      |device_id(STRING)      |color(STRING)      |s0(BOOLEAN)      |s1(TEXT)      |s2(INT32)      |s3(INT64)      |s4(FLOAT)      |s5(DOUBLE)      |s6(BOOLEAN)      |s7(DATE)      |s8(TIMESTAMP)      |s9(STRING)      |s10(BLOB)      |
--------------------------------------------------------------------------------------------------------------------------------------------------------------------------------------------------------------------------------------------
1970-01-01T08:00:00.0|d1                     |orange             |false            |v1            |10             |100            |11.1           |8.8             |true             |2021-10-01    |2021-10-01T08:00:00|abcd            |0xabcd         |
01+08:00             |                       |                   |                 |              |               |               |               |                |                 |              |.000+08:00         |                |               |
--------------------------------------------------------------------------------------------------------------------------------------------------------------------------------------------------------------------------------------------
1970-01-01T08:00:00.0|d1                     |orange             |true             |v2            |5              |121            |222.1          |12.2            |false            |2022-10-01    |2024-08-19T14:46:29|ertbsad         |0x24ad         |
02+08:00             |                       |                   |                 |              |               |               |               |                |                 |              |.000+08:00         |                |               |
--------------------------------------------------------------------------------------------------------------------------------------------------------------------------------------------------------------------------------------------
1970-01-01T08:00:00.0|d1                     |orange             |true             |v3            |13             |250            |1.1            |333.3           |true             |2023-11-01    |2024-08-19T13:53:09|zsefr345Der     |0xa2cd         |
03+08:00             |                       |                   |                 |              |               |               |               |                |                 |              |.000+08:00         |                |               |
--------------------------------------------------------------------------------------------------------------------------------------------------------------------------------------------------------------------------------------------
1970-01-01T08:00:00.0|d1                     |orange             |false            |v2            |4              |6              |21.1           |44.2            |false            |2023-09-01    |2023-12-20T12:49:49|sdf             |0x24           |
04+08:00             |                       |                   |                 |              |               |               |               |                |                 |              |.000+08:00         |                |               |
--------------------------------------------------------------------------------------------------------------------------------------------------------------------------------------------------------------------------------------------
1970-01-01T08:00:00.0|d1                     |orange             |false            |v1            |122            |110            |2.2            |9.9             |false            |2022-11-01    |2023-11-27T09:15:39|cfghesdgfaase   |0x57415645     |
05+08:00             |                       |                   |                 |              |               |               |               |                |                 |              |.000+08:00         |                |               |
--------------------------------------------------------------------------------------------------------------------------------------------------------------------------------------------------------------------------------------------
1970-01-01T08:00:00.0|d1                     |orange             |false            |v3            |8              |999            |123.1          |0.101           |true             |2002-01-01    |2024-08-19T14:31:29|ert             |0x4d           |
06+08:00             |                       |                   |                 |              |               |               |               |                |                 |              |.000+08:00         |                |               |
--------------------------------------------------------------------------------------------------------------------------------------------------------------------------------------------------------------------------------------------
1970-01-01T08:00:00.0|d2                     |null               |true             |v1            |0              |110            |22.2           |1.8             |true             |2023-06-01    |2022-01-25T01:46:40|test111         |0x49460001     |
07+08:00             |                       |                   |                 |              |               |               |               |                |                 |              |.000+08:00         |                |               |
--------------------------------------------------------------------------------------------------------------------------------------------------------------------------------------------------------------------------------------------
1970-01-01T08:00:00.0|d2                     |null               |true             |v3            |555            |1001           |202.1          |1.2             |false            |2002-10-01    |2022-05-20T19:33:20|ioep11          |0xabcdef       |
08+08:00             |                       |                   |                 |              |               |               |               |                |                 |              |.000+08:00         |                |               |
--------------------------------------------------------------------------------------------------------------------------------------------------------------------------------------------------------------------------------------------
1970-01-01T08:00:00.0|d2                     |null               |false            |v1            |1110           |888            |10.1           |11.1            |true             |2023-11-11    |2023-11-11T14:46:29|ueu             |0xffd8ffe0     |
09+08:00             |                       |                   |                 |              |               |               |               |                |                 |              |.000+08:00         |                |               |
--------------------------------------------------------------------------------------------------------------------------------------------------------------------------------------------------------------------------------------------
1970-01-01T08:00:00.0|d2                     |null               |false            |v2            |111            |222            |22.5           |13.3            |true             |2020-10-11    |2023-12-11T14:46:19|sad             |0x666d7420     |
10+08:00             |                       |                   |                 |              |               |               |               |                |                 |              |.000+08:00         |                |               |
--------------------------------------------------------------------------------------------------------------------------------------------------------------------------------------------------------------------------------------------
1970-01-01T08:00:00.0|d2                     |null               |null             |v2            |111            |20             |2.0            |11.3            |true             |null          |2023-12-11T14:46:39|sad             |0xae           |
11+08:00             |                       |                   |                 |              |               |               |               |                |                 |              |.000+08:00         |                |               |
--------------------------------------------------------------------------------------------------------------------------------------------------------------------------------------------------------------------------------------------
1970-01-01T08:00:00.0|d2                     |null               |true             |v2            |null           |22             |2.5            |13.3            |true             |null          |2024-04-05T08:33:09|sad             |0x01010000     |
12+08:00             |                       |                   |                 |              |               |               |               |                |                 |              |.000+08:00         |                |               |
总数目：12
}

Elapsed Time: 0.0.223

-- [1]105:select s0, cast(s0 as TEXT) from table_a order by time
STRICT{
s0(BOOLEAN)      |_col1(TEXT)      |
----------------------------------
false            |false            |
----------------------------------
true             |true             |
----------------------------------
true             |true             |
----------------------------------
false            |false            |
----------------------------------
false            |false            |
----------------------------------
false            |false            |
----------------------------------
true             |true             |
----------------------------------
true             |true             |
----------------------------------
false            |false            |
----------------------------------
false            |false            |
----------------------------------
null             |null             |
----------------------------------
true             |true             |
总数目：12
}

Elapsed Time: 0.0.78

-- [1]106:select s0, cast(s0 as INT32) from table_a order by time
STRICT{
s0(BOOLEAN)      |_col1(INT32)      |
-----------------------------------
false            |0                 |
-----------------------------------
true             |1                 |
-----------------------------------
true             |1                 |
-----------------------------------
false            |0                 |
-----------------------------------
false            |0                 |
-----------------------------------
false            |0                 |
-----------------------------------
true             |1                 |
-----------------------------------
true             |1                 |
-----------------------------------
false            |0                 |
-----------------------------------
false            |0                 |
-----------------------------------
null             |null              |
-----------------------------------
true             |1                 |
总数目：12
}

Elapsed Time: 0.0.28

-- [1]107:select s0, cast(s0 as INT64) from table_a order by time
STRICT{
s0(BOOLEAN)      |_col1(INT64)      |
-----------------------------------
false            |0                 |
-----------------------------------
true             |1                 |
-----------------------------------
true             |1                 |
-----------------------------------
false            |0                 |
-----------------------------------
false            |0                 |
-----------------------------------
false            |0                 |
-----------------------------------
true             |1                 |
-----------------------------------
true             |1                 |
-----------------------------------
false            |0                 |
-----------------------------------
false            |0                 |
-----------------------------------
null             |null              |
-----------------------------------
true             |1                 |
总数目：12
}

Elapsed Time: 0.0.23

-- [1]108:select s0, cast(s0 as INT64) from table_a order by time
STRICT{
s0(BOOLEAN)      |_col1(INT64)      |
-----------------------------------
false            |0                 |
-----------------------------------
true             |1                 |
-----------------------------------
true             |1                 |
-----------------------------------
false            |0                 |
-----------------------------------
false            |0                 |
-----------------------------------
false            |0                 |
-----------------------------------
true             |1                 |
-----------------------------------
true             |1                 |
-----------------------------------
false            |0                 |
-----------------------------------
false            |0                 |
-----------------------------------
null             |null              |
-----------------------------------
true             |1                 |
总数目：12
}

Elapsed Time: 0.0.23

-- [1]109:select s0, cast(s0 as FLOAT) from table_a order by time
STRICT{
s0(BOOLEAN)      |_col1(FLOAT)      |
-----------------------------------
false            |0.0               |
-----------------------------------
true             |1.0               |
-----------------------------------
true             |1.0               |
-----------------------------------
false            |0.0               |
-----------------------------------
false            |0.0               |
-----------------------------------
false            |0.0               |
-----------------------------------
true             |1.0               |
-----------------------------------
true             |1.0               |
-----------------------------------
false            |0.0               |
-----------------------------------
false            |0.0               |
-----------------------------------
null             |null              |
-----------------------------------
true             |1.0               |
总数目：12
}

Elapsed Time: 0.0.24

-- [1]110:select s0, cast(s0 as DOUBLE) from table_a order by time
STRICT{
s0(BOOLEAN)      |_col1(DOUBLE)      |
------------------------------------
false            |0.0                |
------------------------------------
true             |1.0                |
------------------------------------
true             |1.0                |
------------------------------------
false            |0.0                |
------------------------------------
false            |0.0                |
------------------------------------
false            |0.0                |
------------------------------------
true             |1.0                |
------------------------------------
true             |1.0                |
------------------------------------
false            |0.0                |
------------------------------------
false            |0.0                |
------------------------------------
null             |null               |
------------------------------------
true             |1.0                |
总数目：12
}

Elapsed Time: 0.0.20

-- [1]111:select s0, cast(s0 as DATE) from table_a order by time
STRICT{
s0(BOOLEAN)      |_col1(DATE)      |
----------------------------------
false            |0-00-00          |
----------------------------------
true             |0-00-01          |
----------------------------------
true             |0-00-01          |
----------------------------------
false            |0-00-00          |
----------------------------------
false            |0-00-00          |
----------------------------------
false            |0-00-00          |
----------------------------------
true             |0-00-01          |
----------------------------------
true             |0-00-01          |
----------------------------------
false            |0-00-00          |
----------------------------------
false            |0-00-00          |
----------------------------------
null             |null             |
----------------------------------
true             |0-00-01          |
总数目：12
}

Elapsed Time: 0.0.21

-- [1]112:select s0, cast(s0 as TIMESTAMP) from table_a order by time
STRICT{
s0(BOOLEAN)      |_col1(TIMESTAMP)      |
---------------------------------------
false            |1970-01-01T08:00:00.00|
                 |0+08:00               |
---------------------------------------
true             |1970-01-01T08:00:00.00|
                 |1+08:00               |
---------------------------------------
true             |1970-01-01T08:00:00.00|
                 |1+08:00               |
---------------------------------------
false            |1970-01-01T08:00:00.00|
                 |0+08:00               |
---------------------------------------
false            |1970-01-01T08:00:00.00|
                 |0+08:00               |
---------------------------------------
false            |1970-01-01T08:00:00.00|
                 |0+08:00               |
---------------------------------------
true             |1970-01-01T08:00:00.00|
                 |1+08:00               |
---------------------------------------
true             |1970-01-01T08:00:00.00|
                 |1+08:00               |
---------------------------------------
false            |1970-01-01T08:00:00.00|
                 |0+08:00               |
---------------------------------------
false            |1970-01-01T08:00:00.00|
                 |0+08:00               |
---------------------------------------
null             |null                  |
---------------------------------------
true             |1970-01-01T08:00:00.00|
                 |1+08:00               |
总数目：12
}

Elapsed Time: 0.0.25

-- [1]113:select s0, cast(s0 as STRING) from table_a order by time
STRICT{
s0(BOOLEAN)      |_col1(STRING)      |
------------------------------------
false            |false              |
------------------------------------
true             |true               |
------------------------------------
true             |true               |
------------------------------------
false            |false              |
------------------------------------
false            |false              |
------------------------------------
false            |false              |
------------------------------------
true             |true               |
------------------------------------
true             |true               |
------------------------------------
false            |false              |
------------------------------------
false            |false              |
------------------------------------
null             |null               |
------------------------------------
true             |true               |
总数目：12
}

Elapsed Time: 0.0.23

-- [1]114:select s0, cast(s0 as BLOB) from table_a order by time
STRICT{
s0(BOOLEAN)      |_col1(BLOB)      |
----------------------------------
false            |0x00             |
----------------------------------
true             |0x01             |
----------------------------------
true             |0x01             |
----------------------------------
false            |0x00             |
----------------------------------
false            |0x00             |
----------------------------------
false            |0x00             |
----------------------------------
true             |0x01             |
----------------------------------
true             |0x01             |
----------------------------------
false            |0x00             |
----------------------------------
false            |0x00             |
----------------------------------
null             |null             |
----------------------------------
true             |0x01             |
总数目：12
}

Elapsed Time: 0.0.17
-- [1]117:select s1, cast(s1 as BOOLEAN) from table_a
STRICT{
SQLSTATE : 701: Invalid text input for boolean type: v1
}
-- [1]118:select s1, cast(s1 as INT32) from table_a
STRICT{
SQLSTATE : 701: Cannot cast v1 to INT32 type
}
-- [1]119:select s1, cast(s1 as INT64) from table_a
STRICT{
SQLSTATE : 701: Cannot cast v1 to INT64 type
}
-- [1]120:select s1, cast(s1 as FLOAT) from table_a
STRICT{
SQLSTATE : 701: Cannot cast v1 to FLOAT type
}
-- [1]121:select s1, cast(s1 as DOUBLE) from table_a
STRICT{
SQLSTATE : 701: Cannot cast v1 to DOUBLE type
}
-- [1]122:select s1, cast(s1 as DATE) from table_a
STRICT{
SQLSTATE : 701: Cannot cast v1 to DATE type
}
-- [1]123:select s1, cast(s1 as TIMESTAMP) from table_a
STRICT{
SQLSTATE : 701: Cannot cast v1 to TIMESTAMP type
}

-- [1]124:select s1, cast(s1 as STRING) from table_a order by time
STRICT{
s1(TEXT)      |_col1(STRING)      |
---------------------------------
v1            |v1                 |
---------------------------------
v2            |v2                 |
---------------------------------
v3            |v3                 |
---------------------------------
v2            |v2                 |
---------------------------------
v1            |v1                 |
---------------------------------
v3            |v3                 |
---------------------------------
v1            |v1                 |
---------------------------------
v3            |v3                 |
---------------------------------
v1            |v1                 |
---------------------------------
v2            |v2                 |
---------------------------------
v2            |v2                 |
---------------------------------
v2            |v2                 |
总数目：12
}

Elapsed Time: 0.0.16

-- [1]125:select s1, cast(s1 as BLOB) from table_a order by time
STRICT{
s1(TEXT)      |_col1(BLOB)      |
-------------------------------
v1            |0x7631           |
-------------------------------
v2            |0x7632           |
-------------------------------
v3            |0x7633           |
-------------------------------
v2            |0x7632           |
-------------------------------
v1            |0x7631           |
-------------------------------
v3            |0x7633           |
-------------------------------
v1            |0x7631           |
-------------------------------
v3            |0x7633           |
-------------------------------
v1            |0x7631           |
-------------------------------
v2            |0x7632           |
-------------------------------
v2            |0x7632           |
-------------------------------
v2            |0x7632           |
总数目：12
}

Elapsed Time: 0.0.16

-- [1]128:select s2, cast(s2 as BOOLEAN) from table_a order by time
STRICT{
s2(INT32)      |_col1(BOOLEAN)      |
-----------------------------------
10             |true                |
-----------------------------------
5              |true                |
-----------------------------------
13             |true                |
-----------------------------------
4              |true                |
-----------------------------------
122            |true                |
-----------------------------------
8              |true                |
-----------------------------------
0              |false               |
-----------------------------------
555            |true                |
-----------------------------------
1110           |true                |
-----------------------------------
111            |true                |
-----------------------------------
111            |true                |
-----------------------------------
null           |null                |
总数目：12
}

Elapsed Time: 0.0.15

-- [1]129:select s2, cast(s2 as TEXT) from table_a order by time
STRICT{
s2(INT32)      |_col1(TEXT)      |
--------------------------------
10             |10               |
--------------------------------
5              |5                |
--------------------------------
13             |13               |
--------------------------------
4              |4                |
--------------------------------
122            |122              |
--------------------------------
8              |8                |
--------------------------------
0              |0                |
--------------------------------
555            |555              |
--------------------------------
1110           |1110             |
--------------------------------
111            |111              |
--------------------------------
111            |111              |
--------------------------------
null           |null             |
总数目：12
}

Elapsed Time: 0.0.14

-- [1]130:select s2, cast(s2 as INT64) from table_a order by time
STRICT{
s2(INT32)      |_col1(INT64)      |
---------------------------------
10             |10                |
---------------------------------
5              |5                 |
---------------------------------
13             |13                |
---------------------------------
4              |4                 |
---------------------------------
122            |122               |
---------------------------------
8              |8                 |
---------------------------------
0              |0                 |
---------------------------------
555            |555               |
---------------------------------
1110           |1110              |
---------------------------------
111            |111               |
---------------------------------
111            |111               |
---------------------------------
null           |null              |
总数目：12
}

Elapsed Time: 0.0.13

-- [1]131:select s2, cast(s2 as FLOAT) from table_a order by time
STRICT{
s2(INT32)      |_col1(FLOAT)      |
---------------------------------
10             |10.0              |
---------------------------------
5              |5.0               |
---------------------------------
13             |13.0              |
---------------------------------
4              |4.0               |
---------------------------------
122            |122.0             |
---------------------------------
8              |8.0               |
---------------------------------
0              |0.0               |
---------------------------------
555            |555.0             |
---------------------------------
1110           |1110.0            |
---------------------------------
111            |111.0             |
---------------------------------
111            |111.0             |
---------------------------------
null           |null              |
总数目：12
}

Elapsed Time: 0.0.12

-- [1]132:select s2, cast(s2 as DOUBLE) from table_a order by time
STRICT{
s2(INT32)      |_col1(DOUBLE)      |
----------------------------------
10             |10.0               |
----------------------------------
5              |5.0                |
----------------------------------
13             |13.0               |
----------------------------------
4              |4.0                |
----------------------------------
122            |122.0              |
----------------------------------
8              |8.0                |
----------------------------------
0              |0.0                |
----------------------------------
555            |555.0              |
----------------------------------
1110           |1110.0             |
----------------------------------
111            |111.0              |
----------------------------------
111            |111.0              |
----------------------------------
null           |null               |
总数目：12
}

Elapsed Time: 0.0.12

-- [1]133:select s2, cast(s2 as DATE) from table_a order by time
STRICT{
s2(INT32)      |_col1(DATE)      |
--------------------------------
10             |0-00-10          |
--------------------------------
5              |0-00-05          |
--------------------------------
13             |0-00-13          |
--------------------------------
4              |0-00-04          |
--------------------------------
122            |0-01-22          |
--------------------------------
8              |0-00-08          |
--------------------------------
0              |0-00-00          |
--------------------------------
555            |0-05-55          |
--------------------------------
1110           |0-11-10          |
--------------------------------
111            |0-01-11          |
--------------------------------
111            |0-01-11          |
--------------------------------
null           |null             |
总数目：12
}

Elapsed Time: 0.0.15

-- [1]134:select s2, cast(s2 as TIMESTAMP) from table_a order by time
STRICT{
s2(INT32)      |_col1(TIMESTAMP)      |
-------------------------------------
10             |1970-01-01T08:00:00.01|
               |0+08:00               |
-------------------------------------
5              |1970-01-01T08:00:00.00|
               |5+08:00               |
-------------------------------------
13             |1970-01-01T08:00:00.01|
               |3+08:00               |
-------------------------------------
4              |1970-01-01T08:00:00.00|
               |4+08:00               |
-------------------------------------
122            |1970-01-01T08:00:00.12|
               |2+08:00               |
-------------------------------------
8              |1970-01-01T08:00:00.00|
               |8+08:00               |
-------------------------------------
0              |1970-01-01T08:00:00.00|
               |0+08:00               |
-------------------------------------
555            |1970-01-01T08:00:00.55|
               |5+08:00               |
-------------------------------------
1110           |1970-01-01T08:00:01.11|
               |0+08:00               |
-------------------------------------
111            |1970-01-01T08:00:00.11|
               |1+08:00               |
-------------------------------------
111            |1970-01-01T08:00:00.11|
               |1+08:00               |
-------------------------------------
null           |null                  |
总数目：12
}

Elapsed Time: 0.0.12

-- [1]135:select s2, cast(s2 as STRING) from table_a order by time
STRICT{
s2(INT32)      |_col1(STRING)      |
----------------------------------
10             |10                 |
----------------------------------
5              |5                  |
----------------------------------
13             |13                 |
----------------------------------
4              |4                  |
----------------------------------
122            |122                |
----------------------------------
8              |8                  |
----------------------------------
0              |0                  |
----------------------------------
555            |555                |
----------------------------------
1110           |1110               |
----------------------------------
111            |111                |
----------------------------------
111            |111                |
----------------------------------
null           |null               |
总数目：12
}

Elapsed Time: 0.0.13

-- [1]136:select s2, cast(s2 as BLOB) from table_a order by time
STRICT{
s2(INT32)      |_col1(BLOB)      |
--------------------------------
10             |0x0000000a       |
--------------------------------
5              |0x00000005       |
--------------------------------
13             |0x0000000d       |
--------------------------------
4              |0x00000004       |
--------------------------------
122            |0x0000007a       |
--------------------------------
8              |0x00000008       |
--------------------------------
0              |0x00000000       |
--------------------------------
555            |0x0000022b       |
--------------------------------
1110           |0x00000456       |
--------------------------------
111            |0x0000006f       |
--------------------------------
111            |0x0000006f       |
--------------------------------
null           |null             |
总数目：12
}

Elapsed Time: 0.0.12

-- [1]139:select s3, cast(s3 as BOOLEAN) from table_a order by time
STRICT{
s3(INT64)      |_col1(BOOLEAN)      |
-----------------------------------
100            |true                |
-----------------------------------
121            |true                |
-----------------------------------
250            |true                |
-----------------------------------
6              |true                |
-----------------------------------
110            |true                |
-----------------------------------
999            |true                |
-----------------------------------
110            |true                |
-----------------------------------
1001           |true                |
-----------------------------------
888            |true                |
-----------------------------------
222            |true                |
-----------------------------------
20             |true                |
-----------------------------------
22             |true                |
总数目：12
}

Elapsed Time: 0.0.12

-- [1]140:select s3, cast(s3 as TEXT) from table_a order by time
STRICT{
s3(INT64)      |_col1(TEXT)      |
--------------------------------
100            |100              |
--------------------------------
121            |121              |
--------------------------------
250            |250              |
--------------------------------
6              |6                |
--------------------------------
110            |110              |
--------------------------------
999            |999              |
--------------------------------
110            |110              |
--------------------------------
1001           |1001             |
--------------------------------
888            |888              |
--------------------------------
222            |222              |
--------------------------------
20             |20               |
--------------------------------
22             |22               |
总数目：12
}

Elapsed Time: 0.0.12

-- [1]141:select s3, cast(s3 as INT32) from table_a order by time
STRICT{
s3(INT64)      |_col1(INT32)      |
---------------------------------
100            |100               |
---------------------------------
121            |121               |
---------------------------------
250            |250               |
---------------------------------
6              |6                 |
---------------------------------
110            |110               |
---------------------------------
999            |999               |
---------------------------------
110            |110               |
---------------------------------
1001           |1001              |
---------------------------------
888            |888               |
---------------------------------
222            |222               |
---------------------------------
20             |20                |
---------------------------------
22             |22                |
总数目：12
}

Elapsed Time: 0.0.11

-- [1]142:select s3, cast(s3 as FLOAT) from table_a order by time
STRICT{
s3(INT64)      |_col1(FLOAT)      |
---------------------------------
100            |100.0             |
---------------------------------
121            |121.0             |
---------------------------------
250            |250.0             |
---------------------------------
6              |6.0               |
---------------------------------
110            |110.0             |
---------------------------------
999            |999.0             |
---------------------------------
110            |110.0             |
---------------------------------
1001           |1001.0            |
---------------------------------
888            |888.0             |
---------------------------------
222            |222.0             |
---------------------------------
20             |20.0              |
---------------------------------
22             |22.0              |
总数目：12
}

Elapsed Time: 0.0.12

-- [1]143:select s3, cast(s3 as DOUBLE) from table_a order by time
STRICT{
s3(INT64)      |_col1(DOUBLE)      |
----------------------------------
100            |100.0              |
----------------------------------
121            |121.0              |
----------------------------------
250            |250.0              |
----------------------------------
6              |6.0                |
----------------------------------
110            |110.0              |
----------------------------------
999            |999.0              |
----------------------------------
110            |110.0              |
----------------------------------
1001           |1001.0             |
----------------------------------
888            |888.0              |
----------------------------------
222            |222.0              |
----------------------------------
20             |20.0               |
----------------------------------
22             |22.0               |
总数目：12
}

Elapsed Time: 0.0.11

-- [1]144:select s3, cast(s3 as DATE) from table_a order by time
STRICT{
s3(INT64)      |_col1(DATE)      |
--------------------------------
100            |0-01-00          |
--------------------------------
121            |0-01-21          |
--------------------------------
250            |0-02-50          |
--------------------------------
6              |0-00-06          |
--------------------------------
110            |0-01-10          |
--------------------------------
999            |0-09-99          |
--------------------------------
110            |0-01-10          |
--------------------------------
1001           |0-10-01          |
--------------------------------
888            |0-08-88          |
--------------------------------
222            |0-02-22          |
--------------------------------
20             |0-00-20          |
--------------------------------
22             |0-00-22          |
总数目：12
}

Elapsed Time: 0.0.11

-- [1]145:select s3, cast(s3 as TIMESTAMP) from table_a order by time
STRICT{
s3(INT64)      |_col1(TIMESTAMP)      |
-------------------------------------
100            |1970-01-01T08:00:00.10|
               |0+08:00               |
-------------------------------------
121            |1970-01-01T08:00:00.12|
               |1+08:00               |
-------------------------------------
250            |1970-01-01T08:00:00.25|
               |0+08:00               |
-------------------------------------
6              |1970-01-01T08:00:00.00|
               |6+08:00               |
-------------------------------------
110            |1970-01-01T08:00:00.11|
               |0+08:00               |
-------------------------------------
999            |1970-01-01T08:00:00.99|
               |9+08:00               |
-------------------------------------
110            |1970-01-01T08:00:00.11|
               |0+08:00               |
-------------------------------------
1001           |1970-01-01T08:00:01.00|
               |1+08:00               |
-------------------------------------
888            |1970-01-01T08:00:00.88|
               |8+08:00               |
-------------------------------------
222            |1970-01-01T08:00:00.22|
               |2+08:00               |
-------------------------------------
20             |1970-01-01T08:00:00.02|
               |0+08:00               |
-------------------------------------
22             |1970-01-01T08:00:00.02|
               |2+08:00               |
总数目：12
}

Elapsed Time: 0.0.14

-- [1]146:select s3, cast(s3 as STRING) from table_a order by time
STRICT{
s3(INT64)      |_col1(STRING)      |
----------------------------------
100            |100                |
----------------------------------
121            |121                |
----------------------------------
250            |250                |
----------------------------------
6              |6                  |
----------------------------------
110            |110                |
----------------------------------
999            |999                |
----------------------------------
110            |110                |
----------------------------------
1001           |1001               |
----------------------------------
888            |888                |
----------------------------------
222            |222                |
----------------------------------
20             |20                 |
----------------------------------
22             |22                 |
总数目：12
}

Elapsed Time: 0.0.13

-- [1]147:select s3, cast(s3 as BLOB) from table_a order by time
STRICT{
s3(INT64)      |_col1(BLOB)      |
--------------------------------
100            |0x000000000000006|
               |4                |
--------------------------------
121            |0x000000000000007|
               |9                |
--------------------------------
250            |0x00000000000000f|
               |a                |
--------------------------------
6              |0x000000000000000|
               |6                |
--------------------------------
110            |0x000000000000006|
               |e                |
--------------------------------
999            |0x00000000000003e|
               |7                |
--------------------------------
110            |0x000000000000006|
               |e                |
--------------------------------
1001           |0x00000000000003e|
               |9                |
--------------------------------
888            |0x000000000000037|
               |8                |
--------------------------------
222            |0x00000000000000d|
               |e                |
--------------------------------
20             |0x000000000000001|
               |4                |
--------------------------------
22             |0x000000000000001|
               |6                |
总数目：12
}

Elapsed Time: 0.0.10

-- [1]150:select s4, cast(s4 as BOOLEAN) from table_a order by time
STRICT{
s4(FLOAT)      |_col1(BOOLEAN)      |
-----------------------------------
11.1           |true                |
-----------------------------------
222.1          |true                |
-----------------------------------
1.1            |true                |
-----------------------------------
21.1           |true                |
-----------------------------------
2.2            |true                |
-----------------------------------
123.1          |true                |
-----------------------------------
22.2           |true                |
-----------------------------------
202.1          |true                |
-----------------------------------
10.1           |true                |
-----------------------------------
22.5           |true                |
-----------------------------------
2.0            |true                |
-----------------------------------
2.5            |true                |
总数目：12
}

Elapsed Time: 0.0.11

-- [1]151:select s4, cast(s4 as TEXT) from table_a order by time
STRICT{
s4(FLOAT)      |_col1(TEXT)      |
--------------------------------
11.1           |11.1             |
--------------------------------
222.1          |222.1            |
--------------------------------
1.1            |1.1              |
--------------------------------
21.1           |21.1             |
--------------------------------
2.2            |2.2              |
--------------------------------
123.1          |123.1            |
--------------------------------
22.2           |22.2             |
--------------------------------
202.1          |202.1            |
--------------------------------
10.1           |10.1             |
--------------------------------
22.5           |22.5             |
--------------------------------
2.0            |2.0              |
--------------------------------
2.5            |2.5              |
总数目：12
}

Elapsed Time: 0.0.14

-- [1]152:select s4, cast(s4 as INT32) from table_a order by time
STRICT{
s4(FLOAT)      |_col1(INT32)      |
---------------------------------
11.1           |11                |
---------------------------------
222.1          |222               |
---------------------------------
1.1            |1                 |
---------------------------------
21.1           |21                |
---------------------------------
2.2            |2                 |
---------------------------------
123.1          |123               |
---------------------------------
22.2           |22                |
---------------------------------
202.1          |202               |
---------------------------------
10.1           |10                |
---------------------------------
22.5           |23                |
---------------------------------
2.0            |2                 |
---------------------------------
2.5            |3                 |
总数目：12
}

Elapsed Time: 0.0.10

-- [1]153:select s4, cast(s4 as INT64) from table_a order by time
STRICT{
s4(FLOAT)      |_col1(INT64)      |
---------------------------------
11.1           |11                |
---------------------------------
222.1          |222               |
---------------------------------
1.1            |1                 |
---------------------------------
21.1           |21                |
---------------------------------
2.2            |2                 |
---------------------------------
123.1          |123               |
---------------------------------
22.2           |22                |
---------------------------------
202.1          |202               |
---------------------------------
10.1           |10                |
---------------------------------
22.5           |23                |
---------------------------------
2.0            |2                 |
---------------------------------
2.5            |3                 |
总数目：12
}

Elapsed Time: 0.0.11

-- [1]154:select s4, cast(s4 as DOUBLE) from table_a order by time
STRICT{
s4(FLOAT)      |_col1(DOUBLE)      |
----------------------------------
11.1           |11.100000381469727 |
----------------------------------
222.1          |222.10000610351562 |
----------------------------------
1.1            |1.100000023841858  |
----------------------------------
21.1           |21.100000381469727 |
----------------------------------
2.2            |2.200000047683716  |
----------------------------------
123.1          |123.0999984741211  |
----------------------------------
22.2           |22.200000762939453 |
----------------------------------
202.1          |202.10000610351562 |
----------------------------------
10.1           |10.100000381469727 |
----------------------------------
22.5           |22.5               |
----------------------------------
2.0            |2.0                |
----------------------------------
2.5            |2.5                |
总数目：12
}

Elapsed Time: 0.0.10

-- [1]155:select s4, cast(s4 as DATE) from table_a order by time
STRICT{
s4(FLOAT)      |_col1(DATE)      |
--------------------------------
11.1           |0-00-11          |
--------------------------------
222.1          |0-02-22          |
--------------------------------
1.1            |0-00-01          |
--------------------------------
21.1           |0-00-21          |
--------------------------------
2.2            |0-00-02          |
--------------------------------
123.1          |0-01-23          |
--------------------------------
22.2           |0-00-22          |
--------------------------------
202.1          |0-02-02          |
--------------------------------
10.1           |0-00-10          |
--------------------------------
22.5           |0-00-23          |
--------------------------------
2.0            |0-00-02          |
--------------------------------
2.5            |0-00-03          |
总数目：12
}

Elapsed Time: 0.0.11

-- [1]156:select s4, cast(s4 as TIMESTAMP) from table_a order by time
STRICT{
s4(FLOAT)      |_col1(TIMESTAMP)      |
-------------------------------------
11.1           |1970-01-01T08:00:00.01|
               |1+08:00               |
-------------------------------------
222.1          |1970-01-01T08:00:00.22|
               |2+08:00               |
-------------------------------------
1.1            |1970-01-01T08:00:00.00|
               |1+08:00               |
-------------------------------------
21.1           |1970-01-01T08:00:00.02|
               |1+08:00               |
-------------------------------------
2.2            |1970-01-01T08:00:00.00|
               |2+08:00               |
-------------------------------------
123.1          |1970-01-01T08:00:00.12|
               |3+08:00               |
-------------------------------------
22.2           |1970-01-01T08:00:00.02|
               |2+08:00               |
-------------------------------------
202.1          |1970-01-01T08:00:00.20|
               |2+08:00               |
-------------------------------------
10.1           |1970-01-01T08:00:00.01|
               |0+08:00               |
-------------------------------------
22.5           |1970-01-01T08:00:00.02|
               |3+08:00               |
-------------------------------------
2.0            |1970-01-01T08:00:00.00|
               |2+08:00               |
-------------------------------------
2.5            |1970-01-01T08:00:00.00|
               |3+08:00               |
总数目：12
}

Elapsed Time: 0.0.10

-- [1]157:select s4, cast(s4 as STRING) from table_a order by time
STRICT{
s4(FLOAT)      |_col1(STRING)      |
----------------------------------
11.1           |11.1               |
----------------------------------
222.1          |222.1              |
----------------------------------
1.1            |1.1                |
----------------------------------
21.1           |21.1               |
----------------------------------
2.2            |2.2                |
----------------------------------
123.1          |123.1              |
----------------------------------
22.2           |22.2               |
----------------------------------
202.1          |202.1              |
----------------------------------
10.1           |10.1               |
----------------------------------
22.5           |22.5               |
----------------------------------
2.0            |2.0                |
----------------------------------
2.5            |2.5                |
总数目：12
}

Elapsed Time: 0.0.12

-- [1]158:select s4, cast(s4 as BLOB) from table_a order by time
STRICT{
s4(FLOAT)      |_col1(BLOB)      |
--------------------------------
11.1           |0x4131999a       |
--------------------------------
222.1          |0x435e199a       |
--------------------------------
1.1            |0x3f8ccccd       |
--------------------------------
21.1           |0x41a8cccd       |
--------------------------------
2.2            |0x400ccccd       |
--------------------------------
123.1          |0x42f63333       |
--------------------------------
22.2           |0x41b1999a       |
--------------------------------
202.1          |0x434a199a       |
--------------------------------
10.1           |0x4121999a       |
--------------------------------
22.5           |0x41b40000       |
--------------------------------
2.0            |0x40000000       |
--------------------------------
2.5            |0x40200000       |
总数目：12
}

Elapsed Time: 0.0.10

-- [1]161:select s5, cast(s5 as BOOLEAN) from table_a order by time
STRICT{
s5(DOUBLE)      |_col1(BOOLEAN)      |
------------------------------------
8.8             |true                |
------------------------------------
12.2            |true                |
------------------------------------
333.3           |true                |
------------------------------------
44.2            |true                |
------------------------------------
9.9             |true                |
------------------------------------
0.101           |true                |
------------------------------------
1.8             |true                |
------------------------------------
1.2             |true                |
------------------------------------
11.1            |true                |
------------------------------------
13.3            |true                |
------------------------------------
11.3            |true                |
------------------------------------
13.3            |true                |
总数目：12
}

Elapsed Time: 0.0.9

-- [1]162:select s5, cast(s5 as TEXT) from table_a order by time
STRICT{
s5(DOUBLE)      |_col1(TEXT)      |
---------------------------------
8.8             |8.8              |
---------------------------------
12.2            |12.2             |
---------------------------------
333.3           |333.3            |
---------------------------------
44.2            |44.2             |
---------------------------------
9.9             |9.9              |
---------------------------------
0.101           |0.101            |
---------------------------------
1.8             |1.8              |
---------------------------------
1.2             |1.2              |
---------------------------------
11.1            |11.1             |
---------------------------------
13.3            |13.3             |
---------------------------------
11.3            |11.3             |
---------------------------------
13.3            |13.3             |
总数目：12
}

Elapsed Time: 0.0.9

-- [1]163:select s5, cast(s5 as INT32) from table_a order by time
STRICT{
s5(DOUBLE)      |_col1(INT32)      |
----------------------------------
8.8             |9                 |
----------------------------------
12.2            |12                |
----------------------------------
333.3           |333               |
----------------------------------
44.2            |44                |
----------------------------------
9.9             |10                |
----------------------------------
0.101           |0                 |
----------------------------------
1.8             |2                 |
----------------------------------
1.2             |1                 |
----------------------------------
11.1            |11                |
----------------------------------
13.3            |13                |
----------------------------------
11.3            |11                |
----------------------------------
13.3            |13                |
总数目：12
}

Elapsed Time: 0.0.9

-- [1]164:select s5, cast(s5 as INT64) from table_a order by time
STRICT{
s5(DOUBLE)      |_col1(INT64)      |
----------------------------------
8.8             |9                 |
----------------------------------
12.2            |12                |
----------------------------------
333.3           |333               |
----------------------------------
44.2            |44                |
----------------------------------
9.9             |10                |
----------------------------------
0.101           |0                 |
----------------------------------
1.8             |2                 |
----------------------------------
1.2             |1                 |
----------------------------------
11.1            |11                |
----------------------------------
13.3            |13                |
----------------------------------
11.3            |11                |
----------------------------------
13.3            |13                |
总数目：12
}

Elapsed Time: 0.0.9

-- [1]165:select s5, cast(s5 as FLOAT) from table_a order by time
STRICT{
s5(DOUBLE)      |_col1(FLOAT)      |
----------------------------------
8.8             |8.8               |
----------------------------------
12.2            |12.2              |
----------------------------------
333.3           |333.3             |
----------------------------------
44.2            |44.2              |
----------------------------------
9.9             |9.9               |
----------------------------------
0.101           |0.101             |
----------------------------------
1.8             |1.8               |
----------------------------------
1.2             |1.2               |
----------------------------------
11.1            |11.1              |
----------------------------------
13.3            |13.3              |
----------------------------------
11.3            |11.3              |
----------------------------------
13.3            |13.3              |
总数目：12
}

Elapsed Time: 0.0.9

-- [1]166:select s5, cast(s5 as DATE) from table_a order by time
STRICT{
s5(DOUBLE)      |_col1(DATE)      |
---------------------------------
8.8             |0-00-09          |
---------------------------------
12.2            |0-00-12          |
---------------------------------
333.3           |0-03-33          |
---------------------------------
44.2            |0-00-44          |
---------------------------------
9.9             |0-00-10          |
---------------------------------
0.101           |0-00-00          |
---------------------------------
1.8             |0-00-02          |
---------------------------------
1.2             |0-00-01          |
---------------------------------
11.1            |0-00-11          |
---------------------------------
13.3            |0-00-13          |
---------------------------------
11.3            |0-00-11          |
---------------------------------
13.3            |0-00-13          |
总数目：12
}

Elapsed Time: 0.0.8

-- [1]167:select s5, cast(s5 as TIMESTAMP) from table_a order by time
STRICT{
s5(DOUBLE)      |_col1(TIMESTAMP)      |
--------------------------------------
8.8             |1970-01-01T08:00:00.00|
                |9+08:00               |
--------------------------------------
12.2            |1970-01-01T08:00:00.01|
                |2+08:00               |
--------------------------------------
333.3           |1970-01-01T08:00:00.33|
                |3+08:00               |
--------------------------------------
44.2            |1970-01-01T08:00:00.04|
                |4+08:00               |
--------------------------------------
9.9             |1970-01-01T08:00:00.01|
                |0+08:00               |
--------------------------------------
0.101           |1970-01-01T08:00:00.00|
                |0+08:00               |
--------------------------------------
1.8             |1970-01-01T08:00:00.00|
                |2+08:00               |
--------------------------------------
1.2             |1970-01-01T08:00:00.00|
                |1+08:00               |
--------------------------------------
11.1            |1970-01-01T08:00:00.01|
                |1+08:00               |
--------------------------------------
13.3            |1970-01-01T08:00:00.01|
                |3+08:00               |
--------------------------------------
11.3            |1970-01-01T08:00:00.01|
                |1+08:00               |
--------------------------------------
13.3            |1970-01-01T08:00:00.01|
                |3+08:00               |
总数目：12
}

Elapsed Time: 0.0.8

-- [1]168:select s5, cast(s5 as STRING) from table_a order by time
STRICT{
s5(DOUBLE)      |_col1(STRING)      |
-----------------------------------
8.8             |8.8                |
-----------------------------------
12.2            |12.2               |
-----------------------------------
333.3           |333.3              |
-----------------------------------
44.2            |44.2               |
-----------------------------------
9.9             |9.9                |
-----------------------------------
0.101           |0.101              |
-----------------------------------
1.8             |1.8                |
-----------------------------------
1.2             |1.2                |
-----------------------------------
11.1            |11.1               |
-----------------------------------
13.3            |13.3               |
-----------------------------------
11.3            |11.3               |
-----------------------------------
13.3            |13.3               |
总数目：12
}

Elapsed Time: 0.0.9

-- [1]169:select s5, cast(s5 as BLOB) from table_a order by time
STRICT{
s5(DOUBLE)      |_col1(BLOB)      |
---------------------------------
8.8             |0x402199999999999|
                |a                |
---------------------------------
12.2            |0x402866666666666|
                |6                |
---------------------------------
333.3           |0x4074d4ccccccccc|
                |d                |
---------------------------------
44.2            |0x404619999999999|
                |a                |
---------------------------------
9.9             |0x4023ccccccccccc|
                |d                |
---------------------------------
0.101           |0x3fb9db22d0e5604|
                |2                |
---------------------------------
1.8             |0x3ffcccccccccccc|
                |d                |
---------------------------------
1.2             |0x3ff333333333333|
                |3                |
---------------------------------
11.1            |0x402633333333333|
                |3                |
---------------------------------
13.3            |0x402a99999999999|
                |a                |
---------------------------------
11.3            |0x402699999999999|
                |a                |
---------------------------------
13.3            |0x402a99999999999|
                |a                |
总数目：12
}

Elapsed Time: 0.0.8

-- [1]172:select s7, cast(s7 as BOOLEAN) from table_a order by s7
STRICT{
s7(DATE)      |_col1(BOOLEAN)      |
----------------------------------
2002-01-01    |true                |
----------------------------------
2002-10-01    |true                |
----------------------------------
2020-10-11    |true                |
----------------------------------
2021-10-01    |true                |
----------------------------------
2022-10-01    |true                |
----------------------------------
2022-11-01    |true                |
----------------------------------
2023-06-01    |true                |
----------------------------------
2023-09-01    |true                |
----------------------------------
2023-11-01    |true                |
----------------------------------
2023-11-11    |true                |
----------------------------------
null          |null                |
----------------------------------
null          |null                |
总数目：12
}

Elapsed Time: 0.0.10

-- [1]173:select s7, cast(s7 as TEXT) from table_a order by s7
STRICT{
s7(DATE)      |_col1(TEXT)      |
-------------------------------
2002-01-01    |2002-01-01       |
-------------------------------
2002-10-01    |2002-10-01       |
-------------------------------
2020-10-11    |2020-10-11       |
-------------------------------
2021-10-01    |2021-10-01       |
-------------------------------
2022-10-01    |2022-10-01       |
-------------------------------
2022-11-01    |2022-11-01       |
-------------------------------
2023-06-01    |2023-06-01       |
-------------------------------
2023-09-01    |2023-09-01       |
-------------------------------
2023-11-01    |2023-11-01       |
-------------------------------
2023-11-11    |2023-11-11       |
-------------------------------
null          |null             |
-------------------------------
null          |null             |
总数目：12
}

Elapsed Time: 0.0.10

-- [1]174:select s7, cast(s7 as INT32) from table_a order by s7
STRICT{
s7(DATE)      |_col1(INT32)      |
--------------------------------
2002-01-01    |20020101          |
--------------------------------
2002-10-01    |20021001          |
--------------------------------
2020-10-11    |20201011          |
--------------------------------
2021-10-01    |20211001          |
--------------------------------
2022-10-01    |20221001          |
--------------------------------
2022-11-01    |20221101          |
--------------------------------
2023-06-01    |20230601          |
--------------------------------
2023-09-01    |20230901          |
--------------------------------
2023-11-01    |20231101          |
--------------------------------
2023-11-11    |20231111          |
--------------------------------
null          |null              |
--------------------------------
null          |null              |
总数目：12
}

Elapsed Time: 0.0.10

-- [1]175:select s7, cast(s7 as INT64) from table_a order by s7
STRICT{
s7(DATE)      |_col1(INT64)      |
--------------------------------
2002-01-01    |20020101          |
--------------------------------
2002-10-01    |20021001          |
--------------------------------
2020-10-11    |20201011          |
--------------------------------
2021-10-01    |20211001          |
--------------------------------
2022-10-01    |20221001          |
--------------------------------
2022-11-01    |20221101          |
--------------------------------
2023-06-01    |20230601          |
--------------------------------
2023-09-01    |20230901          |
--------------------------------
2023-11-01    |20231101          |
--------------------------------
2023-11-11    |20231111          |
--------------------------------
null          |null              |
--------------------------------
null          |null              |
总数目：12
}

Elapsed Time: 0.0.8

-- [1]176:select s7, cast(s7 as FLOAT) from table_a order by s7
STRICT{
s7(DATE)      |_col1(FLOAT)      |
--------------------------------
2002-01-01    |2.00201E7         |
--------------------------------
2002-10-01    |2.0021E7          |
--------------------------------
2020-10-11    |2.0201012E7       |
--------------------------------
2021-10-01    |2.0211E7          |
--------------------------------
2022-10-01    |2.0221E7          |
--------------------------------
2022-11-01    |2.02211E7         |
--------------------------------
2023-06-01    |2.02306E7         |
--------------------------------
2023-09-01    |2.02309E7         |
--------------------------------
2023-11-01    |2.02311E7         |
--------------------------------
2023-11-11    |2.0231112E7       |
--------------------------------
null          |null              |
--------------------------------
null          |null              |
总数目：12
}

Elapsed Time: 0.0.10

-- [1]177:select s7, cast(s7 as DOUBLE) from table_a order by s7
STRICT{
s7(DATE)      |_col1(DOUBLE)      |
---------------------------------
2002-01-01    |2.0020101E7        |
---------------------------------
2002-10-01    |2.0021001E7        |
---------------------------------
2020-10-11    |2.0201011E7        |
---------------------------------
2021-10-01    |2.0211001E7        |
---------------------------------
2022-10-01    |2.0221001E7        |
---------------------------------
2022-11-01    |2.0221101E7        |
---------------------------------
2023-06-01    |2.0230601E7        |
---------------------------------
2023-09-01    |2.0230901E7        |
---------------------------------
2023-11-01    |2.0231101E7        |
---------------------------------
2023-11-11    |2.0231111E7        |
---------------------------------
null          |null               |
---------------------------------
null          |null               |
总数目：12
}

Elapsed Time: 0.0.8

-- [1]178:select s7, cast(s7 as TIMESTAMP) from table_a order by s7
STRICT{
s7(DATE)      |_col1(TIMESTAMP)      |
------------------------------------
2002-01-01    |2002-01-01T00:00:00.00|
              |0+08:00               |
------------------------------------
2002-10-01    |2002-10-01T00:00:00.00|
              |0+08:00               |
------------------------------------
2020-10-11    |2020-10-11T00:00:00.00|
              |0+08:00               |
------------------------------------
2021-10-01    |2021-10-01T00:00:00.00|
              |0+08:00               |
------------------------------------
2022-10-01    |2022-10-01T00:00:00.00|
              |0+08:00               |
------------------------------------
2022-11-01    |2022-11-01T00:00:00.00|
              |0+08:00               |
------------------------------------
2023-06-01    |2023-06-01T00:00:00.00|
              |0+08:00               |
------------------------------------
2023-09-01    |2023-09-01T00:00:00.00|
              |0+08:00               |
------------------------------------
2023-11-01    |2023-11-01T00:00:00.00|
              |0+08:00               |
------------------------------------
2023-11-11    |2023-11-11T00:00:00.00|
              |0+08:00               |
------------------------------------
null          |null                  |
------------------------------------
null          |null                  |
总数目：12
}

Elapsed Time: 0.0.10

-- [1]179:select s7, cast(s7 as STRING) from table_a order by s7
STRICT{
s7(DATE)      |_col1(STRING)      |
---------------------------------
2002-01-01    |2002-01-01         |
---------------------------------
2002-10-01    |2002-10-01         |
---------------------------------
2020-10-11    |2020-10-11         |
---------------------------------
2021-10-01    |2021-10-01         |
---------------------------------
2022-10-01    |2022-10-01         |
---------------------------------
2022-11-01    |2022-11-01         |
---------------------------------
2023-06-01    |2023-06-01         |
---------------------------------
2023-09-01    |2023-09-01         |
---------------------------------
2023-11-01    |2023-11-01         |
---------------------------------
2023-11-11    |2023-11-11         |
---------------------------------
null          |null               |
---------------------------------
null          |null               |
总数目：12
}

Elapsed Time: 0.0.8

-- [1]180:select s7, cast(s7 as BLOB) from table_a order by s7
STRICT{
s7(DATE)      |_col1(BLOB)      |
-------------------------------
2002-01-01    |0x01317b85       |
-------------------------------
2002-10-01    |0x01317f09       |
-------------------------------
2020-10-11    |0x01343e33       |
-------------------------------
2021-10-01    |0x01346539       |
-------------------------------
2022-10-01    |0x01348c49       |
-------------------------------
2022-11-01    |0x01348cad       |
-------------------------------
2023-06-01    |0x0134b1c9       |
-------------------------------
2023-09-01    |0x0134b2f5       |
-------------------------------
2023-11-01    |0x0134b3bd       |
-------------------------------
2023-11-11    |0x0134b3c7       |
-------------------------------
null          |null             |
-------------------------------
null          |null             |
总数目：12
}

Elapsed Time: 0.0.7

-- [1]183:select s8, cast(s8 as BOOLEAN) from table_a order by s8
STRICT{
s8(TIMESTAMP)      |_col1(BOOLEAN)      |
---------------------------------------
2021-10-01T08:00:00|true                |
.000+08:00         |                    |
---------------------------------------
2022-01-25T01:46:40|true                |
.000+08:00         |                    |
---------------------------------------
2022-05-20T19:33:20|true                |
.000+08:00         |                    |
---------------------------------------
2023-11-11T14:46:29|true                |
.000+08:00         |                    |
---------------------------------------
2023-11-27T09:15:39|true                |
.000+08:00         |                    |
---------------------------------------
2023-12-11T14:46:19|true                |
.000+08:00         |                    |
---------------------------------------
2023-12-11T14:46:39|true                |
.000+08:00         |                    |
---------------------------------------
2023-12-20T12:49:49|true                |
.000+08:00         |                    |
---------------------------------------
2024-04-05T08:33:09|true                |
.000+08:00         |                    |
---------------------------------------
2024-08-19T13:53:09|true                |
.000+08:00         |                    |
---------------------------------------
2024-08-19T14:31:29|true                |
.000+08:00         |                    |
---------------------------------------
2024-08-19T14:46:29|true                |
.000+08:00         |                    |
总数目：12
}

Elapsed Time: 0.0.8

-- [1]184:select s8, cast(s8 as TEXT) from table_a order by s8
STRICT{
s8(TIMESTAMP)      |_col1(TEXT)      |
------------------------------------
2021-10-01T08:00:00|2021-10-01T08:00 |
.000+08:00         |                 |
------------------------------------
2022-01-25T01:46:40|2022-01-25T01:46:|
.000+08:00         |40               |
------------------------------------
2022-05-20T19:33:20|2022-05-20T19:33:|
.000+08:00         |20               |
------------------------------------
2023-11-11T14:46:29|2023-11-11T14:46:|
.000+08:00         |29               |
------------------------------------
2023-11-27T09:15:39|2023-11-27T09:15:|
.000+08:00         |39               |
------------------------------------
2023-12-11T14:46:19|2023-12-11T14:46:|
.000+08:00         |19               |
------------------------------------
2023-12-11T14:46:39|2023-12-11T14:46:|
.000+08:00         |39               |
------------------------------------
2023-12-20T12:49:49|2023-12-20T12:49:|
.000+08:00         |49               |
------------------------------------
2024-04-05T08:33:09|2024-04-05T08:33:|
.000+08:00         |09               |
------------------------------------
2024-08-19T13:53:09|2024-08-19T13:53:|
.000+08:00         |09               |
------------------------------------
2024-08-19T14:31:29|2024-08-19T14:31:|
.000+08:00         |29               |
------------------------------------
2024-08-19T14:46:29|2024-08-19T14:46:|
.000+08:00         |29               |
总数目：12
}

Elapsed Time: 0.0.9
-- [1]185:select time,device_id,cast(s8 as INT32) from table_a group by time,device_id,s8
STRICT{
SQLSTATE : 701: long value 1633046400000 is out of range of integer value.
}

-- [1]186:select s8, cast(s8 as INT64) from table_a order by s8
STRICT{
s8(TIMESTAMP)      |_col1(INT64)      |
-------------------------------------
2021-10-01T08:00:00|1633046400000     |
.000+08:00         |                  |
-------------------------------------
2022-01-25T01:46:40|1643046400000     |
.000+08:00         |                  |
-------------------------------------
2022-05-20T19:33:20|1653046400000     |
.000+08:00         |                  |
-------------------------------------
2023-11-11T14:46:29|1699685189000     |
.000+08:00         |                  |
-------------------------------------
2023-11-27T09:15:39|1701047739000     |
.000+08:00         |                  |
-------------------------------------
2023-12-11T14:46:19|1702277179000     |
.000+08:00         |                  |
-------------------------------------
2023-12-11T14:46:39|1702277199000     |
.000+08:00         |                  |
-------------------------------------
2023-12-20T12:49:49|1703047789000     |
.000+08:00         |                  |
-------------------------------------
2024-04-05T08:33:09|1712277189000     |
.000+08:00         |                  |
-------------------------------------
2024-08-19T13:53:09|1724046789000     |
.000+08:00         |                  |
-------------------------------------
2024-08-19T14:31:29|1724049089000     |
.000+08:00         |                  |
-------------------------------------
2024-08-19T14:46:29|1724049989000     |
.000+08:00         |                  |
总数目：12
}

Elapsed Time: 0.0.12

-- [1]187:select s8, cast(s8 as FLOAT) from table_a order by s8
STRICT{
s8(TIMESTAMP)      |_col1(FLOAT)      |
-------------------------------------
2021-10-01T08:00:00|1.63304636E12     |
.000+08:00         |                  |
-------------------------------------
2022-01-25T01:46:40|1.64304637E12     |
.000+08:00         |                  |
-------------------------------------
2022-05-20T19:33:20|1.65304638E12     |
.000+08:00         |                  |
-------------------------------------
2023-11-11T14:46:29|1.6996852E12      |
.000+08:00         |                  |
-------------------------------------
2023-11-27T09:15:39|1.7010477E12      |
.000+08:00         |                  |
-------------------------------------
2023-12-11T14:46:19|1.70227715E12     |
.000+08:00         |                  |
-------------------------------------
2023-12-11T14:46:39|1.70227715E12     |
.000+08:00         |                  |
-------------------------------------
2023-12-20T12:49:49|1.70304773E12     |
.000+08:00         |                  |
-------------------------------------
2024-04-05T08:33:09|1.71227716E12     |
.000+08:00         |                  |
-------------------------------------
2024-08-19T13:53:09|1.72404677E12     |
.000+08:00         |                  |
-------------------------------------
2024-08-19T14:31:29|1.72404913E12     |
.000+08:00         |                  |
-------------------------------------
2024-08-19T14:46:29|1.72405005E12     |
.000+08:00         |                  |
总数目：12
}

Elapsed Time: 0.0.10

-- [1]188:select s8, cast(s8 as DOUBLE) from table_a order by s8
STRICT{
s8(TIMESTAMP)      |_col1(DOUBLE)      |
--------------------------------------
2021-10-01T08:00:00|1.6330464E12       |
.000+08:00         |                   |
--------------------------------------
2022-01-25T01:46:40|1.6430464E12       |
.000+08:00         |                   |
--------------------------------------
2022-05-20T19:33:20|1.6530464E12       |
.000+08:00         |                   |
--------------------------------------
2023-11-11T14:46:29|1.699685189E12     |
.000+08:00         |                   |
--------------------------------------
2023-11-27T09:15:39|1.701047739E12     |
.000+08:00         |                   |
--------------------------------------
2023-12-11T14:46:19|1.702277179E12     |
.000+08:00         |                   |
--------------------------------------
2023-12-11T14:46:39|1.702277199E12     |
.000+08:00         |                   |
--------------------------------------
2023-12-20T12:49:49|1.703047789E12     |
.000+08:00         |                   |
--------------------------------------
2024-04-05T08:33:09|1.712277189E12     |
.000+08:00         |                   |
--------------------------------------
2024-08-19T13:53:09|1.724046789E12     |
.000+08:00         |                   |
--------------------------------------
2024-08-19T14:31:29|1.724049089E12     |
.000+08:00         |                   |
--------------------------------------
2024-08-19T14:46:29|1.724049989E12     |
.000+08:00         |                   |
总数目：12
}

Elapsed Time: 0.0.9

-- [1]189:select s8, cast(s8 as DATE) from table_a order by s8
STRICT{
s8(TIMESTAMP)      |_col1(DATE)      |
------------------------------------
2021-10-01T08:00:00|2021-10-01       |
.000+08:00         |                 |
------------------------------------
2022-01-25T01:46:40|2022-01-25       |
.000+08:00         |                 |
------------------------------------
2022-05-20T19:33:20|2022-05-20       |
.000+08:00         |                 |
------------------------------------
2023-11-11T14:46:29|2023-11-11       |
.000+08:00         |                 |
------------------------------------
2023-11-27T09:15:39|2023-11-27       |
.000+08:00         |                 |
------------------------------------
2023-12-11T14:46:19|2023-12-11       |
.000+08:00         |                 |
------------------------------------
2023-12-11T14:46:39|2023-12-11       |
.000+08:00         |                 |
------------------------------------
2023-12-20T12:49:49|2023-12-20       |
.000+08:00         |                 |
------------------------------------
2024-04-05T08:33:09|2024-04-05       |
.000+08:00         |                 |
------------------------------------
2024-08-19T13:53:09|2024-08-19       |
.000+08:00         |                 |
------------------------------------
2024-08-19T14:31:29|2024-08-19       |
.000+08:00         |                 |
------------------------------------
2024-08-19T14:46:29|2024-08-19       |
.000+08:00         |                 |
总数目：12
}

Elapsed Time: 0.0.10

-- [1]190:select s8, cast(s8 as STRING) from table_a order by s8
STRICT{
s8(TIMESTAMP)      |_col1(STRING)      |
--------------------------------------
2021-10-01T08:00:00|2021-10-01T08:00   |
.000+08:00         |                   |
--------------------------------------
2022-01-25T01:46:40|2022-01-25T01:46:40|
.000+08:00         |                   |
--------------------------------------
2022-05-20T19:33:20|2022-05-20T19:33:20|
.000+08:00         |                   |
--------------------------------------
2023-11-11T14:46:29|2023-11-11T14:46:29|
.000+08:00         |                   |
--------------------------------------
2023-11-27T09:15:39|2023-11-27T09:15:39|
.000+08:00         |                   |
--------------------------------------
2023-12-11T14:46:19|2023-12-11T14:46:19|
.000+08:00         |                   |
--------------------------------------
2023-12-11T14:46:39|2023-12-11T14:46:39|
.000+08:00         |                   |
--------------------------------------
2023-12-20T12:49:49|2023-12-20T12:49:49|
.000+08:00         |                   |
--------------------------------------
2024-04-05T08:33:09|2024-04-05T08:33:09|
.000+08:00         |                   |
--------------------------------------
2024-08-19T13:53:09|2024-08-19T13:53:09|
.000+08:00         |                   |
--------------------------------------
2024-08-19T14:31:29|2024-08-19T14:31:29|
.000+08:00         |                   |
--------------------------------------
2024-08-19T14:46:29|2024-08-19T14:46:29|
.000+08:00         |                   |
总数目：12
}

Elapsed Time: 0.0.8

-- [1]191:select s8, cast(s8 as BLOB) from table_a order by s8
STRICT{
s8(TIMESTAMP)      |_col1(BLOB)      |
------------------------------------
2021-10-01T08:00:00|0x0000017c39268c0|
.000+08:00         |0                |
------------------------------------
2022-01-25T01:46:40|0x0000017e8d32700|
.000+08:00         |0                |
------------------------------------
2022-05-20T19:33:20|0x00000180e13e540|
.000+08:00         |0                |
------------------------------------
2023-11-11T14:46:29|0x0000018bbd21c58|
.000+08:00         |8                |
------------------------------------
2023-11-27T09:15:39|0x0000018c0e58a27|
.000+08:00         |8                |
------------------------------------
2023-12-11T14:46:19|0x0000018c57a0667|
.000+08:00         |8                |
------------------------------------
2023-12-11T14:46:39|0x0000018c57a0b49|
.000+08:00         |8                |
------------------------------------
2023-12-20T12:49:49|0x0000018c858ef9c|
.000+08:00         |8                |
------------------------------------
2024-04-05T08:33:09|0x0000018eabac718|
.000+08:00         |8                |
------------------------------------
2024-08-19T13:53:09|0x000001916932498|
.000+08:00         |8                |
------------------------------------
2024-08-19T14:31:29|0x00000191695561e|
.000+08:00         |8                |
------------------------------------
2024-08-19T14:46:29|0x0000019169631d8|
.000+08:00         |8                |
总数目：12
}

Elapsed Time: 0.0.8
-- [1]194:select time,device_id,cast(s9 as BOOLEAN) from table_a group by time,device_id,s9
STRICT{
SQLSTATE : 701: Invalid text input for boolean type: abcd
}
-- [1]195:select time,device_id,cast(s9 as TEXT) from table_a group by time,device_id
STRICT{
SQLSTATE : 701: 'CAST(s9 AS TEXT)' must be an aggregate expression or appear in GROUP BY clause
EXPECT:PASS
}
-- [1]196:select time,device_id,cast(s9 as INT32) from table_a group by time,device_id,s9
STRICT{
SQLSTATE : 701: Cannot cast abcd to INT32 type
}
-- [1]197:select time,device_id,cast(s9 as INT64) from table_a group by time,device_id,s9
STRICT{
SQLSTATE : 701: Cannot cast abcd to INT64 type
}
-- [1]198:select time,device_id,cast(s9 as FLOAT) from table_a group by time,device_id,s9
STRICT{
SQLSTATE : 701: Cannot cast abcd to FLOAT type
}
-- [1]199:select time,device_id,cast(s9 as DOUBLE) from table_a group by time,device_id,s9
STRICT{
SQLSTATE : 701: Cannot cast abcd to DOUBLE type
}
-- [1]200:select time,device_id,cast(s9 as DATE) from table_a group by time,device_id,s9
STRICT{
SQLSTATE : 701: Cannot cast abcd to DATE type
}
-- [1]201:select time,device_id,cast(s9 as TIMESTAMP) from table_a group by time,device_id,s9
STRICT{
SQLSTATE : 301: Failed to convert abcd+08:00T00:00:00+08:00 to millisecond, zone offset is +08:00, please input like 2011-12-03T10:15:30 or 2011-12-03T10:15:30+01:00
}

-- [1]202:select time,device_id,cast(s9 as BLOB) from table_a group by time,device_id,s9
STRICT{
time(TIMESTAMP)      |device_id(STRING)      |_col2(BLOB)      |
-------------------------------------------------------------
1970-01-01T08:00:00.0|d1                     |0x61626364       |
01+08:00             |                       |                 |
-------------------------------------------------------------
1970-01-01T08:00:00.0|d1                     |0x65727462736164 |
02+08:00             |                       |                 |
-------------------------------------------------------------
1970-01-01T08:00:00.0|d1                     |0x7a7365667233343|
03+08:00             |                       |5446572          |
-------------------------------------------------------------
1970-01-01T08:00:00.0|d1                     |0x736466         |
04+08:00             |                       |                 |
-------------------------------------------------------------
1970-01-01T08:00:00.0|d1                     |0x636667686573646|
05+08:00             |                       |76661617365      |
-------------------------------------------------------------
1970-01-01T08:00:00.0|d1                     |0x657274         |
06+08:00             |                       |                 |
-------------------------------------------------------------
1970-01-01T08:00:00.0|d2                     |0x74657374313131 |
07+08:00             |                       |                 |
-------------------------------------------------------------
1970-01-01T08:00:00.0|d2                     |0x696f65703131   |
08+08:00             |                       |                 |
-------------------------------------------------------------
1970-01-01T08:00:00.0|d2                     |0x756575         |
09+08:00             |                       |                 |
-------------------------------------------------------------
1970-01-01T08:00:00.0|d2                     |0x736164         |
10+08:00             |                       |                 |
-------------------------------------------------------------
1970-01-01T08:00:00.0|d2                     |0x736164         |
11+08:00             |                       |                 |
-------------------------------------------------------------
1970-01-01T08:00:00.0|d2                     |0x736164         |
12+08:00             |                       |                 |
总数目：12
}

Elapsed Time: 0.0.12
-- [1]205:select time,device_id,cast(s10 as BOOLEAN) from table_a group by time,device_id,s10
STRICT{
SQLSTATE : 701: Invalid text input for boolean type: 0xabcd
}

-- [1]206:select time,device_id,cast(s10 as TEXT) from table_a group by time,device_id,s10
STRICT{
time(TIMESTAMP)      |device_id(STRING)      |_col2(TEXT)      |
-------------------------------------------------------------
1970-01-01T08:00:00.0|d1                     |��               |
01+08:00             |                       |                 |
-------------------------------------------------------------
1970-01-01T08:00:00.0|d1                     |$�               |
02+08:00             |                       |                 |
-------------------------------------------------------------
1970-01-01T08:00:00.0|d1                     |��               |
03+08:00             |                       |                 |
-------------------------------------------------------------
1970-01-01T08:00:00.0|d1                     |$                |
04+08:00             |                       |                 |
-------------------------------------------------------------
1970-01-01T08:00:00.0|d1                     |WAVE             |
05+08:00             |                       |                 |
-------------------------------------------------------------
1970-01-01T08:00:00.0|d1                     |M                |
06+08:00             |                       |                 |
-------------------------------------------------------------
1970-01-01T08:00:00.0|d2                     |IF              |
07+08:00             |                       |                 |
-------------------------------------------------------------
1970-01-01T08:00:00.0|d2                     |���              |
08+08:00             |                       |                 |
-------------------------------------------------------------
1970-01-01T08:00:00.0|d2                     |����             |
09+08:00             |                       |                 |
-------------------------------------------------------------
1970-01-01T08:00:00.0|d2                     |fmt              |
10+08:00             |                       |                 |
-------------------------------------------------------------
1970-01-01T08:00:00.0|d2                     |�                |
11+08:00             |                       |                 |
-------------------------------------------------------------
1970-01-01T08:00:00.0|d2                     |               |
12+08:00             |                       |                 |
总数目：12
}

Elapsed Time: 0.0.13
-- [1]207:select time,device_id,cast(s10 as INT32) from table_a group by time,device_id,s10
STRICT{
SQLSTATE : 701: Cannot cast 0xabcd to INT32 type
}
-- [1]208:select time,device_id,cast(s10 as INT64) from table_a group by time,device_id,s10
STRICT{
SQLSTATE : 701: Cannot cast 0xabcd to INT64 type
}
-- [1]209:select time,device_id,cast(s10 as FLOAT) from table_a group by time,device_id,s10
STRICT{
SQLSTATE : 701: Cannot cast 0xabcd to FLOAT type
}
-- [1]210:select time,device_id,cast(s10 as DOUBLE) from table_a group by time,device_id,s10
STRICT{
SQLSTATE : 701: Cannot cast 0xabcd to DOUBLE type
}
-- [1]211:select time,device_id,cast(s10 as DATE) from table_a group by time,device_id,s10
STRICT{
SQLSTATE : 701: Cannot cast 0xabcd to DATE type
}
-- [1]212:select time,device_id,cast(s10 as TIMESTAMP) from table_a group by time,device_id,s10
STRICT{
SQLSTATE : 701: Cannot cast 0xabcd to TIMESTAMP type
}

-- [1]213:select time,device_id,cast(s10 as BLOB) from table_a group by time,device_id,s10
STRICT{
time(TIMESTAMP)      |device_id(STRING)      |_col2(BLOB)      |
-------------------------------------------------------------
1970-01-01T08:00:00.0|d1                     |0xabcd           |
01+08:00             |                       |                 |
-------------------------------------------------------------
1970-01-01T08:00:00.0|d1                     |0x24ad           |
02+08:00             |                       |                 |
-------------------------------------------------------------
1970-01-01T08:00:00.0|d1                     |0xa2cd           |
03+08:00             |                       |                 |
-------------------------------------------------------------
1970-01-01T08:00:00.0|d1                     |0x24             |
04+08:00             |                       |                 |
-------------------------------------------------------------
1970-01-01T08:00:00.0|d1                     |0x57415645       |
05+08:00             |                       |                 |
-------------------------------------------------------------
1970-01-01T08:00:00.0|d1                     |0x4d             |
06+08:00             |                       |                 |
-------------------------------------------------------------
1970-01-01T08:00:00.0|d2                     |0x49460001       |
07+08:00             |                       |                 |
-------------------------------------------------------------
1970-01-01T08:00:00.0|d2                     |0xabcdef         |
08+08:00             |                       |                 |
-------------------------------------------------------------
1970-01-01T08:00:00.0|d2                     |0xffd8ffe0       |
09+08:00             |                       |                 |
-------------------------------------------------------------
1970-01-01T08:00:00.0|d2                     |0x666d7420       |
10+08:00             |                       |                 |
-------------------------------------------------------------
1970-01-01T08:00:00.0|d2                     |0xae             |
11+08:00             |                       |                 |
-------------------------------------------------------------
1970-01-01T08:00:00.0|d2                     |0x01010000       |
12+08:00             |                       |                 |
总数目：12
}

Elapsed Time: 0.0.9
