-- [1]7:create database test_db
STRICT{
PASS
}
-- [1]10:use test_db
STRICT{
PASS
}
-- [1]15:create table table_1 (     region_id STRING TAG,    	device_id STRING TAG,     model_id STRING ATTRIBUTE, 	boolean BOOLEAN FIELD, 	text TEXT FIELD, 	string STRING FIELD, 	date DATE FIELD, 	timestamp TIMESTAMP FIELD, 	blob BLOB FIELD, 	int32 INT32 FIELD, 	int64 INT64 FIELD, 	float FLOAT FIELD, 	double DOUBLE FIELD )
STRICT{
PASS
}

-- [1]31:show tables
STRICT{
TableName(TEXT)      |TTL(ms)(TEXT)      |
----------------------------------------
table_1              |INF                |
总数目：1
}

Elapsed Time: 0.0.2
-- [1]34:desc table_1
STRICT{
ColumnName(TEXT)      |DataType(TEXT)      |Category(TEXT)      |
--------------------------------------------------------------
time                  |TIMESTAMP           |TIME                |
--------------------------------------------------------------
region_id             |STRING              |TAG                 |
--------------------------------------------------------------
device_id             |STRING              |TAG                 |
--------------------------------------------------------------
model_id              |STRING              |ATTRIBUTE           |
--------------------------------------------------------------
boolean               |BOOLEAN             |FIELD               |
--------------------------------------------------------------
text                  |TEXT                |FIELD               |
--------------------------------------------------------------
string                |STRING              |FIELD               |
--------------------------------------------------------------
date                  |DATE                |FIELD               |
--------------------------------------------------------------
timestamp             |TIMESTAMP           |FIELD               |
--------------------------------------------------------------
blob                  |BLOB                |FIELD               |
--------------------------------------------------------------
int32                 |INT32               |FIELD               |
--------------------------------------------------------------
int64                 |INT64               |FIELD               |
--------------------------------------------------------------
float                 |FLOAT               |FIELD               |
--------------------------------------------------------------
double                |DOUBLE              |FIELD               |
总数目：14
}
-- [1]40:insert into table_1( time, region_id, device_id, model_id, boolean, text, string, date, timestamp, blob, int32, int64, float, double ) values( 1, '001', 'd1', 'V1', false, 'text1', 'string1', '2020-01-10', 100000, X'11F8d7', 1, 1000, 1.1, 111.11 )
STRICT{
0
}

Elapsed Time: 0.2.44
-- [1]45:insert into table_1( time, region_id, device_id, model_id, boolean, text, string, date, timestamp, blob, int32, int64, float, double ) values( 2, '002', 'd2', 'V2', true, 'text2', 'string2', '2020-02-20', 16839200, X'3b', 10, 453, 11.1, 102.2 )
STRICT{
0
}

Elapsed Time: 0.0.65
-- [1]50:insert into table_1( time, region_id, device_id, model_id, boolean, text, string, date, timestamp, blob, int32, int64, float, double ) values( 3, '003', 'd3', 'V3', true, 'text2', 'string2', '2021-12-20', 116839200000, X'6728', 1, 123, 5.2, 333.3 )
STRICT{
0
}

Elapsed Time: 0.0.10
-- [1]55:insert into table_1( time, region_id, device_id, model_id, boolean, text, string, date, timestamp, blob, int32, int64, float, double ) values( 4, '004', 'd4', 'V4', false, 'text3', 'string3', '2022-06-11', 86700000, X'4b98', 2, 239, null, 666.66 )
STRICT{
0
}

Elapsed Time: 0.0.10
-- [1]60:insert into table_1( time, region_id, device_id, model_id, boolean, text, string, date, timestamp, blob, int32, int64, float, double ) values( 5, '005', 'd5', 'V3', false, 'text4', 'string2', '2023-12-15', 1378230000000, X'34', 10, 653, -1.1, 1111.2 )
STRICT{
0
}

Elapsed Time: 0.0.13
-- [1]65:insert into table_1( time, region_id, device_id, model_id, boolean, text, string, date, timestamp, blob, int32, int64, float, double ) values( 6, null, 'd6', 'V2', true, 'text3', 'string3', null, 1378230000000, X'34', 1, 653, 0.1, 1111.2 )
STRICT{
0
}

Elapsed Time: 0.0.10
-- [1]70:insert into table_1( time, region_id, device_id, model_id, boolean, text, string, date, timestamp, blob, int32, int64, float, double ) values( 7, '005', 'd5', 'V3', true, 'text4', 'string4', '2023-12-15', 1378230000000, X'34', 2, null, 555.5, 1111.2 )
STRICT{
0
}

Elapsed Time: 0.0.13
-- [1]75:insert into table_1( time, region_id, device_id, model_id, boolean, text, string, date, timestamp, blob, int32, int64, float, double ) values( 8, '002', 'd3', 'V1', true, 'text2', 'string5', null, 1378230000000, X'34', 2, 653, 13.13, null )
STRICT{
0
}

Elapsed Time: 0.0.12
-- [1]80:insert into table_1( time, region_id, device_id, model_id, boolean, text, string, date, timestamp, blob, int32, int64, float, double ) values( 9, '003', 'd3', 'V1', true, 'text4', null, '2023-12-15', null, X'34', 10, null, 2.1, 155.5 )
STRICT{
0
}

Elapsed Time: 0.0.6
-- [1]85:insert into table_1( time, region_id, device_id, model_id, boolean, text, string, date, timestamp, blob, int32, int64, float, double ) values( 10, '004', 'd4', 'V2', false, 'text5', 'string3', '2023-12-15', 18392378000, null, 1, null, -1.1, 11.2 )
STRICT{
0
}

Elapsed Time: 0.0.6

-- [1]89:select * from table_1 order by time
STRICT{
time(TIMESTAMP)      |region_id(STRING)      |device_id(STRING)      |model_id(STRING)      |boolean(BOOLEAN)      |text(TEXT)      |string(STRING)      |date(DATE)      |timestamp(TIMESTAMP)      |blob(BLOB)      |int32(INT32)      |int64(INT64)      |float(FLOAT)      |double(DOUBLE)      |
---------------------------------------------------------------------------------------------------------------------------------------------------------------------------------------------------------------------------------------------------------------------------------------
1970-01-01T08:00:00.0|001                    |d1                     |V1                    |false                 |text1           |string1             |2020-01-10      |1970-01-01T08:01:40.000+08|0x11f8d7        |1                 |1000              |1.1               |111.11              |
01+08:00             |                       |                       |                      |                      |                |                    |                |:00                       |                |                  |                  |                  |                    |
---------------------------------------------------------------------------------------------------------------------------------------------------------------------------------------------------------------------------------------------------------------------------------------
1970-01-01T08:00:00.0|002                    |d2                     |V2                    |true                  |text2           |string2             |2020-02-20      |1970-01-01T12:40:39.200+08|0x3b            |10                |453               |11.1              |102.2               |
02+08:00             |                       |                       |                      |                      |                |                    |                |:00                       |                |                  |                  |                  |                    |
---------------------------------------------------------------------------------------------------------------------------------------------------------------------------------------------------------------------------------------------------------------------------------------
1970-01-01T08:00:00.0|003                    |d3                     |V1                    |true                  |text2           |string2             |2021-12-20      |1973-09-14T15:20:00.000+08|0x6728          |1                 |123               |5.2               |333.3               |
03+08:00             |                       |                       |                      |                      |                |                    |                |:00                       |                |                  |                  |                  |                    |
---------------------------------------------------------------------------------------------------------------------------------------------------------------------------------------------------------------------------------------------------------------------------------------
1970-01-01T08:00:00.0|004                    |d4                     |V2                    |false                 |text3           |string3             |2022-06-11      |1970-01-02T08:05:00.000+08|0x4b98          |2                 |239               |null              |666.66              |
04+08:00             |                       |                       |                      |                      |                |                    |                |:00                       |                |                  |                  |                  |                    |
---------------------------------------------------------------------------------------------------------------------------------------------------------------------------------------------------------------------------------------------------------------------------------------
1970-01-01T08:00:00.0|005                    |d5                     |V3                    |false                 |text4           |string2             |2023-12-15      |2013-09-04T01:40:00.000+08|0x34            |10                |653               |-1.1              |1111.2              |
05+08:00             |                       |                       |                      |                      |                |                    |                |:00                       |                |                  |                  |                  |                    |
---------------------------------------------------------------------------------------------------------------------------------------------------------------------------------------------------------------------------------------------------------------------------------------
1970-01-01T08:00:00.0|null                   |d6                     |V2                    |true                  |text3           |string3             |null            |2013-09-04T01:40:00.000+08|0x34            |1                 |653               |0.1               |1111.2              |
06+08:00             |                       |                       |                      |                      |                |                    |                |:00                       |                |                  |                  |                  |                    |
---------------------------------------------------------------------------------------------------------------------------------------------------------------------------------------------------------------------------------------------------------------------------------------
1970-01-01T08:00:00.0|005                    |d5                     |V3                    |true                  |text4           |string4             |2023-12-15      |2013-09-04T01:40:00.000+08|0x34            |2                 |null              |555.5             |1111.2              |
07+08:00             |                       |                       |                      |                      |                |                    |                |:00                       |                |                  |                  |                  |                    |
---------------------------------------------------------------------------------------------------------------------------------------------------------------------------------------------------------------------------------------------------------------------------------------
1970-01-01T08:00:00.0|002                    |d3                     |V1                    |true                  |text2           |string5             |null            |2013-09-04T01:40:00.000+08|0x34            |2                 |653               |13.13             |null                |
08+08:00             |                       |                       |                      |                      |                |                    |                |:00                       |                |                  |                  |                  |                    |
---------------------------------------------------------------------------------------------------------------------------------------------------------------------------------------------------------------------------------------------------------------------------------------
1970-01-01T08:00:00.0|003                    |d3                     |V1                    |true                  |text4           |null                |2023-12-15      |null                      |0x34            |10                |null              |2.1               |155.5               |
09+08:00             |                       |                       |                      |                      |                |                    |                |                          |                |                  |                  |                  |                    |
---------------------------------------------------------------------------------------------------------------------------------------------------------------------------------------------------------------------------------------------------------------------------------------
1970-01-01T08:00:00.0|004                    |d4                     |V2                    |false                 |text5           |string3             |2023-12-15      |1970-08-02T04:59:38.000+08|null            |1                 |null              |-1.1              |11.2                |
10+08:00             |                       |                       |                      |                      |                |                    |                |:00                       |                |                  |                  |                  |                    |
总数目：10
}

Elapsed Time: 0.0.10

-- [1]93:select count(*) as count_value, min(int32) as min_value from table_1
STRICT{
count_value(INT64)      |min_value(INT32)      |
----------------------------------------------
10                      |1                     |
总数目：1
}

Elapsed Time: 0.0.41

-- [1]94:select region_id, max(double) as max_value from table_1 group by region_id
STRICT{
region_id(STRING)      |max_value(DOUBLE)      |
----------------------------------------------
001                    |111.11                 |
----------------------------------------------
002                    |102.2                  |
----------------------------------------------
003                    |333.3                  |
----------------------------------------------
004                    |666.66                 |
----------------------------------------------
005                    |1111.2                 |
----------------------------------------------
null                   |1111.2                 |
总数目：6
}

Elapsed Time: 0.0.31

-- [1]95:select model_id, 2+(last(int32)+ first(double)) as total_value from table_1 group by model_id
STRICT{
model_id(STRING)      |total_value(DOUBLE)      |
-----------------------------------------------
V1                    |123.11                   |
-----------------------------------------------
V2                    |105.2                    |
-----------------------------------------------
V3                    |1115.2                   |
总数目：3
}

Elapsed Time: 0.0.46

-- [1]96:select time, text, blob, max_by(float,time) as max_by_value,first_by(double,time) as first_by_value 	from table_1 group by time,text,blob order by time
STRICT{
time(TIMESTAMP)      |text(TEXT)      |blob(BLOB)      |max_by_value(FLOAT)      |first_by_value(DOUBLE)      |
----------------------------------------------------------------------------------------------------------
1970-01-01T08:00:00.0|text1           |0x11f8d7        |1.1                      |111.11                      |
01+08:00             |                |                |                         |                            |
----------------------------------------------------------------------------------------------------------
1970-01-01T08:00:00.0|text2           |0x3b            |11.1                     |102.2                       |
02+08:00             |                |                |                         |                            |
----------------------------------------------------------------------------------------------------------
1970-01-01T08:00:00.0|text2           |0x6728          |5.2                      |333.3                       |
03+08:00             |                |                |                         |                            |
----------------------------------------------------------------------------------------------------------
1970-01-01T08:00:00.0|text3           |0x4b98          |null                     |666.66                      |
04+08:00             |                |                |                         |                            |
----------------------------------------------------------------------------------------------------------
1970-01-01T08:00:00.0|text4           |0x34            |-1.1                     |1111.2                      |
05+08:00             |                |                |                         |                            |
----------------------------------------------------------------------------------------------------------
1970-01-01T08:00:00.0|text3           |0x34            |0.1                      |1111.2                      |
06+08:00             |                |                |                         |                            |
----------------------------------------------------------------------------------------------------------
1970-01-01T08:00:00.0|text4           |0x34            |555.5                    |1111.2                      |
07+08:00             |                |                |                         |                            |
----------------------------------------------------------------------------------------------------------
1970-01-01T08:00:00.0|text2           |0x34            |13.13                    |null                        |
08+08:00             |                |                |                         |                            |
----------------------------------------------------------------------------------------------------------
1970-01-01T08:00:00.0|text4           |0x34            |2.1                      |155.5                       |
09+08:00             |                |                |                         |                            |
----------------------------------------------------------------------------------------------------------
1970-01-01T08:00:00.0|text5           |null            |-1.1                     |11.2                        |
10+08:00             |                |                |                         |                            |
总数目：10
}

Elapsed Time: 0.0.32

-- [1]98:select region_id,device_id,model_id from table_1 group by region_id,device_id,model_id order by region_id
STRICT{
region_id(STRING)      |device_id(STRING)      |model_id(STRING)      |
--------------------------------------------------------------------
001                    |d1                     |V1                    |
--------------------------------------------------------------------
002                    |d2                     |V2                    |
--------------------------------------------------------------------
002                    |d3                     |V1                    |
--------------------------------------------------------------------
003                    |d3                     |V1                    |
--------------------------------------------------------------------
004                    |d4                     |V2                    |
--------------------------------------------------------------------
005                    |d5                     |V3                    |
--------------------------------------------------------------------
null                   |d6                     |V2                    |
总数目：7
}

Elapsed Time: 0.0.14

-- [1]99:select device_id, mode(region_id) as mode_result, 11+(avg(int32)+variance(int64)) as total_result, 	first(text) as first_result, last(blob) as last_result from table_1 group by device_id
STRICT{
device_id(STRING)      |mode_result(STRING)      |total_result(DOUBLE)      |first_result(TEXT)      |last_result(BLOB)      |
-------------------------------------------------------------------------------------------------------------------------
d1                     |001                      |null                      |text1                   |0x11f8d7               |
-------------------------------------------------------------------------------------------------------------------------
d2                     |002                      |null                      |text2                   |0x3b                   |
-------------------------------------------------------------------------------------------------------------------------
d3                     |003                      |140465.33333333334        |text2                   |0x34                   |
-------------------------------------------------------------------------------------------------------------------------
d4                     |004                      |null                      |text3                   |0x4b98                 |
-------------------------------------------------------------------------------------------------------------------------
d5                     |005                      |null                      |text4                   |0x34                   |
-------------------------------------------------------------------------------------------------------------------------
d6                     |null                     |null                      |text3                   |0x34                   |
总数目：6
}

Elapsed Time: 0.0.22
-- [1]102:select device_id,boolean from table_1 group by device_id
STRICT{
SQLSTATE : 701: 'boolean' must be an aggregate expression or appear in GROUP BY clause
}
-- [1]103:select time, avg(double) from table_1 group by device_id
STRICT{
SQLSTATE : 701: 'time' must be an aggregate expression or appear in GROUP BY clause
}
-- [1]104:select date, sum(int32+int64+float+double) from table_1
STRICT{
SQLSTATE : 701: 'date' must be an aggregate expression or appear in GROUP BY clause
}
-- [1]107:select device_id, min(int32) from table_1 group by -1
STRICT{
SQLSTATE : 701: GROUP BY position -1 is not in select list
}
-- [1]108:select device_id, count(boolean) from table_1 group by 0.5
STRICT{
SQLSTATE : 701: 'device_id' must be an aggregate expression or appear in GROUP BY clause
}
-- [1]109:select device_id, count(string), avg(int64) from table_1 group by 0
STRICT{
SQLSTATE : 701: GROUP BY position 0 is not in select list
}
-- [1]110:select region_id, device_id, model_id, count(double), avg(int64) from table_1 group by 5
STRICT{
SQLSTATE : 701: GROUP BY clause cannot contain aggregations, window functions or grouping operations: [avg(int64)]
}
-- [1]111:select region_id, device_id, model_id, count(double), avg(int64) from table_1 group by 6
STRICT{
SQLSTATE : 701: GROUP BY position 6 is not in select list
}

-- [1]113:select region_id, timestamp, avg(int64+double) as avg_value from table_1 group by 1,timestamp order by region_id,timestamp
STRICT{
region_id(STRING)      |timestamp(TIMESTAMP)      |avg_value(DOUBLE)      |
------------------------------------------------------------------------
001                    |1970-01-01T08:01:40.000+08|1111.11                |
                       |:00                       |                       |
------------------------------------------------------------------------
002                    |1970-01-01T12:40:39.200+08|555.2                  |
                       |:00                       |                       |
------------------------------------------------------------------------
002                    |2013-09-04T01:40:00.000+08|null                   |
                       |:00                       |                       |
------------------------------------------------------------------------
003                    |1973-09-14T15:20:00.000+08|456.3                  |
                       |:00                       |                       |
------------------------------------------------------------------------
003                    |null                      |null                   |
------------------------------------------------------------------------
004                    |1970-01-02T08:05:00.000+08|905.66                 |
                       |:00                       |                       |
------------------------------------------------------------------------
004                    |1970-08-02T04:59:38.000+08|null                   |
                       |:00                       |                       |
------------------------------------------------------------------------
005                    |2013-09-04T01:40:00.000+08|1764.2                 |
                       |:00                       |                       |
------------------------------------------------------------------------
null                   |2013-09-04T01:40:00.000+08|1764.2                 |
                       |:00                       |                       |
总数目：9
}

Elapsed Time: 0.0.21

-- [1]114:select device_id, last(string) as last_value, last_by(time,int32) as last_by_value from table_1 group by device_id
STRICT{
device_id(STRING)      |last_value(STRING)      |last_by_value(TIMESTAMP)      |
-----------------------------------------------------------------------------
d1                     |string1                 |1970-01-01T08:00:00.001+08:00 |
-----------------------------------------------------------------------------
d2                     |string2                 |1970-01-01T08:00:00.002+08:00 |
-----------------------------------------------------------------------------
d3                     |string5                 |1970-01-01T08:00:00.009+08:00 |
-----------------------------------------------------------------------------
d4                     |string3                 |1970-01-01T08:00:00.010+08:00 |
-----------------------------------------------------------------------------
d5                     |string4                 |1970-01-01T08:00:00.007+08:00 |
-----------------------------------------------------------------------------
d6                     |string3                 |1970-01-01T08:00:00.006+08:00 |
总数目：6
}

Elapsed Time: 0.0.17

-- [1]115:select region_id, device_id, model_id, count(*) as count_value, avg(int64) as avg_value 	from table_1 group by region_id,device_id,3 order by region_id,device_id,model_id
STRICT{
region_id(STRING)      |device_id(STRING)      |model_id(STRING)      |count_value(INT64)      |avg_value(DOUBLE)      |
-------------------------------------------------------------------------------------------------------------------
001                    |d1                     |V1                    |1                       |1000.0                 |
-------------------------------------------------------------------------------------------------------------------
002                    |d2                     |V2                    |1                       |453.0                  |
-------------------------------------------------------------------------------------------------------------------
002                    |d3                     |V1                    |1                       |653.0                  |
-------------------------------------------------------------------------------------------------------------------
003                    |d3                     |V1                    |2                       |123.0                  |
-------------------------------------------------------------------------------------------------------------------
004                    |d4                     |V2                    |2                       |239.0                  |
-------------------------------------------------------------------------------------------------------------------
005                    |d5                     |V3                    |2                       |653.0                  |
-------------------------------------------------------------------------------------------------------------------
null                   |d6                     |V2                    |1                       |653.0                  |
总数目：7
}

Elapsed Time: 0.0.12

-- [1]117:select region_id,device_id,count(*) as count_result from table_1 group by 1,2 order by region_id,device_id
STRICT{
region_id(STRING)      |device_id(STRING)      |count_result(INT64)      |
-----------------------------------------------------------------------
001                    |d1                     |1                        |
-----------------------------------------------------------------------
002                    |d2                     |1                        |
-----------------------------------------------------------------------
002                    |d3                     |1                        |
-----------------------------------------------------------------------
003                    |d3                     |2                        |
-----------------------------------------------------------------------
004                    |d4                     |2                        |
-----------------------------------------------------------------------
005                    |d5                     |2                        |
-----------------------------------------------------------------------
null                   |d6                     |1                        |
总数目：7
}

Elapsed Time: 0.0.12

-- [1]118:select date_bin(2ms,time) as date_bin_result, device_id, model_id, avg(double-int64) as avg_result  	from table_1 where time > 1 and time < 10 group by 1,2,3 offset 2 limit 5
STRICT{
date_bin_result(TIMESTAMP)      |device_id(STRING)      |model_id(STRING)      |avg_result(DOUBLE)      |
-----------------------------------------------------------------------------------------------------
1970-01-01T08:00:00.002+08:00   |d3                     |V1                    |210.3                   |
-----------------------------------------------------------------------------------------------------
1970-01-01T08:00:00.004+08:00   |d4                     |V2                    |427.65999999999997      |
-----------------------------------------------------------------------------------------------------
1970-01-01T08:00:00.004+08:00   |d5                     |V3                    |458.20000000000005      |
-----------------------------------------------------------------------------------------------------
1970-01-01T08:00:00.006+08:00   |d5                     |V3                    |null                    |
-----------------------------------------------------------------------------------------------------
1970-01-01T08:00:00.006+08:00   |d6                     |V2                    |458.20000000000005      |
总数目：5
}

Elapsed Time: 0.0.27

-- [1]120:select date_bin(5ms,time) as date_bin_result, device_id, model_id, avg(double-int64) as avg_result,boolean  	from table_1 where time > 1 and time < 10 group by 1,2,3,5
STRICT{
date_bin_result(TIMESTAMP)      |device_id(STRING)      |model_id(STRING)      |avg_result(DOUBLE)      |boolean(BOOLEAN)      |
---------------------------------------------------------------------------------------------------------------------------
1970-01-01T08:00:00.000+08:00   |d2                     |V2                    |-350.8                  |true                  |
---------------------------------------------------------------------------------------------------------------------------
1970-01-01T08:00:00.005+08:00   |d3                     |V1                    |null                    |true                  |
---------------------------------------------------------------------------------------------------------------------------
1970-01-01T08:00:00.000+08:00   |d3                     |V1                    |210.3                   |true                  |
---------------------------------------------------------------------------------------------------------------------------
1970-01-01T08:00:00.000+08:00   |d4                     |V2                    |427.65999999999997      |false                 |
---------------------------------------------------------------------------------------------------------------------------
1970-01-01T08:00:00.005+08:00   |d5                     |V3                    |458.20000000000005      |false                 |
---------------------------------------------------------------------------------------------------------------------------
1970-01-01T08:00:00.005+08:00   |d5                     |V3                    |null                    |true                  |
---------------------------------------------------------------------------------------------------------------------------
1970-01-01T08:00:00.005+08:00   |d6                     |V2                    |458.20000000000005      |true                  |
总数目：7
}

Elapsed Time: 0.0.16

-- [1]126:select region_id, int32, int64    from (           select date_bin(5ms, time) as time, region_id, int32, int64, avg(float) as avg_value             from table_1             where time >= 2 and time < 10            GROUP BY 1,2,3,4         )    where int32 > 2    GROUP BY region_id,2,3    HAVING count(*) > 0
STRICT{
region_id(STRING)      |int32(INT32)      |int64(INT64)      |
-----------------------------------------------------------
002                    |10                |453               |
-----------------------------------------------------------
003                    |10                |null              |
-----------------------------------------------------------
005                    |10                |653               |
总数目：3
}

Elapsed Time: 0.0.30

-- [1]136:select region_id,         AVG(float) AS avg_result  from table_1  where time >= 0 AND time < 10 GROUP BY region_id  HAVING  count(*) > 1
STRICT{
region_id(STRING)      |avg_result(DOUBLE)      |
-----------------------------------------------
002                    |12.115000247955322      |
-----------------------------------------------
003                    |3.6499998569488525      |
-----------------------------------------------
005                    |277.19999998807907      |
总数目：3
}

Elapsed Time: 0.0.16
-- [1]141:select count(*) as count_result, avg(double), first_by(boolean,time), last(timestamp) from table_1  	where time > 2 and time <= 9 group by count_result
STRICT{
SQLSTATE : 616: Column 'count_result' cannot be resolved
}

-- [1]144:select count(*) as count_result, avg(double) as avg_result, first_by(boolean,time) as first_by_result, last(timestamp) as last_result from table_1 where time > 2 and time <= 9 group by model_id
STRICT{
count_result(INT64)      |avg_result(DOUBLE)      |first_by_result(BOOLEAN)      |last_result(TIMESTAMP)      |
-----------------------------------------------------------------------------------------------------------
3                        |244.4                   |true                          |1970-01-01T08:00:00.008+08:0|
                         |                        |                              |0                           |
-----------------------------------------------------------------------------------------------------------
2                        |888.9300000000001       |false                         |1970-01-01T08:00:00.006+08:0|
                         |                        |                              |0                           |
-----------------------------------------------------------------------------------------------------------
2                        |1111.2                  |false                         |1970-01-01T08:00:00.007+08:0|
                         |                        |                              |0                           |
总数目：3
}

Elapsed Time: 0.0.16

-- [1]147:select count(*) as count_result from table_1 group by timestamp order by count_result
STRICT{
count_result(INT64)      |
-------------------------
1                        |
-------------------------
1                        |
-------------------------
1                        |
-------------------------
1                        |
-------------------------
1                        |
-------------------------
1                        |
-------------------------
4                        |
总数目：7
}

Elapsed Time: 0.0.12
-- [1]148:select avg(*) as avg_result from table_1 group by boolean
STRICT{
SQLSTATE : 701: Aggregate functions [avg] should only have one argument
}
-- [1]149:select extreme(*) as extreme_result from table_1 group by time
STRICT{
SQLSTATE : 701: Aggregate functions [extreme] should only have one argument
}
-- [1]150:select variance(*) as var_result from table_1 group by timestamp
STRICT{
SQLSTATE : 701: Aggregate functions [variance] should only have one argument
}

-- [1]153:select date_bin_gapfill(5m, time) as minute_tim, device_id, avg(double) as avg_double from table_1 where time > 20000 and time < 30000 group by 1, device_id
STRICT{
minute_tim(TIMESTAMP)      |device_id(STRING)      |avg_double(DOUBLE)      |
总数目：0
}

Elapsed Time: 0.0.17
