
-- [1]12:create database test_db
STRICT{
PASS
}

-- [1]15:use test_db
STRICT{
PASS
}

-- [1]23:create table employees (     department_id STRING TAG,     remark STRING ATTRIBUTE,     name TEXT FIELD,     Gender TEXT FIELD, 	Status BOOLEAN FIELD, 	employee_id INT32 FIELD, 	salary DOUBLE FIELD, 	date_of_birth DATE FIELD, 	Contac_info string FIELD )
STRICT{
PASS
}

-- [1]33:create table departments  (     department_id STRING TAG,     dep_description STRING ATTRIBUTE,     dep_name TEXT FIELD,     dep_phone TEXT FIELD, 	dep_status BOOLEAN FIELD, 	dep_member INT32 FIELD, 	employee_id INT32 FIELD )
STRICT{
PASS
}

-- [1]44:create table customers ( 	customer_id STRING TAG, 	remark STRING ATTRIBUTE, 	customer_name TEXT, 	region TEXT, 	order_id INT64 )
STRICT{
PASS
}

-- [1]53:create table orders ( 	customer_id STRING TAG, 	employee_id INT32, 	project_id STRING TAG, 	project_name STRING ATTRIBUTE, 	order_id INT64, 	order_amount FLOAT	 )
STRICT{
PASS
}

-- [1]63:show tables
STRICT{
TableName(TEXT)      |TTL(ms)(TEXT)      |
----------------------------------------
customers            |INF                |
----------------------------------------
departments          |INF                |
----------------------------------------
employees            |INF                |
----------------------------------------
orders               |INF                |
总数目：4
}
Elapsed Time: 0.0.1

-- [1]66:desc employees
STRICT{
ColumnName(TEXT)      |DataType(TEXT)      |Category(TEXT)      |
--------------------------------------------------------------
time                  |TIMESTAMP           |TIME                |
--------------------------------------------------------------
department_id         |STRING              |TAG                 |
--------------------------------------------------------------
remark                |STRING              |ATTRIBUTE           |
--------------------------------------------------------------
name                  |TEXT                |FIELD               |
--------------------------------------------------------------
gender                |TEXT                |FIELD               |
--------------------------------------------------------------
status                |BOOLEAN             |FIELD               |
--------------------------------------------------------------
employee_id           |INT32               |FIELD               |
--------------------------------------------------------------
salary                |DOUBLE              |FIELD               |
--------------------------------------------------------------
date_of_birth         |DATE                |FIELD               |
--------------------------------------------------------------
contac_info           |STRING              |FIELD               |
总数目：10
}
Elapsed Time: 0.0.0

-- [1]67:desc departments
STRICT{
ColumnName(TEXT)      |DataType(TEXT)      |Category(TEXT)      |
--------------------------------------------------------------
time                  |TIMESTAMP           |TIME                |
--------------------------------------------------------------
department_id         |STRING              |TAG                 |
--------------------------------------------------------------
dep_description       |STRING              |ATTRIBUTE           |
--------------------------------------------------------------
dep_name              |TEXT                |FIELD               |
--------------------------------------------------------------
dep_phone             |TEXT                |FIELD               |
--------------------------------------------------------------
dep_status            |BOOLEAN             |FIELD               |
--------------------------------------------------------------
dep_member            |INT32               |FIELD               |
--------------------------------------------------------------
employee_id           |INT32               |FIELD               |
总数目：8
}
Elapsed Time: 0.0.0

-- [1]68:desc orders
STRICT{
ColumnName(TEXT)      |DataType(TEXT)      |Category(TEXT)      |
--------------------------------------------------------------
time                  |TIMESTAMP           |TIME                |
--------------------------------------------------------------
customer_id           |STRING              |TAG                 |
--------------------------------------------------------------
employee_id           |INT32               |FIELD               |
--------------------------------------------------------------
project_id            |STRING              |TAG                 |
--------------------------------------------------------------
project_name          |STRING              |ATTRIBUTE           |
--------------------------------------------------------------
order_id              |INT64               |FIELD               |
--------------------------------------------------------------
order_amount          |FLOAT               |FIELD               |
总数目：7
}
Elapsed Time: 0.0.0

-- [1]69:desc customers
STRICT{
ColumnName(TEXT)      |DataType(TEXT)      |Category(TEXT)      |
--------------------------------------------------------------
time                  |TIMESTAMP           |TIME                |
--------------------------------------------------------------
customer_id           |STRING              |TAG                 |
--------------------------------------------------------------
remark                |STRING              |ATTRIBUTE           |
--------------------------------------------------------------
customer_name         |TEXT                |FIELD               |
--------------------------------------------------------------
region                |TEXT                |FIELD               |
--------------------------------------------------------------
order_id              |INT64               |FIELD               |
总数目：6
}
Elapsed Time: 0.0.1

-- [1]73:insert into employees( time, department_id, remark, name, gender, status, employee_id, salary, date_of_birth, contac_info) values (1, 'D001', 'good', 'Mary','Female', false, 1223, 5500.22, '1988-10-12', '133-1212-1234')
STRICT{
0
}
Elapsed Time: 0.0.929

-- [1]76:insert into employees( time, department_id, remark, name, gender, status, employee_id, salary, date_of_birth, contac_info) values (2, 'D001', 'great', 'John', 'Male', true, 40012, 8822, '1985-06-15', '130-1002-1334')
STRICT{
0
}
Elapsed Time: 0.0.6

-- [1]79:insert into employees( time, department_id, remark, name, gender, status, employee_id, salary, date_of_birth, contac_info) values (3, 'D002', 'excellent', 'Nancy', 'Female', true, 30112, 10002, '1983-08-15', '135-1302-1354')
STRICT{
0
}
Elapsed Time: 0.0.64

-- [1]82:insert into employees( time, department_id, remark, name, gender, status, employee_id, salary, date_of_birth, contac_info) values (4, 'D002', 'good', 'Jack', 'Male', false, 12212, 7000, '1990-03-26', '138-1012-1353')
STRICT{
0
}
Elapsed Time: 0.0.11

-- [1]85:insert into employees( time, department_id, remark, name, gender, status, employee_id, salary, date_of_birth, contac_info) values (5, 'D003', 'great', 'Linda', 'Female', false, 10212, 5600, '1995-06-15', '150-2003-1355')
STRICT{
0
}
Elapsed Time: 0.0.9

-- [1]89:insert into departments( time, department_id, dep_description, dep_name, dep_phone, dep_status, dep_member,employee_id) values (1, 'D001', 'goods','销售部', '010-2271-2120', false, 1223,1223)
STRICT{
0
}
Elapsed Time: 0.0.10

-- [1]92:insert into departments( time, department_id, dep_description, dep_name, dep_phone, dep_status, dep_member,employee_id) values (2, 'D001', 'goods','销售部', '010-2271-2120', false, 102, 40012)
STRICT{
0
}
Elapsed Time: 0.0.3

-- [1]95:insert into departments( time, department_id, dep_description, dep_name, dep_phone, dep_status, dep_member,employee_id) values (3, 'D002', 'service','客服部', '010-2077-2520', true, 220, 30112)
STRICT{
0
}
Elapsed Time: 0.0.7

-- [1]98:insert into departments( time, department_id, dep_description, dep_name, dep_phone, dep_status, dep_member,employee_id) values (4, 'D002', 'service','客服部', '010-2077-2520', true, 2012, 12212)
STRICT{
0
}
Elapsed Time: 0.0.2

-- [1]101:insert into departments( time, department_id, dep_description, dep_name, dep_phone, dep_status, dep_member,employee_id) values (5, 'D003', 'IT','研发部', '010-3272-2310', true, 300, 10212)
STRICT{
0
}
Elapsed Time: 0.0.7

-- [1]111:insert into orders(time, customer_id, employee_id, project_id, project_name, order_id, order_amount) values (1, 'C111000111', 12212, 'P1001001', 'chair', 111122223333, 5000.89), (2, 'C332113221', 40012, 'P2002021', 'table', 222333445881,1860.5), (3, 'C113344421', 10212, 'P3893001', 'mirror', 66788843922,3699.88), (4, 'C223321123', 1223, 'P0010100', 'clothes', 7263722222,8888.88), (5, 'C123532982', 30112, 'P3983819', 'shoes',22238472992, 9999.9), (6, null,1002293,'P22633332','cars',3729837293838,350102.9), (7, 'C566378432', 10212, 'P22633332', 'cars',null, null)
STRICT{
0
}
Elapsed Time: 0.0.46

-- [1]120:insert into customers(time,customer_id, remark, customer_name, region, order_id) values (1, 'C111000111', 'A', 'Helen', 'Beijing', 22238472992), (2, 'C332113221', 'A', 'Mike', 'Shanghai', 111122223333), (3, 'C113344421', 'B', 'John', 'Hebei', 66788843922), (4, 'C223321123', 'A', 'Jack', 'Guangzhou', 7263722222), (5, 'C123532982', 'B', 'Amy', 'Tianjin', 222333445881), (6, null, 'C', 'CoCO', 'Beijing', 3729837293838), (7, 'C092938273', 'A', 'Nancy', 'Shanghai',null)
STRICT{
0
}
Elapsed Time: 0.0.28

-- [1]123:select * from employees order by time
STRICT{
time(TIMESTAMP)      |department_id(STRING)      |remark(STRING)      |name(TEXT)      |gender(TEXT)      |status(BOOLEAN)      |employee_id(INT32)      |salary(DOUBLE)      |date_of_birth(DATE)      |contac_info(STRING)      |
-------------------------------------------------------------------------------------------------------------------------------------------------------------------------------------------------------------------------
1970-01-01T08:00:00.0|D001                       |great               |Mary            |Female            |false                |1223                    |5500.22             |1988-10-12               |133-1212-1234            |
01+08:00             |                           |                    |                |                  |                     |                        |                    |                         |                         |
-------------------------------------------------------------------------------------------------------------------------------------------------------------------------------------------------------------------------
1970-01-01T08:00:00.0|D001                       |great               |John            |Male              |true                 |40012                   |8822.0              |1985-06-15               |130-1002-1334            |
02+08:00             |                           |                    |                |                  |                     |                        |                    |                         |                         |
-------------------------------------------------------------------------------------------------------------------------------------------------------------------------------------------------------------------------
1970-01-01T08:00:00.0|D002                       |good                |Nancy           |Female            |true                 |30112                   |10002.0             |1983-08-15               |135-1302-1354            |
03+08:00             |                           |                    |                |                  |                     |                        |                    |                         |                         |
-------------------------------------------------------------------------------------------------------------------------------------------------------------------------------------------------------------------------
1970-01-01T08:00:00.0|D002                       |good                |Jack            |Male              |false                |12212                   |7000.0              |1990-03-26               |138-1012-1353            |
04+08:00             |                           |                    |                |                  |                     |                        |                    |                         |                         |
-------------------------------------------------------------------------------------------------------------------------------------------------------------------------------------------------------------------------
1970-01-01T08:00:00.0|D003                       |great               |Linda           |Female            |false                |10212                   |5600.0              |1995-06-15               |150-2003-1355            |
05+08:00             |                           |                    |                |                  |                     |                        |                    |                         |                         |
总数目：5
}
Elapsed Time: 0.0.9

-- [1]124:select * from departments order by time
STRICT{
time(TIMESTAMP)      |department_id(STRING)      |dep_description(STRING)      |dep_name(TEXT)      |dep_phone(TEXT)      |dep_status(BOOLEAN)      |dep_member(INT32)      |employee_id(INT32)      |
----------------------------------------------------------------------------------------------------------------------------------------------------------------------------------------------
1970-01-01T08:00:00.0|D001                       |goods                        |销售部                 |010-2271-2120        |false                    |1223                   |1223                    |
01+08:00             |                           |                             |                    |                     |                         |                       |                        |
----------------------------------------------------------------------------------------------------------------------------------------------------------------------------------------------
1970-01-01T08:00:00.0|D001                       |goods                        |销售部                 |010-2271-2120        |false                    |102                    |40012                   |
02+08:00             |                           |                             |                    |                     |                         |                       |                        |
----------------------------------------------------------------------------------------------------------------------------------------------------------------------------------------------
1970-01-01T08:00:00.0|D002                       |service                      |客服部                 |010-2077-2520        |true                     |220                    |30112                   |
03+08:00             |                           |                             |                    |                     |                         |                       |                        |
----------------------------------------------------------------------------------------------------------------------------------------------------------------------------------------------
1970-01-01T08:00:00.0|D002                       |service                      |客服部                 |010-2077-2520        |true                     |2012                   |12212                   |
04+08:00             |                           |                             |                    |                     |                         |                       |                        |
----------------------------------------------------------------------------------------------------------------------------------------------------------------------------------------------
1970-01-01T08:00:00.0|D003                       |IT                           |研发部                 |010-3272-2310        |true                     |300                    |10212                   |
05+08:00             |                           |                             |                    |                     |                         |                       |                        |
总数目：5
}
Elapsed Time: 0.0.7

-- [1]125:select * from orders order by time
STRICT{
time(TIMESTAMP)      |customer_id(STRING)      |employee_id(INT32)      |project_id(STRING)      |project_name(STRING)      |order_id(INT64)      |order_amount(FLOAT)      |
----------------------------------------------------------------------------------------------------------------------------------------------------------------------
1970-01-01T08:00:00.0|C111000111               |12212                   |P1001001                |chair                     |111122223333         |5000.89                  |
01+08:00             |                         |                        |                        |                          |                     |                         |
----------------------------------------------------------------------------------------------------------------------------------------------------------------------
1970-01-01T08:00:00.0|C332113221               |40012                   |P2002021                |table                     |222333445881         |1860.5                   |
02+08:00             |                         |                        |                        |                          |                     |                         |
----------------------------------------------------------------------------------------------------------------------------------------------------------------------
1970-01-01T08:00:00.0|C113344421               |10212                   |P3893001                |mirror                    |66788843922          |3699.88                  |
03+08:00             |                         |                        |                        |                          |                     |                         |
----------------------------------------------------------------------------------------------------------------------------------------------------------------------
1970-01-01T08:00:00.0|C223321123               |1223                    |P0010100                |clothes                   |7263722222           |8888.88                  |
04+08:00             |                         |                        |                        |                          |                     |                         |
----------------------------------------------------------------------------------------------------------------------------------------------------------------------
1970-01-01T08:00:00.0|C123532982               |30112                   |P3983819                |shoes                     |22238472992          |9999.9                   |
05+08:00             |                         |                        |                        |                          |                     |                         |
----------------------------------------------------------------------------------------------------------------------------------------------------------------------
1970-01-01T08:00:00.0|null                     |1002293                 |P22633332               |cars                      |3729837293838        |350102.9                 |
06+08:00             |                         |                        |                        |                          |                     |                         |
----------------------------------------------------------------------------------------------------------------------------------------------------------------------
1970-01-01T08:00:00.0|C566378432               |10212                   |P22633332               |cars                      |null                 |null                     |
07+08:00             |                         |                        |                        |                          |                     |                         |
总数目：7
}
Elapsed Time: 0.0.6

-- [1]126:select * from customers order by time
STRICT{
time(TIMESTAMP)      |customer_id(STRING)      |remark(STRING)      |customer_name(TEXT)      |region(TEXT)      |order_id(INT64)      |
----------------------------------------------------------------------------------------------------------------------------------
1970-01-01T08:00:00.0|C111000111               |A                   |Helen                    |Beijing           |22238472992          |
01+08:00             |                         |                    |                         |                  |                     |
----------------------------------------------------------------------------------------------------------------------------------
1970-01-01T08:00:00.0|C332113221               |A                   |Mike                     |Shanghai          |111122223333         |
02+08:00             |                         |                    |                         |                  |                     |
----------------------------------------------------------------------------------------------------------------------------------
1970-01-01T08:00:00.0|C113344421               |B                   |John                     |Hebei             |66788843922          |
03+08:00             |                         |                    |                         |                  |                     |
----------------------------------------------------------------------------------------------------------------------------------
1970-01-01T08:00:00.0|C223321123               |A                   |Jack                     |Guangzhou         |7263722222           |
04+08:00             |                         |                    |                         |                  |                     |
----------------------------------------------------------------------------------------------------------------------------------
1970-01-01T08:00:00.0|C123532982               |B                   |Amy                      |Tianjin           |222333445881         |
05+08:00             |                         |                    |                         |                  |                     |
----------------------------------------------------------------------------------------------------------------------------------
1970-01-01T08:00:00.0|null                     |C                   |CoCO                     |Beijing           |3729837293838        |
06+08:00             |                         |                    |                         |                  |                     |
----------------------------------------------------------------------------------------------------------------------------------
1970-01-01T08:00:00.0|C092938273               |A                   |Nancy                    |Shanghai          |null                 |
07+08:00             |                         |                    |                         |                  |                     |
总数目：7
}
Elapsed Time: 0.0.7

-- [1]133:select 	department_id, 	dep_name from  	departments where  	dep_member >  		ALL(select avg(dep_member) from departments) order by department_id
STRICT{
department_id(STRING)      |dep_name(TEXT)      |
-----------------------------------------------
D001                       |销售部                 |
-----------------------------------------------
D002                       |客服部                 |
总数目：2
}
Elapsed Time: 0.0.20

-- [1]142:select 	employee_id, 	name from  	employees where  	department_id = 'D001' and 		employee_id <> ALL (select employee_id from orders where order_amount > 10000) order by employee_id
STRICT{
employee_id(INT32)      |name(TEXT)      |
----------------------------------------
1223                    |Mary            |
----------------------------------------
40012                   |John            |
总数目：2
}
Elapsed Time: 0.0.20

-- [1]152:select      employee_id,     name,     salary from      employees where     salary >= ALL (select salary from employees WHERE gender = 'Female')
STRICT{
employee_id(INT32)      |name(TEXT)      |salary(DOUBLE)      |
------------------------------------------------------------
30112                   |Nancy           |10002.0             |
总数目：1
}
Elapsed Time: 0.0.22

-- [1]161:select      project_id,     project_name,     order_amount from      orders where      order_amount >= ALL (select AVG(order_amount) from orders)
STRICT{
project_id(STRING)      |project_name(STRING)      |order_amount(FLOAT)      |
---------------------------------------------------------------------------
P22633332               |cars                      |350102.9                 |
总数目：1
}
Elapsed Time: 0.0.25

-- [1]170:select      employee_id,     name,     salary,     department_id from     employees where      salary > ALL (select AVG(salary) from employees GROUP BY department_id) order by employee_id
STRICT{
employee_id(INT32)      |name(TEXT)      |salary(DOUBLE)      |department_id(STRING)      |
---------------------------------------------------------------------------------------
30112                   |Nancy           |10002.0             |D002                       |
---------------------------------------------------------------------------------------
40012                   |John            |8822.0              |D001                       |
总数目：2
}
Elapsed Time: 0.0.29

-- [1]182:select 	department_id, 	name, 	status from  	employees where 	status = false and  		employee_id != any (select employee_id from employees where department_id <> 'D002') order by department_id
STRICT{
department_id(STRING)      |name(TEXT)      |status(BOOLEAN)      |
----------------------------------------------------------------
D001                       |Mary            |false                |
----------------------------------------------------------------
D002                       |Jack            |false                |
----------------------------------------------------------------
D003                       |Linda           |false                |
总数目：3
}
Elapsed Time: 0.0.25

-- [1]193:select      employee_id,     name,     salary from     employees where      salary > ANY (select salary from employees where gender = 'Female') order by employee_id
STRICT{
employee_id(INT32)      |name(TEXT)      |salary(DOUBLE)      |
------------------------------------------------------------
10212                   |Linda           |5600.0              |
------------------------------------------------------------
12212                   |Jack            |7000.0              |
------------------------------------------------------------
30112                   |Nancy           |10002.0             |
------------------------------------------------------------
40012                   |John            |8822.0              |
总数目：4
}
Elapsed Time: 0.0.25

-- [1]203:select      order_id,     order_amount from     orders where      order_amount <= ANY (select cast(AVG(order_amount) as FLOAT) from orders where time < 5) order by order_id
STRICT{
order_id(INT64)      |order_amount(FLOAT)      |
----------------------------------------------
66788843922          |3699.88                  |
----------------------------------------------
222333445881         |1860.5                   |
总数目：2
}
Elapsed Time: 0.0.27

-- [1]214:select 	department_id, 	count(salary) as count_result from  	employees 		group by department_id 			having count(salary) + 15000 >= 				all(select sum(order_amount) from orders where time > 1 and time <5) order by department_id
STRICT{
department_id(STRING)      |count_result(INT64)      |
----------------------------------------------------
D001                       |2                        |
----------------------------------------------------
D002                       |2                        |
----------------------------------------------------
D003                       |1                        |
总数目：3
}
Elapsed Time: 0.0.39

-- [1]227:select 	department_id, 	count(salary) as count_result from  	employees 		group by department_id 			having count(salary) + 15000 >= 				ANY(select sum(order_amount) from orders where time > 1 and time <5) order by department_id
STRICT{
department_id(STRING)      |count_result(INT64)      |
----------------------------------------------------
D001                       |2                        |
----------------------------------------------------
D002                       |2                        |
----------------------------------------------------
D003                       |1                        |
总数目：3
}
Elapsed Time: 0.0.26

-- [1]239:select  	salary >= 		all (select avg(order_amount) from orders) from employees where department_id = 'D001'
STRICT{
_col0(BOOLEAN)      |
--------------------
false               |
--------------------
false               |
总数目：2
}
Elapsed Time: 0.0.17

-- [1]247:select  	salary >= 		ANY (select avg(order_amount) from orders) from employees where department_id = 'D001'
STRICT{
_col0(BOOLEAN)      |
--------------------
false               |
--------------------
false               |
总数目：2
}
Elapsed Time: 0.0.32

-- [1]253:select	 	employee_id, 	name from employees where  	salary > ALL (select salary, department_id from employees where remark = 'good')
STRICT{
SQLSTATE : 701: Subquery must return only one column for now. Row Type is not supported for now.
}

-- [1]262:select  	customer_id 	customer_name from customers where 	customer_id = ALL (select customer_id FROM customers)
STRICT{
customer_name(STRING)      |
总数目：0
}
Elapsed Time: 0.0.23
