
-- [1]11:create database test_db
STRICT{
PASS
}

-- [1]14:use test_db
STRICT{
PASS
}

-- [1]18:create table t1( ID TAG, int32 INT32, int64 INT64, float FLOAT, double DOUBLE, text TEXT, boolean BOOLEAN, string STRING, blob BLOB, timestamp TIMESTAMP, date DATE)
STRICT{
PASS
}

-- [1]31:show tables
STRICT{
TableName(TEXT)      |TTL(ms)(TEXT)      |
----------------------------------------
t1                   |INF                |
总数目：1
}
Elapsed Time: 0.0.1

-- [1]34:desc t1
STRICT{
ColumnName(TEXT)      |DataType(TEXT)      |Category(TEXT)      |
--------------------------------------------------------------
time                  |TIMESTAMP           |TIME                |
--------------------------------------------------------------
id                    |STRING              |TAG                 |
--------------------------------------------------------------
int32                 |INT32               |FIELD               |
--------------------------------------------------------------
int64                 |INT64               |FIELD               |
--------------------------------------------------------------
float                 |FLOAT               |FIELD               |
--------------------------------------------------------------
double                |DOUBLE              |FIELD               |
--------------------------------------------------------------
text                  |TEXT                |FIELD               |
--------------------------------------------------------------
boolean               |BOOLEAN             |FIELD               |
--------------------------------------------------------------
string                |STRING              |FIELD               |
--------------------------------------------------------------
blob                  |BLOB                |FIELD               |
--------------------------------------------------------------
timestamp             |TIMESTAMP           |FIELD               |
--------------------------------------------------------------
date                  |DATE                |FIELD               |
总数目：12
}
Elapsed Time: 0.0.1

-- [1]38:insert into t1( time,ID,int32,int64,float,double,text,boolean,string,blob,timestamp,date) values (1,'D001',1,10,1.1,11.1,'RC1',false,'dog',X'49460001',1583053776000,'2020-03-01')
STRICT{
0
}
Elapsed Time: 0.2.17

-- [1]42:insert into t1( time,ID,int32,int64,float,double,text,boolean,string,blob,timestamp,date) values (2,'D002',2,20,2.2,22.2,'RC2',true,'cat',X'00010000',1614589776000,'2021-03-01')
STRICT{
0
}
Elapsed Time: 0.0.83

-- [1]46:insert into t1( time,ID,int32,int64,float,double,text,boolean,string,blob,timestamp,date) values (3,'D003',2,10,1.1,22.2,'RC2',false,'cat',X'49460001',1583053776000,'2020-03-01')
STRICT{
0
}
Elapsed Time: 0.0.11

-- [1]50:insert into t1( time,ID,int32,int64,float,double,text,boolean,string,blob,timestamp,date) values (4,'D004',2,20,2.2,22.2,'RC2',true,'cat',X'00010000',1614589776000,'2021-03-01')
STRICT{
0
}
Elapsed Time: 0.0.9

-- [1]54:insert into t1( time,ID,int32,int64,float,double,text,boolean,string,blob,timestamp,date) values (5,'D005',2,20,2.2,22.2,'RC2',true,'cat',X'00010000',1614589776000,'2021-03-01')
STRICT{
0
}
Elapsed Time: 0.0.8

-- [1]58:insert into t1( time,ID,int32,int64,float,double,text,boolean,string,blob,timestamp,date) values (6,'D006',1,10,1.1,11.1,'RC1',false,'dog',X'49460001',1583053776000,'2020-03-01')
STRICT{
0
}
Elapsed Time: 0.0.19

-- [1]63:select * from t1 order by time
STRICT{
time(TIMESTAMP)      |id(STRING)      |int32(INT32)      |int64(INT64)      |float(FLOAT)      |double(DOUBLE)      |text(TEXT)      |boolean(BOOLEAN)      |string(STRING)      |blob(BLOB)      |timestamp(TIMESTAMP)      |date(DATE)      |
-----------------------------------------------------------------------------------------------------------------------------------------------------------------------------------------------------------------------------------
1970-01-01T08:00:00.0|D001            |1                 |10                |1.1               |11.1                |RC1             |false                 |dog                 |0x49460001      |2020-03-01T17:09:36.000+08|2020-03-01      |
01+08:00             |                |                  |                  |                  |                    |                |                      |                    |                |:00                       |                |
-----------------------------------------------------------------------------------------------------------------------------------------------------------------------------------------------------------------------------------
1970-01-01T08:00:00.0|D002            |2                 |20                |2.2               |22.2                |RC2             |true                  |cat                 |0x00010000      |2021-03-01T17:09:36.000+08|2021-03-01      |
02+08:00             |                |                  |                  |                  |                    |                |                      |                    |                |:00                       |                |
-----------------------------------------------------------------------------------------------------------------------------------------------------------------------------------------------------------------------------------
1970-01-01T08:00:00.0|D003            |2                 |10                |1.1               |22.2                |RC2             |false                 |cat                 |0x49460001      |2020-03-01T17:09:36.000+08|2020-03-01      |
03+08:00             |                |                  |                  |                  |                    |                |                      |                    |                |:00                       |                |
-----------------------------------------------------------------------------------------------------------------------------------------------------------------------------------------------------------------------------------
1970-01-01T08:00:00.0|D004            |2                 |20                |2.2               |22.2                |RC2             |true                  |cat                 |0x00010000      |2021-03-01T17:09:36.000+08|2021-03-01      |
04+08:00             |                |                  |                  |                  |                    |                |                      |                    |                |:00                       |                |
-----------------------------------------------------------------------------------------------------------------------------------------------------------------------------------------------------------------------------------
1970-01-01T08:00:00.0|D005            |2                 |20                |2.2               |22.2                |RC2             |true                  |cat                 |0x00010000      |2021-03-01T17:09:36.000+08|2021-03-01      |
05+08:00             |                |                  |                  |                  |                    |                |                      |                    |                |:00                       |                |
-----------------------------------------------------------------------------------------------------------------------------------------------------------------------------------------------------------------------------------
1970-01-01T08:00:00.0|D006            |1                 |10                |1.1               |11.1                |RC1             |false                 |dog                 |0x49460001      |2020-03-01T17:09:36.000+08|2020-03-01      |
06+08:00             |                |                  |                  |                  |                    |                |                      |                    |                |:00                       |                |
总数目：6
}
Elapsed Time: 0.0.24

-- [1]67:select distinct time from t1 order by time
STRICT{
time(TIMESTAMP)      |
---------------------
1970-01-01T08:00:00.0|
01+08:00             |
---------------------
1970-01-01T08:00:00.0|
02+08:00             |
---------------------
1970-01-01T08:00:00.0|
03+08:00             |
---------------------
1970-01-01T08:00:00.0|
04+08:00             |
---------------------
1970-01-01T08:00:00.0|
05+08:00             |
---------------------
1970-01-01T08:00:00.0|
06+08:00             |
总数目：6
}
Elapsed Time: 0.0.15

-- [1]68:select distinct id from t1 order by id
STRICT{
id(STRING)      |
----------------
D001            |
----------------
D002            |
----------------
D003            |
----------------
D004            |
----------------
D005            |
----------------
D006            |
总数目：6
}
Elapsed Time: 0.0.8

-- [1]69:select distinct int32 from t1 order by int32
STRICT{
int32(INT32)      |
------------------
1                 |
------------------
2                 |
总数目：2
}
Elapsed Time: 0.0.8

-- [1]70:select distinct int64 from t1 order by int64
STRICT{
int64(INT64)      |
------------------
10                |
------------------
20                |
总数目：2
}
Elapsed Time: 0.0.10

-- [1]71:select distinct float from t1 order by float
STRICT{
float(FLOAT)      |
------------------
1.1               |
------------------
2.2               |
总数目：2
}
Elapsed Time: 0.0.11

-- [1]72:select distinct double from t1 order by double
STRICT{
double(DOUBLE)      |
--------------------
11.1                |
--------------------
22.2                |
总数目：2
}
Elapsed Time: 0.0.9

-- [1]73:select distinct text from t1 order by text
STRICT{
text(TEXT)      |
----------------
RC1             |
----------------
RC2             |
总数目：2
}
Elapsed Time: 0.0.9

-- [1]74:select distinct boolean from t1 order by boolean
STRICT{
boolean(BOOLEAN)      |
----------------------
false                 |
----------------------
true                  |
总数目：2
}
Elapsed Time: 0.0.8

-- [1]75:select distinct string from t1 order by string
STRICT{
string(STRING)      |
--------------------
cat                 |
--------------------
dog                 |
总数目：2
}
Elapsed Time: 0.0.9

-- [1]76:select distinct blob from t1 order by blob
STRICT{
blob(BLOB)      |
----------------
0x00010000      |
----------------
0x49460001      |
总数目：2
}
Elapsed Time: 0.0.8

-- [1]77:select distinct timestamp from t1 order by timestamp
STRICT{
timestamp(TIMESTAMP)      |
--------------------------
2020-03-01T17:09:36.000+08|
:00                       |
--------------------------
2021-03-01T17:09:36.000+08|
:00                       |
总数目：2
}
Elapsed Time: 0.0.9

-- [1]78:select distinct date from t1 order by date
STRICT{
date(DATE)      |
----------------
2020-03-01      |
----------------
2021-03-01      |
总数目：2
}
Elapsed Time: 0.0.8

-- [1]81:select time from t1 group by time order by time
STRICT{
time(TIMESTAMP)      |
---------------------
1970-01-01T08:00:00.0|
01+08:00             |
---------------------
1970-01-01T08:00:00.0|
02+08:00             |
---------------------
1970-01-01T08:00:00.0|
03+08:00             |
---------------------
1970-01-01T08:00:00.0|
04+08:00             |
---------------------
1970-01-01T08:00:00.0|
05+08:00             |
---------------------
1970-01-01T08:00:00.0|
06+08:00             |
总数目：6
}
Elapsed Time: 0.0.10

-- [1]82:select id from t1 group by id order by id
STRICT{
id(STRING)      |
----------------
D001            |
----------------
D002            |
----------------
D003            |
----------------
D004            |
----------------
D005            |
----------------
D006            |
总数目：6
}
Elapsed Time: 0.0.11

-- [1]83:select int32 from t1 group by int32 order by int32
STRICT{
int32(INT32)      |
------------------
1                 |
------------------
2                 |
总数目：2
}
Elapsed Time: 0.0.10

-- [1]84:select int64 from t1 group by int64 order by int64
STRICT{
int64(INT64)      |
------------------
10                |
------------------
20                |
总数目：2
}
Elapsed Time: 0.0.9

-- [1]85:select float from t1 group by float order by float
STRICT{
float(FLOAT)      |
------------------
1.1               |
------------------
2.2               |
总数目：2
}
Elapsed Time: 0.0.10

-- [1]86:select double from t1 group by double order by double
STRICT{
double(DOUBLE)      |
--------------------
11.1                |
--------------------
22.2                |
总数目：2
}
Elapsed Time: 0.0.9

-- [1]87:select text from t1 group by text order by text
STRICT{
text(TEXT)      |
----------------
RC1             |
----------------
RC2             |
总数目：2
}
Elapsed Time: 0.0.9

-- [1]88:select boolean from t1 group by boolean order by boolean
STRICT{
boolean(BOOLEAN)      |
----------------------
false                 |
----------------------
true                  |
总数目：2
}
Elapsed Time: 0.0.8

-- [1]89:select string from t1 group by string order by string
STRICT{
string(STRING)      |
--------------------
cat                 |
--------------------
dog                 |
总数目：2
}
Elapsed Time: 0.0.9

-- [1]90:select blob from t1 group by blob order by blob
STRICT{
blob(BLOB)      |
----------------
0x00010000      |
----------------
0x49460001      |
总数目：2
}
Elapsed Time: 0.0.9

-- [1]91:select timestamp from t1 group by timestamp order by timestamp
STRICT{
timestamp(TIMESTAMP)      |
--------------------------
2020-03-01T17:09:36.000+08|
:00                       |
--------------------------
2021-03-01T17:09:36.000+08|
:00                       |
总数目：2
}
Elapsed Time: 0.0.9

-- [1]92:select date from t1 group by date order by date
STRICT{
date(DATE)      |
----------------
2020-03-01      |
----------------
2021-03-01      |
总数目：2
}
Elapsed Time: 0.0.9

-- [1]95:select distinct ID from t1 order by time
STRICT{
SQLSTATE : 701: For SELECT DISTINCT, ORDER BY expressions must appear in select list
}

-- [1]99:select id, count(distinct int32) as count_distin_result from t1 group by 1 order by 1
STRICT{
id(STRING)      |count_distin_result(INT64)      |
------------------------------------------------
D001            |1                               |
------------------------------------------------
D002            |1                               |
------------------------------------------------
D003            |1                               |
------------------------------------------------
D004            |1                               |
------------------------------------------------
D005            |1                               |
------------------------------------------------
D006            |1                               |
总数目：6
}
Elapsed Time: 0.0.19

-- [1]101:select time,id,date,count(distinct float), avg(distinct float) from t1 group by 1,2,3 order by 1,2,3
STRICT{
time(TIMESTAMP)      |id(STRING)      |date(DATE)      |_col3(INT64)      |_col4(DOUBLE)      |
------------------------------------------------------------------------------------------
1970-01-01T08:00:00.0|D001            |2020-03-01      |1                 |1.100000023841858  |
01+08:00             |                |                |                  |                   |
------------------------------------------------------------------------------------------
1970-01-01T08:00:00.0|D002            |2021-03-01      |1                 |2.200000047683716  |
02+08:00             |                |                |                  |                   |
------------------------------------------------------------------------------------------
1970-01-01T08:00:00.0|D003            |2020-03-01      |1                 |1.100000023841858  |
03+08:00             |                |                |                  |                   |
------------------------------------------------------------------------------------------
1970-01-01T08:00:00.0|D004            |2021-03-01      |1                 |2.200000047683716  |
04+08:00             |                |                |                  |                   |
------------------------------------------------------------------------------------------
1970-01-01T08:00:00.0|D005            |2021-03-01      |1                 |2.200000047683716  |
05+08:00             |                |                |                  |                   |
------------------------------------------------------------------------------------------
1970-01-01T08:00:00.0|D006            |2020-03-01      |1                 |1.100000023841858  |
06+08:00             |                |                |                  |                   |
总数目：6
}
Elapsed Time: 0.0.18

-- [1]103:select id, int64, double, timestamp, round(VAR_POP(distinct int64),1), round(VAR_POP(distinct double),1), round(VAR_POP(distinct int32),1), round(VAR_POP(distinct float),1) from t1 group by 1,2,3,4 order by 1,2,3,4
STRICT{
id(STRING)      |int64(INT64)      |double(DOUBLE)      |timestamp(TIMESTAMP)      |_col4(DOUBLE)      |_col5(DOUBLE)      |_col6(DOUBLE)      |_col7(DOUBLE)      |
------------------------------------------------------------------------------------------------------------------------------------------------------------
D001            |10                |11.1                |2020-03-01T17:09:36.000+08|0.0                |0.0                |0.0                |0.0                |
                |                  |                    |:00                       |                   |                   |                   |                   |
------------------------------------------------------------------------------------------------------------------------------------------------------------
D002            |20                |22.2                |2021-03-01T17:09:36.000+08|0.0                |0.0                |0.0                |0.0                |
                |                  |                    |:00                       |                   |                   |                   |                   |
------------------------------------------------------------------------------------------------------------------------------------------------------------
D003            |10                |22.2                |2020-03-01T17:09:36.000+08|0.0                |0.0                |0.0                |0.0                |
                |                  |                    |:00                       |                   |                   |                   |                   |
------------------------------------------------------------------------------------------------------------------------------------------------------------
D004            |20                |22.2                |2021-03-01T17:09:36.000+08|0.0                |0.0                |0.0                |0.0                |
                |                  |                    |:00                       |                   |                   |                   |                   |
------------------------------------------------------------------------------------------------------------------------------------------------------------
D005            |20                |22.2                |2021-03-01T17:09:36.000+08|0.0                |0.0                |0.0                |0.0                |
                |                  |                    |:00                       |                   |                   |                   |                   |
------------------------------------------------------------------------------------------------------------------------------------------------------------
D006            |10                |11.1                |2020-03-01T17:09:36.000+08|0.0                |0.0                |0.0                |0.0                |
                |                  |                    |:00                       |                   |                   |                   |                   |
总数目：6
}
Elapsed Time: 0.0.28

-- [1]105:select time, count(distinct time), count(distinct id), count(distinct int32), count(distinct int64), count(distinct float), count(distinct double), count(distinct text), count(distinct boolean), count(distinct string), count(distinct blob), count(distinct timestamp), count(distinct date) from t1 group by 1 order by 1
STRICT{
time(TIMESTAMP)      |_col1(INT64)      |_col2(INT64)      |_col3(INT64)      |_col4(INT64)      |_col5(INT64)      |_col6(INT64)      |_col7(INT64)      |_col8(INT64)      |_col9(INT64)      |_col10(INT64)      |_col11(INT64)      |_col12(INT64)      |
------------------------------------------------------------------------------------------------------------------------------------------------------------------------------------------------------------------------------------------------
1970-01-01T08:00:00.0|1                 |1                 |1                 |1                 |1                 |1                 |1                 |1                 |1                 |1                  |1                  |1                  |
01+08:00             |                  |                  |                  |                  |                  |                  |                  |                  |                  |                   |                   |                   |
------------------------------------------------------------------------------------------------------------------------------------------------------------------------------------------------------------------------------------------------
1970-01-01T08:00:00.0|1                 |1                 |1                 |1                 |1                 |1                 |1                 |1                 |1                 |1                  |1                  |1                  |
02+08:00             |                  |                  |                  |                  |                  |                  |                  |                  |                  |                   |                   |                   |
------------------------------------------------------------------------------------------------------------------------------------------------------------------------------------------------------------------------------------------------
1970-01-01T08:00:00.0|1                 |1                 |1                 |1                 |1                 |1                 |1                 |1                 |1                 |1                  |1                  |1                  |
03+08:00             |                  |                  |                  |                  |                  |                  |                  |                  |                  |                   |                   |                   |
------------------------------------------------------------------------------------------------------------------------------------------------------------------------------------------------------------------------------------------------
1970-01-01T08:00:00.0|1                 |1                 |1                 |1                 |1                 |1                 |1                 |1                 |1                 |1                  |1                  |1                  |
04+08:00             |                  |                  |                  |                  |                  |                  |                  |                  |                  |                   |                   |                   |
------------------------------------------------------------------------------------------------------------------------------------------------------------------------------------------------------------------------------------------------
1970-01-01T08:00:00.0|1                 |1                 |1                 |1                 |1                 |1                 |1                 |1                 |1                 |1                  |1                  |1                  |
05+08:00             |                  |                  |                  |                  |                  |                  |                  |                  |                  |                   |                   |                   |
------------------------------------------------------------------------------------------------------------------------------------------------------------------------------------------------------------------------------------------------
1970-01-01T08:00:00.0|1                 |1                 |1                 |1                 |1                 |1                 |1                 |1                 |1                 |1                  |1                  |1                  |
06+08:00             |                  |                  |                  |                  |                  |                  |                  |                  |                  |                   |                   |                   |
总数目：6
}
Elapsed Time: 0.0.27

-- [1]107:select id, sum(distinct int32), sum(distinct int64), sum(distinct float), sum(distinct double) from t1 group by 1 order by 1
STRICT{
id(STRING)      |_col1(DOUBLE)      |_col2(DOUBLE)      |_col3(DOUBLE)      |_col4(DOUBLE)      |
--------------------------------------------------------------------------------------------
D001            |1.0                |10.0               |1.100000023841858  |11.1               |
--------------------------------------------------------------------------------------------
D002            |2.0                |20.0               |2.200000047683716  |22.2               |
--------------------------------------------------------------------------------------------
D003            |2.0                |10.0               |1.100000023841858  |22.2               |
--------------------------------------------------------------------------------------------
D004            |2.0                |20.0               |2.200000047683716  |22.2               |
--------------------------------------------------------------------------------------------
D005            |2.0                |20.0               |2.200000047683716  |22.2               |
--------------------------------------------------------------------------------------------
D006            |1.0                |10.0               |1.100000023841858  |11.1               |
总数目：6
}
Elapsed Time: 0.0.13

-- [1]109:select id, avg(distinct int32), avg(distinct int64), avg(distinct float), avg(distinct double) from t1 group by 1 order by 1
STRICT{
id(STRING)      |_col1(DOUBLE)      |_col2(DOUBLE)      |_col3(DOUBLE)      |_col4(DOUBLE)      |
--------------------------------------------------------------------------------------------
D001            |1.0                |10.0               |1.100000023841858  |11.1               |
--------------------------------------------------------------------------------------------
D002            |2.0                |20.0               |2.200000047683716  |22.2               |
--------------------------------------------------------------------------------------------
D003            |2.0                |10.0               |1.100000023841858  |22.2               |
--------------------------------------------------------------------------------------------
D004            |2.0                |20.0               |2.200000047683716  |22.2               |
--------------------------------------------------------------------------------------------
D005            |2.0                |20.0               |2.200000047683716  |22.2               |
--------------------------------------------------------------------------------------------
D006            |1.0                |10.0               |1.100000023841858  |11.1               |
总数目：6
}
Elapsed Time: 0.0.12

-- [1]111:select time, max(distinct time),max(distinct id), max(distinct int32), max(distinct int64), max(distinct float), max(distinct double), max(distinct text), max(distinct boolean), max(distinct string), max(distinct blob), max(distinct timestamp), max(distinct date) from t1 group by 1 order by 1
STRICT{
time(TIMESTAMP)      |_col1(TIMESTAMP)      |_col2(STRING)      |_col3(INT32)      |_col4(INT64)      |_col5(FLOAT)      |_col6(DOUBLE)      |_col7(TEXT)      |_col8(BOOLEAN)      |_col9(STRING)      |_col10(BLOB)      |_col11(TIMESTAMP)      |_col12(DATE)      |
----------------------------------------------------------------------------------------------------------------------------------------------------------------------------------------------------------------------------------------------------------
1970-01-01T08:00:00.0|1970-01-01T08:00:00.00|D001               |1                 |10                |1.1               |11.1               |RC1              |false               |dog                |0x49460001        |2020-03-01T17:09:36.000|2020-03-01        |
01+08:00             |1+08:00               |                   |                  |                  |                  |                   |                 |                    |                   |                  |+08:00                 |                  |
----------------------------------------------------------------------------------------------------------------------------------------------------------------------------------------------------------------------------------------------------------
1970-01-01T08:00:00.0|1970-01-01T08:00:00.00|D002               |2                 |20                |2.2               |22.2               |RC2              |true                |cat                |0x00010000        |2021-03-01T17:09:36.000|2021-03-01        |
02+08:00             |2+08:00               |                   |                  |                  |                  |                   |                 |                    |                   |                  |+08:00                 |                  |
----------------------------------------------------------------------------------------------------------------------------------------------------------------------------------------------------------------------------------------------------------
1970-01-01T08:00:00.0|1970-01-01T08:00:00.00|D003               |2                 |10                |1.1               |22.2               |RC2              |false               |cat                |0x49460001        |2020-03-01T17:09:36.000|2020-03-01        |
03+08:00             |3+08:00               |                   |                  |                  |                  |                   |                 |                    |                   |                  |+08:00                 |                  |
----------------------------------------------------------------------------------------------------------------------------------------------------------------------------------------------------------------------------------------------------------
1970-01-01T08:00:00.0|1970-01-01T08:00:00.00|D004               |2                 |20                |2.2               |22.2               |RC2              |true                |cat                |0x00010000        |2021-03-01T17:09:36.000|2021-03-01        |
04+08:00             |4+08:00               |                   |                  |                  |                  |                   |                 |                    |                   |                  |+08:00                 |                  |
----------------------------------------------------------------------------------------------------------------------------------------------------------------------------------------------------------------------------------------------------------
1970-01-01T08:00:00.0|1970-01-01T08:00:00.00|D005               |2                 |20                |2.2               |22.2               |RC2              |true                |cat                |0x00010000        |2021-03-01T17:09:36.000|2021-03-01        |
05+08:00             |5+08:00               |                   |                  |                  |                  |                   |                 |                    |                   |                  |+08:00                 |                  |
----------------------------------------------------------------------------------------------------------------------------------------------------------------------------------------------------------------------------------------------------------
1970-01-01T08:00:00.0|1970-01-01T08:00:00.00|D006               |1                 |10                |1.1               |11.1               |RC1              |false               |dog                |0x49460001        |2020-03-01T17:09:36.000|2020-03-01        |
06+08:00             |6+08:00               |                   |                  |                  |                  |                   |                 |                    |                   |                  |+08:00                 |                  |
总数目：6
}
Elapsed Time: 0.0.16

-- [1]113:select time, min(distinct time),min(distinct id), min(distinct int32), min(distinct int64), min(distinct float), min(distinct double), min(distinct text), min(distinct boolean), min(distinct string), min(distinct blob), min(distinct timestamp), min(distinct date) from t1 group by 1 order by 1
STRICT{
time(TIMESTAMP)      |_col1(TIMESTAMP)      |_col2(STRING)      |_col3(INT32)      |_col4(INT64)      |_col5(FLOAT)      |_col6(DOUBLE)      |_col7(TEXT)      |_col8(BOOLEAN)      |_col9(STRING)      |_col10(BLOB)      |_col11(TIMESTAMP)      |_col12(DATE)      |
----------------------------------------------------------------------------------------------------------------------------------------------------------------------------------------------------------------------------------------------------------
1970-01-01T08:00:00.0|1970-01-01T08:00:00.00|D001               |1                 |10                |1.1               |11.1               |RC1              |false               |dog                |0x49460001        |2020-03-01T17:09:36.000|2020-03-01        |
01+08:00             |1+08:00               |                   |                  |                  |                  |                   |                 |                    |                   |                  |+08:00                 |                  |
----------------------------------------------------------------------------------------------------------------------------------------------------------------------------------------------------------------------------------------------------------
1970-01-01T08:00:00.0|1970-01-01T08:00:00.00|D002               |2                 |20                |2.2               |22.2               |RC2              |true                |cat                |0x00010000        |2021-03-01T17:09:36.000|2021-03-01        |
02+08:00             |2+08:00               |                   |                  |                  |                  |                   |                 |                    |                   |                  |+08:00                 |                  |
----------------------------------------------------------------------------------------------------------------------------------------------------------------------------------------------------------------------------------------------------------
1970-01-01T08:00:00.0|1970-01-01T08:00:00.00|D003               |2                 |10                |1.1               |22.2               |RC2              |false               |cat                |0x49460001        |2020-03-01T17:09:36.000|2020-03-01        |
03+08:00             |3+08:00               |                   |                  |                  |                  |                   |                 |                    |                   |                  |+08:00                 |                  |
----------------------------------------------------------------------------------------------------------------------------------------------------------------------------------------------------------------------------------------------------------
1970-01-01T08:00:00.0|1970-01-01T08:00:00.00|D004               |2                 |20                |2.2               |22.2               |RC2              |true                |cat                |0x00010000        |2021-03-01T17:09:36.000|2021-03-01        |
04+08:00             |4+08:00               |                   |                  |                  |                  |                   |                 |                    |                   |                  |+08:00                 |                  |
----------------------------------------------------------------------------------------------------------------------------------------------------------------------------------------------------------------------------------------------------------
1970-01-01T08:00:00.0|1970-01-01T08:00:00.00|D005               |2                 |20                |2.2               |22.2               |RC2              |true                |cat                |0x00010000        |2021-03-01T17:09:36.000|2021-03-01        |
05+08:00             |5+08:00               |                   |                  |                  |                  |                   |                 |                    |                   |                  |+08:00                 |                  |
----------------------------------------------------------------------------------------------------------------------------------------------------------------------------------------------------------------------------------------------------------
1970-01-01T08:00:00.0|1970-01-01T08:00:00.00|D006               |1                 |10                |1.1               |11.1               |RC1              |false               |dog                |0x49460001        |2020-03-01T17:09:36.000|2020-03-01        |
06+08:00             |6+08:00               |                   |                  |                  |                  |                   |                 |                    |                   |                  |+08:00                 |                  |
总数目：6
}
Elapsed Time: 0.0.14

-- [1]115:select time,first(distinct time), first(distinct id), first(distinct int32), first(distinct int64), first(distinct float), first(distinct double), first(distinct text), first(distinct boolean), first(distinct string), first(distinct blob), first(distinct timestamp), first(distinct date) from t1 group by 1 order by 1, 2, 3
STRICT{
time(TIMESTAMP)      |_col1(TIMESTAMP)      |_col2(STRING)      |_col3(INT32)      |_col4(INT64)      |_col5(FLOAT)      |_col6(DOUBLE)      |_col7(TEXT)      |_col8(BOOLEAN)      |_col9(STRING)      |_col10(BLOB)      |_col11(TIMESTAMP)      |_col12(DATE)      |
----------------------------------------------------------------------------------------------------------------------------------------------------------------------------------------------------------------------------------------------------------
1970-01-01T08:00:00.0|1970-01-01T08:00:00.00|D001               |1                 |10                |1.1               |11.1               |RC1              |false               |dog                |0x49460001        |2020-03-01T17:09:36.000|2020-03-01        |
01+08:00             |1+08:00               |                   |                  |                  |                  |                   |                 |                    |                   |                  |+08:00                 |                  |
----------------------------------------------------------------------------------------------------------------------------------------------------------------------------------------------------------------------------------------------------------
1970-01-01T08:00:00.0|1970-01-01T08:00:00.00|D002               |2                 |20                |2.2               |22.2               |RC2              |true                |cat                |0x00010000        |2021-03-01T17:09:36.000|2021-03-01        |
02+08:00             |2+08:00               |                   |                  |                  |                  |                   |                 |                    |                   |                  |+08:00                 |                  |
----------------------------------------------------------------------------------------------------------------------------------------------------------------------------------------------------------------------------------------------------------
1970-01-01T08:00:00.0|1970-01-01T08:00:00.00|D003               |2                 |10                |1.1               |22.2               |RC2              |false               |cat                |0x49460001        |2020-03-01T17:09:36.000|2020-03-01        |
03+08:00             |3+08:00               |                   |                  |                  |                  |                   |                 |                    |                   |                  |+08:00                 |                  |
----------------------------------------------------------------------------------------------------------------------------------------------------------------------------------------------------------------------------------------------------------
1970-01-01T08:00:00.0|1970-01-01T08:00:00.00|D004               |2                 |20                |2.2               |22.2               |RC2              |true                |cat                |0x00010000        |2021-03-01T17:09:36.000|2021-03-01        |
04+08:00             |4+08:00               |                   |                  |                  |                  |                   |                 |                    |                   |                  |+08:00                 |                  |
----------------------------------------------------------------------------------------------------------------------------------------------------------------------------------------------------------------------------------------------------------
1970-01-01T08:00:00.0|1970-01-01T08:00:00.00|D005               |2                 |20                |2.2               |22.2               |RC2              |true                |cat                |0x00010000        |2021-03-01T17:09:36.000|2021-03-01        |
05+08:00             |5+08:00               |                   |                  |                  |                  |                   |                 |                    |                   |                  |+08:00                 |                  |
----------------------------------------------------------------------------------------------------------------------------------------------------------------------------------------------------------------------------------------------------------
1970-01-01T08:00:00.0|1970-01-01T08:00:00.00|D006               |1                 |10                |1.1               |11.1               |RC1              |false               |dog                |0x49460001        |2020-03-01T17:09:36.000|2020-03-01        |
06+08:00             |6+08:00               |                   |                  |                  |                  |                   |                 |                    |                   |                  |+08:00                 |                  |
总数目：6
}
Elapsed Time: 0.0.15

-- [1]117:select time,last(distinct time), last(distinct id), last(distinct int32), last(distinct int64), last(distinct float), last(distinct double), last(distinct text), last(distinct boolean), last(distinct string), last(distinct blob), last(distinct timestamp), last(distinct date) from t1 group by 1 order by 1, 2, 3
STRICT{
time(TIMESTAMP)      |_col1(TIMESTAMP)      |_col2(STRING)      |_col3(INT32)      |_col4(INT64)      |_col5(FLOAT)      |_col6(DOUBLE)      |_col7(TEXT)      |_col8(BOOLEAN)      |_col9(STRING)      |_col10(BLOB)      |_col11(TIMESTAMP)      |_col12(DATE)      |
----------------------------------------------------------------------------------------------------------------------------------------------------------------------------------------------------------------------------------------------------------
1970-01-01T08:00:00.0|1970-01-01T08:00:00.00|D001               |1                 |10                |1.1               |11.1               |RC1              |false               |dog                |0x49460001        |2020-03-01T17:09:36.000|2020-03-01        |
01+08:00             |1+08:00               |                   |                  |                  |                  |                   |                 |                    |                   |                  |+08:00                 |                  |
----------------------------------------------------------------------------------------------------------------------------------------------------------------------------------------------------------------------------------------------------------
1970-01-01T08:00:00.0|1970-01-01T08:00:00.00|D002               |2                 |20                |2.2               |22.2               |RC2              |true                |cat                |0x00010000        |2021-03-01T17:09:36.000|2021-03-01        |
02+08:00             |2+08:00               |                   |                  |                  |                  |                   |                 |                    |                   |                  |+08:00                 |                  |
----------------------------------------------------------------------------------------------------------------------------------------------------------------------------------------------------------------------------------------------------------
1970-01-01T08:00:00.0|1970-01-01T08:00:00.00|D003               |2                 |10                |1.1               |22.2               |RC2              |false               |cat                |0x49460001        |2020-03-01T17:09:36.000|2020-03-01        |
03+08:00             |3+08:00               |                   |                  |                  |                  |                   |                 |                    |                   |                  |+08:00                 |                  |
----------------------------------------------------------------------------------------------------------------------------------------------------------------------------------------------------------------------------------------------------------
1970-01-01T08:00:00.0|1970-01-01T08:00:00.00|D004               |2                 |20                |2.2               |22.2               |RC2              |true                |cat                |0x00010000        |2021-03-01T17:09:36.000|2021-03-01        |
04+08:00             |4+08:00               |                   |                  |                  |                  |                   |                 |                    |                   |                  |+08:00                 |                  |
----------------------------------------------------------------------------------------------------------------------------------------------------------------------------------------------------------------------------------------------------------
1970-01-01T08:00:00.0|1970-01-01T08:00:00.00|D005               |2                 |20                |2.2               |22.2               |RC2              |true                |cat                |0x00010000        |2021-03-01T17:09:36.000|2021-03-01        |
05+08:00             |5+08:00               |                   |                  |                  |                  |                   |                 |                    |                   |                  |+08:00                 |                  |
----------------------------------------------------------------------------------------------------------------------------------------------------------------------------------------------------------------------------------------------------------
1970-01-01T08:00:00.0|1970-01-01T08:00:00.00|D006               |1                 |10                |1.1               |11.1               |RC1              |false               |dog                |0x49460001        |2020-03-01T17:09:36.000|2020-03-01        |
06+08:00             |6+08:00               |                   |                  |                  |                  |                   |                 |                    |                   |                  |+08:00                 |                  |
总数目：6
}
Elapsed Time: 0.0.16

-- [1]119:select id, stddev(distinct int32), stddev(distinct int64), stddev(distinct float), stddev(distinct double) from t1 group by 1 order by 1
STRICT{
id(STRING)      |_col1(DOUBLE)      |_col2(DOUBLE)      |_col3(DOUBLE)      |_col4(DOUBLE)      |
--------------------------------------------------------------------------------------------
D001            |null               |null               |null               |null               |
--------------------------------------------------------------------------------------------
D002            |null               |null               |null               |null               |
--------------------------------------------------------------------------------------------
D003            |null               |null               |null               |null               |
--------------------------------------------------------------------------------------------
D004            |null               |null               |null               |null               |
--------------------------------------------------------------------------------------------
D005            |null               |null               |null               |null               |
--------------------------------------------------------------------------------------------
D006            |null               |null               |null               |null               |
总数目：6
}
Elapsed Time: 0.0.13

-- [1]121:select id, stddev_pop(distinct int32), stddev_pop(distinct int64), stddev_pop(distinct float), stddev_pop(distinct double) from t1 group by 1 order by 1
STRICT{
id(STRING)      |_col1(DOUBLE)      |_col2(DOUBLE)      |_col3(DOUBLE)      |_col4(DOUBLE)      |
--------------------------------------------------------------------------------------------
D001            |0.0                |0.0                |0.0                |0.0                |
--------------------------------------------------------------------------------------------
D002            |0.0                |0.0                |0.0                |0.0                |
--------------------------------------------------------------------------------------------
D003            |0.0                |0.0                |0.0                |0.0                |
--------------------------------------------------------------------------------------------
D004            |0.0                |0.0                |0.0                |0.0                |
--------------------------------------------------------------------------------------------
D005            |0.0                |0.0                |0.0                |0.0                |
--------------------------------------------------------------------------------------------
D006            |0.0                |0.0                |0.0                |0.0                |
总数目：6
}
Elapsed Time: 0.0.10

-- [1]123:select id, stddev_samp(distinct int32), stddev_samp(distinct int64), stddev_samp(distinct float), stddev_samp(distinct double) from t1 group by 1 order by 1
STRICT{
id(STRING)      |_col1(DOUBLE)      |_col2(DOUBLE)      |_col3(DOUBLE)      |_col4(DOUBLE)      |
--------------------------------------------------------------------------------------------
D001            |null               |null               |null               |null               |
--------------------------------------------------------------------------------------------
D002            |null               |null               |null               |null               |
--------------------------------------------------------------------------------------------
D003            |null               |null               |null               |null               |
--------------------------------------------------------------------------------------------
D004            |null               |null               |null               |null               |
--------------------------------------------------------------------------------------------
D005            |null               |null               |null               |null               |
--------------------------------------------------------------------------------------------
D006            |null               |null               |null               |null               |
总数目：6
}
Elapsed Time: 0.0.14

-- [1]125:select id, variance(distinct int32), variance(distinct int64), variance(distinct float), variance(distinct double) from t1 group by 1 order by 1
STRICT{
id(STRING)      |_col1(DOUBLE)      |_col2(DOUBLE)      |_col3(DOUBLE)      |_col4(DOUBLE)      |
--------------------------------------------------------------------------------------------
D001            |null               |null               |null               |null               |
--------------------------------------------------------------------------------------------
D002            |null               |null               |null               |null               |
--------------------------------------------------------------------------------------------
D003            |null               |null               |null               |null               |
--------------------------------------------------------------------------------------------
D004            |null               |null               |null               |null               |
--------------------------------------------------------------------------------------------
D005            |null               |null               |null               |null               |
--------------------------------------------------------------------------------------------
D006            |null               |null               |null               |null               |
总数目：6
}
Elapsed Time: 0.0.11

-- [1]127:select id, var_pop(distinct int32), var_pop(distinct int64), var_pop(distinct float), var_pop(distinct double) from t1 group by 1 order by 1
STRICT{
id(STRING)      |_col1(DOUBLE)      |_col2(DOUBLE)      |_col3(DOUBLE)      |_col4(DOUBLE)      |
--------------------------------------------------------------------------------------------
D001            |0.0                |0.0                |0.0                |0.0                |
--------------------------------------------------------------------------------------------
D002            |0.0                |0.0                |0.0                |0.0                |
--------------------------------------------------------------------------------------------
D003            |0.0                |0.0                |0.0                |0.0                |
--------------------------------------------------------------------------------------------
D004            |0.0                |0.0                |0.0                |0.0                |
--------------------------------------------------------------------------------------------
D005            |0.0                |0.0                |0.0                |0.0                |
--------------------------------------------------------------------------------------------
D006            |0.0                |0.0                |0.0                |0.0                |
总数目：6
}
Elapsed Time: 0.0.10

-- [1]128:select round(VAR_POP(distinct int32),1), round(VAR_POP(distinct int64),1), round(VAR_POP(distinct float),1), round(VAR_POP(distinct double),1) from t1
STRICT{
_col0(DOUBLE)      |_col1(DOUBLE)      |_col2(DOUBLE)      |_col3(DOUBLE)      |
----------------------------------------------------------------------------
0.2                |25.0               |0.3                |30.8               |
总数目：1
}
Elapsed Time: 0.0.15

-- [1]129:select id, round(VAR_POP(distinct int32),1), round(VAR_POP(distinct int64),1), round(VAR_POP(distinct float),1), round(VAR_POP(distinct double),1) from t1 group by 1 order by 1
STRICT{
id(STRING)      |_col1(DOUBLE)      |_col2(DOUBLE)      |_col3(DOUBLE)      |_col4(DOUBLE)      |
--------------------------------------------------------------------------------------------
D001            |0.0                |0.0                |0.0                |0.0                |
--------------------------------------------------------------------------------------------
D002            |0.0                |0.0                |0.0                |0.0                |
--------------------------------------------------------------------------------------------
D003            |0.0                |0.0                |0.0                |0.0                |
--------------------------------------------------------------------------------------------
D004            |0.0                |0.0                |0.0                |0.0                |
--------------------------------------------------------------------------------------------
D005            |0.0                |0.0                |0.0                |0.0                |
--------------------------------------------------------------------------------------------
D006            |0.0                |0.0                |0.0                |0.0                |
总数目：6
}
Elapsed Time: 0.0.13

-- [1]131:select id, var_samp(distinct int32), var_samp(distinct int64), var_samp(distinct float), var_samp(distinct double) from t1 group by 1 order by 1
STRICT{
id(STRING)      |_col1(DOUBLE)      |_col2(DOUBLE)      |_col3(DOUBLE)      |_col4(DOUBLE)      |
--------------------------------------------------------------------------------------------
D001            |null               |null               |null               |null               |
--------------------------------------------------------------------------------------------
D002            |null               |null               |null               |null               |
--------------------------------------------------------------------------------------------
D003            |null               |null               |null               |null               |
--------------------------------------------------------------------------------------------
D004            |null               |null               |null               |null               |
--------------------------------------------------------------------------------------------
D005            |null               |null               |null               |null               |
--------------------------------------------------------------------------------------------
D006            |null               |null               |null               |null               |
总数目：6
}
Elapsed Time: 0.0.11

-- [1]133:select id, extreme(distinct int32), extreme(distinct int64), extreme(distinct float), extreme(distinct double) from t1 group by 1 order by 1
STRICT{
id(STRING)      |_col1(INT32)      |_col2(INT64)      |_col3(FLOAT)      |_col4(DOUBLE)      |
-----------------------------------------------------------------------------------------
D001            |1                 |10                |1.1               |11.1               |
-----------------------------------------------------------------------------------------
D002            |2                 |20                |2.2               |22.2               |
-----------------------------------------------------------------------------------------
D003            |2                 |10                |1.1               |22.2               |
-----------------------------------------------------------------------------------------
D004            |2                 |20                |2.2               |22.2               |
-----------------------------------------------------------------------------------------
D005            |2                 |20                |2.2               |22.2               |
-----------------------------------------------------------------------------------------
D006            |1                 |10                |1.1               |11.1               |
总数目：6
}
Elapsed Time: 0.0.11

-- [1]135:select time, mode(distinct time), mode(distinct id), mode(distinct int32), mode(distinct int64), mode(distinct float), mode(distinct double), mode(distinct text), mode(distinct boolean), mode(distinct string), mode(distinct blob), mode(distinct timestamp), mode(distinct date) from t1 group by 1 order by 1, 2, 3
STRICT{
time(TIMESTAMP)      |_col1(TIMESTAMP)      |_col2(STRING)      |_col3(INT32)      |_col4(INT64)      |_col5(FLOAT)      |_col6(DOUBLE)      |_col7(TEXT)      |_col8(BOOLEAN)      |_col9(STRING)      |_col10(BLOB)      |_col11(TIMESTAMP)      |_col12(DATE)      |
----------------------------------------------------------------------------------------------------------------------------------------------------------------------------------------------------------------------------------------------------------
1970-01-01T08:00:00.0|1970-01-01T08:00:00.00|D001               |1                 |10                |1.1               |11.1               |RC1              |false               |dog                |0x49460001        |2020-03-01T17:09:36.000|2020-03-01        |
01+08:00             |1+08:00               |                   |                  |                  |                  |                   |                 |                    |                   |                  |+08:00                 |                  |
----------------------------------------------------------------------------------------------------------------------------------------------------------------------------------------------------------------------------------------------------------
1970-01-01T08:00:00.0|1970-01-01T08:00:00.00|D002               |2                 |20                |2.2               |22.2               |RC2              |true                |cat                |0x00010000        |2021-03-01T17:09:36.000|2021-03-01        |
02+08:00             |2+08:00               |                   |                  |                  |                  |                   |                 |                    |                   |                  |+08:00                 |                  |
----------------------------------------------------------------------------------------------------------------------------------------------------------------------------------------------------------------------------------------------------------
1970-01-01T08:00:00.0|1970-01-01T08:00:00.00|D003               |2                 |10                |1.1               |22.2               |RC2              |false               |cat                |0x49460001        |2020-03-01T17:09:36.000|2020-03-01        |
03+08:00             |3+08:00               |                   |                  |                  |                  |                   |                 |                    |                   |                  |+08:00                 |                  |
----------------------------------------------------------------------------------------------------------------------------------------------------------------------------------------------------------------------------------------------------------
1970-01-01T08:00:00.0|1970-01-01T08:00:00.00|D004               |2                 |20                |2.2               |22.2               |RC2              |true                |cat                |0x00010000        |2021-03-01T17:09:36.000|2021-03-01        |
04+08:00             |4+08:00               |                   |                  |                  |                  |                   |                 |                    |                   |                  |+08:00                 |                  |
----------------------------------------------------------------------------------------------------------------------------------------------------------------------------------------------------------------------------------------------------------
1970-01-01T08:00:00.0|1970-01-01T08:00:00.00|D005               |2                 |20                |2.2               |22.2               |RC2              |true                |cat                |0x00010000        |2021-03-01T17:09:36.000|2021-03-01        |
05+08:00             |5+08:00               |                   |                  |                  |                  |                   |                 |                    |                   |                  |+08:00                 |                  |
----------------------------------------------------------------------------------------------------------------------------------------------------------------------------------------------------------------------------------------------------------
1970-01-01T08:00:00.0|1970-01-01T08:00:00.00|D006               |1                 |10                |1.1               |11.1               |RC1              |false               |dog                |0x49460001        |2020-03-01T17:09:36.000|2020-03-01        |
06+08:00             |6+08:00               |                   |                  |                  |                  |                   |                 |                    |                   |                  |+08:00                 |                  |
总数目：6
}
Elapsed Time: 0.0.17

-- [1]137:select id, min_by(distinct id, int32), min_by(distinct id, int64), min_by(distinct id, float), min_by(distinct id, double), min_by(distinct id, text), min_by(distinct id, boolean), min_by(distinct id, string), min_by(distinct id, blob), min_by(distinct id, timestamp), min_by(distinct id, date) from t1 group by 1 order by 1
STRICT{
id(STRING)      |_col1(STRING)      |_col2(STRING)      |_col3(STRING)      |_col4(STRING)      |_col5(STRING)      |_col6(STRING)      |_col7(STRING)      |_col8(STRING)      |_col9(STRING)      |_col10(STRING)      |
---------------------------------------------------------------------------------------------------------------------------------------------------------------------------------------------------------------
D001            |D001               |D001               |D001               |D001               |D001               |D001               |D001               |D001               |D001               |D001                |
---------------------------------------------------------------------------------------------------------------------------------------------------------------------------------------------------------------
D002            |D002               |D002               |D002               |D002               |D002               |D002               |D002               |D002               |D002               |D002                |
---------------------------------------------------------------------------------------------------------------------------------------------------------------------------------------------------------------
D003            |D003               |D003               |D003               |D003               |D003               |D003               |D003               |D003               |D003               |D003                |
---------------------------------------------------------------------------------------------------------------------------------------------------------------------------------------------------------------
D004            |D004               |D004               |D004               |D004               |D004               |D004               |D004               |D004               |D004               |D004                |
---------------------------------------------------------------------------------------------------------------------------------------------------------------------------------------------------------------
D005            |D005               |D005               |D005               |D005               |D005               |D005               |D005               |D005               |D005               |D005                |
---------------------------------------------------------------------------------------------------------------------------------------------------------------------------------------------------------------
D006            |D006               |D006               |D006               |D006               |D006               |D006               |D006               |D006               |D006               |D006                |
总数目：6
}
Elapsed Time: 0.0.16

-- [1]139:select id, max_by(distinct time, int32), max_by(distinct time, int64), max_by(distinct time, float), max_by(distinct time, double) from t1 group by 1 order by 1
STRICT{
id(STRING)      |_col1(TIMESTAMP)      |_col2(TIMESTAMP)      |_col3(TIMESTAMP)      |_col4(TIMESTAMP)      |
--------------------------------------------------------------------------------------------------------
D001            |1970-01-01T08:00:00.00|1970-01-01T08:00:00.00|1970-01-01T08:00:00.00|1970-01-01T08:00:00.00|
                |1+08:00               |1+08:00               |1+08:00               |1+08:00               |
--------------------------------------------------------------------------------------------------------
D002            |1970-01-01T08:00:00.00|1970-01-01T08:00:00.00|1970-01-01T08:00:00.00|1970-01-01T08:00:00.00|
                |2+08:00               |2+08:00               |2+08:00               |2+08:00               |
--------------------------------------------------------------------------------------------------------
D003            |1970-01-01T08:00:00.00|1970-01-01T08:00:00.00|1970-01-01T08:00:00.00|1970-01-01T08:00:00.00|
                |3+08:00               |3+08:00               |3+08:00               |3+08:00               |
--------------------------------------------------------------------------------------------------------
D004            |1970-01-01T08:00:00.00|1970-01-01T08:00:00.00|1970-01-01T08:00:00.00|1970-01-01T08:00:00.00|
                |4+08:00               |4+08:00               |4+08:00               |4+08:00               |
--------------------------------------------------------------------------------------------------------
D005            |1970-01-01T08:00:00.00|1970-01-01T08:00:00.00|1970-01-01T08:00:00.00|1970-01-01T08:00:00.00|
                |5+08:00               |5+08:00               |5+08:00               |5+08:00               |
--------------------------------------------------------------------------------------------------------
D006            |1970-01-01T08:00:00.00|1970-01-01T08:00:00.00|1970-01-01T08:00:00.00|1970-01-01T08:00:00.00|
                |6+08:00               |6+08:00               |6+08:00               |6+08:00               |
总数目：6
}
Elapsed Time: 0.0.12

-- [1]141:select id, first_by(distinct id, int32), first_by(distinct id, int64), first_by(distinct id, float), first_by(distinct id, double), first_by(distinct id, text), first_by(distinct id, boolean), first_by(distinct id, string), first_by(distinct id, blob), first_by(distinct id, timestamp), first_by(distinct id, date) from t1 group by 1 order by 1
STRICT{
id(STRING)      |_col1(STRING)      |_col2(STRING)      |_col3(STRING)      |_col4(STRING)      |_col5(STRING)      |_col6(STRING)      |_col7(STRING)      |_col8(STRING)      |_col9(STRING)      |_col10(STRING)      |
---------------------------------------------------------------------------------------------------------------------------------------------------------------------------------------------------------------
D001            |D001               |D001               |D001               |D001               |D001               |D001               |D001               |D001               |D001               |D001                |
---------------------------------------------------------------------------------------------------------------------------------------------------------------------------------------------------------------
D002            |D002               |D002               |D002               |D002               |D002               |D002               |D002               |D002               |D002               |D002                |
---------------------------------------------------------------------------------------------------------------------------------------------------------------------------------------------------------------
D003            |D003               |D003               |D003               |D003               |D003               |D003               |D003               |D003               |D003               |D003                |
---------------------------------------------------------------------------------------------------------------------------------------------------------------------------------------------------------------
D004            |D004               |D004               |D004               |D004               |D004               |D004               |D004               |D004               |D004               |D004                |
---------------------------------------------------------------------------------------------------------------------------------------------------------------------------------------------------------------
D005            |D005               |D005               |D005               |D005               |D005               |D005               |D005               |D005               |D005               |D005                |
---------------------------------------------------------------------------------------------------------------------------------------------------------------------------------------------------------------
D006            |D006               |D006               |D006               |D006               |D006               |D006               |D006               |D006               |D006               |D006                |
总数目：6
}
Elapsed Time: 0.0.13

-- [1]143:select id, last_by(distinct time, int32), last_by(distinct time, int64), last_by(distinct time, float), last_by(distinct time, double), last_by(distinct time, timestamp) from t1 group by 1 order by 1
STRICT{
id(STRING)      |_col1(TIMESTAMP)      |_col2(TIMESTAMP)      |_col3(TIMESTAMP)      |_col4(TIMESTAMP)      |_col5(TIMESTAMP)      |
------------------------------------------------------------------------------------------------------------------------------
D001            |1970-01-01T08:00:00.00|1970-01-01T08:00:00.00|1970-01-01T08:00:00.00|1970-01-01T08:00:00.00|1970-01-01T08:00:00.00|
                |1+08:00               |1+08:00               |1+08:00               |1+08:00               |1+08:00               |
------------------------------------------------------------------------------------------------------------------------------
D002            |1970-01-01T08:00:00.00|1970-01-01T08:00:00.00|1970-01-01T08:00:00.00|1970-01-01T08:00:00.00|1970-01-01T08:00:00.00|
                |2+08:00               |2+08:00               |2+08:00               |2+08:00               |2+08:00               |
------------------------------------------------------------------------------------------------------------------------------
D003            |1970-01-01T08:00:00.00|1970-01-01T08:00:00.00|1970-01-01T08:00:00.00|1970-01-01T08:00:00.00|1970-01-01T08:00:00.00|
                |3+08:00               |3+08:00               |3+08:00               |3+08:00               |3+08:00               |
------------------------------------------------------------------------------------------------------------------------------
D004            |1970-01-01T08:00:00.00|1970-01-01T08:00:00.00|1970-01-01T08:00:00.00|1970-01-01T08:00:00.00|1970-01-01T08:00:00.00|
                |4+08:00               |4+08:00               |4+08:00               |4+08:00               |4+08:00               |
------------------------------------------------------------------------------------------------------------------------------
D005            |1970-01-01T08:00:00.00|1970-01-01T08:00:00.00|1970-01-01T08:00:00.00|1970-01-01T08:00:00.00|1970-01-01T08:00:00.00|
                |5+08:00               |5+08:00               |5+08:00               |5+08:00               |5+08:00               |
------------------------------------------------------------------------------------------------------------------------------
D006            |1970-01-01T08:00:00.00|1970-01-01T08:00:00.00|1970-01-01T08:00:00.00|1970-01-01T08:00:00.00|1970-01-01T08:00:00.00|
                |6+08:00               |6+08:00               |6+08:00               |6+08:00               |6+08:00               |
总数目：6
}
Elapsed Time: 0.0.11

-- [1]145:select id, count_if(distinct int32 < 0), count_if(distinct int64 is not null), count_if(distinct float is not null), count_if(distinct double is not null), count_if(distinct boolean is not null), count_if(distinct text is not null), count_if(distinct string is not null), count_if(distinct blob is not null), count_if(distinct timestamp is not null), count_if(distinct date is not null) from t1 group by 1 order by 1
STRICT{
id(STRING)      |_col1(INT64)      |_col2(INT64)      |_col3(INT64)      |_col4(INT64)      |_col5(INT64)      |_col6(INT64)      |_col7(INT64)      |_col8(INT64)      |_col9(INT64)      |_col10(INT64)      |
-----------------------------------------------------------------------------------------------------------------------------------------------------------------------------------------------------
D001            |0                 |1                 |1                 |1                 |1                 |1                 |1                 |1                 |1                 |1                  |
-----------------------------------------------------------------------------------------------------------------------------------------------------------------------------------------------------
D002            |0                 |1                 |1                 |1                 |1                 |1                 |1                 |1                 |1                 |1                  |
-----------------------------------------------------------------------------------------------------------------------------------------------------------------------------------------------------
D003            |0                 |1                 |1                 |1                 |1                 |1                 |1                 |1                 |1                 |1                  |
-----------------------------------------------------------------------------------------------------------------------------------------------------------------------------------------------------
D004            |0                 |1                 |1                 |1                 |1                 |1                 |1                 |1                 |1                 |1                  |
-----------------------------------------------------------------------------------------------------------------------------------------------------------------------------------------------------
D005            |0                 |1                 |1                 |1                 |1                 |1                 |1                 |1                 |1                 |1                  |
-----------------------------------------------------------------------------------------------------------------------------------------------------------------------------------------------------
D006            |0                 |1                 |1                 |1                 |1                 |1                 |1                 |1                 |1                 |1                  |
总数目：6
}
Elapsed Time: 0.0.16

-- [1]147:select min_by(distinct time, int32), min_by(distinct time, int64), min_by(distinct time, float), min_by(distinct time, double) from t1 where id='D001'
STRICT{
_col0(TIMESTAMP)      |_col1(TIMESTAMP)      |_col2(TIMESTAMP)      |_col3(TIMESTAMP)      |
----------------------------------------------------------------------------------------
1970-01-01T08:00:00.00|1970-01-01T08:00:00.00|1970-01-01T08:00:00.00|1970-01-01T08:00:00.00|
1+08:00               |1+08:00               |1+08:00               |1+08:00               |
总数目：1
}
Elapsed Time: 0.0.10

-- [1]149:select id, min_by(distinct time, int32), min_by(distinct time, int64), min_by(distinct time, float), min_by(distinct time, double), min_by(distinct time, timestamp) from t1 where id='D001' or id='D002' group by 1 order by 1
STRICT{
id(STRING)      |_col1(TIMESTAMP)      |_col2(TIMESTAMP)      |_col3(TIMESTAMP)      |_col4(TIMESTAMP)      |_col5(TIMESTAMP)      |
------------------------------------------------------------------------------------------------------------------------------
D001            |1970-01-01T08:00:00.00|1970-01-01T08:00:00.00|1970-01-01T08:00:00.00|1970-01-01T08:00:00.00|1970-01-01T08:00:00.00|
                |1+08:00               |1+08:00               |1+08:00               |1+08:00               |1+08:00               |
------------------------------------------------------------------------------------------------------------------------------
D002            |1970-01-01T08:00:00.00|1970-01-01T08:00:00.00|1970-01-01T08:00:00.00|1970-01-01T08:00:00.00|1970-01-01T08:00:00.00|
                |2+08:00               |2+08:00               |2+08:00               |2+08:00               |2+08:00               |
总数目：2
}
Elapsed Time: 0.0.18

-- [1]151:select max_by(distinct int32, int64), max_by(distinct time, int32), max_by(distinct time, float), max_by(distinct float, double), max_by(distinct time, timestamp) from t1 where id='D002'
STRICT{
_col0(INT32)      |_col1(TIMESTAMP)      |_col2(TIMESTAMP)      |_col3(FLOAT)      |_col4(TIMESTAMP)      |
------------------------------------------------------------------------------------------------------
2                 |1970-01-01T08:00:00.00|1970-01-01T08:00:00.00|2.2               |1970-01-01T08:00:00.00|
                  |2+08:00               |2+08:00               |                  |2+08:00               |
总数目：1
}
Elapsed Time: 0.0.15

-- [1]153:select id, max_by(distinct time, int32), max_by(distinct time, int64), max_by(distinct time, double), max_by(distinct time, float) from t1 where id='D001' or id='D002' group by 1 order by 1
STRICT{
id(STRING)      |_col1(TIMESTAMP)      |_col2(TIMESTAMP)      |_col3(TIMESTAMP)      |_col4(TIMESTAMP)      |
--------------------------------------------------------------------------------------------------------
D001            |1970-01-01T08:00:00.00|1970-01-01T08:00:00.00|1970-01-01T08:00:00.00|1970-01-01T08:00:00.00|
                |1+08:00               |1+08:00               |1+08:00               |1+08:00               |
--------------------------------------------------------------------------------------------------------
D002            |1970-01-01T08:00:00.00|1970-01-01T08:00:00.00|1970-01-01T08:00:00.00|1970-01-01T08:00:00.00|
                |2+08:00               |2+08:00               |2+08:00               |2+08:00               |
总数目：2
}
Elapsed Time: 0.0.9

-- [1]155:select id, first_by(distinct time, int32), first_by(distinct time, int64), first_by(distinct time, float), first_by(distinct time, double), first_by(distinct time, timestamp), first_by(distinct time, string) from t1 where id='D001' or id='D003' group by 1 order by 1
STRICT{
id(STRING)      |_col1(TIMESTAMP)      |_col2(TIMESTAMP)      |_col3(TIMESTAMP)      |_col4(TIMESTAMP)      |_col5(TIMESTAMP)      |_col6(TIMESTAMP)      |
----------------------------------------------------------------------------------------------------------------------------------------------------
D001            |1970-01-01T08:00:00.00|1970-01-01T08:00:00.00|1970-01-01T08:00:00.00|1970-01-01T08:00:00.00|1970-01-01T08:00:00.00|1970-01-01T08:00:00.00|
                |1+08:00               |1+08:00               |1+08:00               |1+08:00               |1+08:00               |1+08:00               |
----------------------------------------------------------------------------------------------------------------------------------------------------
D003            |1970-01-01T08:00:00.00|1970-01-01T08:00:00.00|1970-01-01T08:00:00.00|1970-01-01T08:00:00.00|1970-01-01T08:00:00.00|1970-01-01T08:00:00.00|
                |3+08:00               |3+08:00               |3+08:00               |3+08:00               |3+08:00               |3+08:00               |
总数目：2
}
Elapsed Time: 0.0.11

-- [1]157:select id, last(distinct int32), last(distinct int64), last(distinct float), last(distinct double), last(distinct text), last(distinct string), last(distinct timestamp) from t1 where id='D002' or id='D003' group by 1 order by 1
STRICT{
id(STRING)      |_col1(INT32)      |_col2(INT64)      |_col3(FLOAT)      |_col4(DOUBLE)      |_col5(TEXT)      |_col6(STRING)      |_col7(TIMESTAMP)      |
---------------------------------------------------------------------------------------------------------------------------------------------------
D002            |2                 |20                |2.2               |22.2               |RC2              |cat                |2021-03-01T17:09:36.00|
                |                  |                  |                  |                   |                 |                   |0+08:00               |
---------------------------------------------------------------------------------------------------------------------------------------------------
D003            |2                 |10                |1.1               |22.2               |RC2              |cat                |2020-03-01T17:09:36.00|
                |                  |                  |                  |                   |                 |                   |0+08:00               |
总数目：2
}
Elapsed Time: 0.0.11

-- [1]159:select id, last_by(distinct time, text), last_by(distinct time, string), last_by(distinct time, blob), last_by(distinct time, double), first_by(distinct time, int32) from t1 where id='D001' or id='D002' group by 1 order by 1
STRICT{
id(STRING)      |_col1(TIMESTAMP)      |_col2(TIMESTAMP)      |_col3(TIMESTAMP)      |_col4(TIMESTAMP)      |_col5(TIMESTAMP)      |
------------------------------------------------------------------------------------------------------------------------------
D001            |1970-01-01T08:00:00.00|1970-01-01T08:00:00.00|1970-01-01T08:00:00.00|1970-01-01T08:00:00.00|1970-01-01T08:00:00.00|
                |1+08:00               |1+08:00               |1+08:00               |1+08:00               |1+08:00               |
------------------------------------------------------------------------------------------------------------------------------
D002            |1970-01-01T08:00:00.00|1970-01-01T08:00:00.00|1970-01-01T08:00:00.00|1970-01-01T08:00:00.00|1970-01-01T08:00:00.00|
                |2+08:00               |2+08:00               |2+08:00               |2+08:00               |2+08:00               |
总数目：2
}
Elapsed Time: 0.0.10

-- [1]162:select distinct time,int32,double,text,string from t1 order by time
STRICT{
time(TIMESTAMP)      |int32(INT32)      |double(DOUBLE)      |text(TEXT)      |string(STRING)      |
-----------------------------------------------------------------------------------------------
1970-01-01T08:00:00.0|1                 |11.1                |RC1             |dog                 |
01+08:00             |                  |                    |                |                    |
-----------------------------------------------------------------------------------------------
1970-01-01T08:00:00.0|2                 |22.2                |RC2             |cat                 |
02+08:00             |                  |                    |                |                    |
-----------------------------------------------------------------------------------------------
1970-01-01T08:00:00.0|2                 |22.2                |RC2             |cat                 |
03+08:00             |                  |                    |                |                    |
-----------------------------------------------------------------------------------------------
1970-01-01T08:00:00.0|2                 |22.2                |RC2             |cat                 |
04+08:00             |                  |                    |                |                    |
-----------------------------------------------------------------------------------------------
1970-01-01T08:00:00.0|2                 |22.2                |RC2             |cat                 |
05+08:00             |                  |                    |                |                    |
-----------------------------------------------------------------------------------------------
1970-01-01T08:00:00.0|1                 |11.1                |RC1             |dog                 |
06+08:00             |                  |                    |                |                    |
总数目：6
}
Elapsed Time: 0.0.10

-- [1]165:select count(distinct *) from t1
STRICT{
SQLSTATE : 700: line 1:23: mismatched input '*'. Expecting: <expression>
}

-- [1]169:select distinct(time,int32,double) from t1
STRICT{
SQLSTATE : 701: Unsupported expression: Row
}
