
-- [1]10:create database test_db
STRICT{
PASS
}

-- [1]13:use test_db
STRICT{
PASS
}

-- [1]18:create table Table_A ( 	device_id STRING TAG, 	color STRING ATTRIBUTE, 	s0 BOOLEAN FIELD, 	s1 TEXT FIELD, 	s2 INT32 FIELD, 	s3 INT64 FIELD, 	s4 FLOAT FIELD, 	s5 DOUBLE FIELD, 	s6 BOOLEAN FIELD, 	s7 DATE FIELD, 	s8 TIMESTAMP FIELD, 	s9 STRING FIELD, 	s10 BLOB FIELD )
STRICT{
PASS
}

-- [1]34:show tables
STRICT{
TableName(TEXT)      |TTL(ms)(TEXT)      |
----------------------------------------
table_a              |INF                |
总数目：1
}
Elapsed Time: 0.0.1

-- [1]37:desc Table_A
STRICT{
ColumnName(TEXT)      |DataType(TEXT)      |Category(TEXT)      |
--------------------------------------------------------------
time                  |TIMESTAMP           |TIME                |
--------------------------------------------------------------
device_id             |STRING              |TAG                 |
--------------------------------------------------------------
color                 |STRING              |ATTRIBUTE           |
--------------------------------------------------------------
s0                    |BOOLEAN             |FIELD               |
--------------------------------------------------------------
s1                    |TEXT                |FIELD               |
--------------------------------------------------------------
s2                    |INT32               |FIELD               |
--------------------------------------------------------------
s3                    |INT64               |FIELD               |
--------------------------------------------------------------
s4                    |FLOAT               |FIELD               |
--------------------------------------------------------------
s5                    |DOUBLE              |FIELD               |
--------------------------------------------------------------
s6                    |BOOLEAN             |FIELD               |
--------------------------------------------------------------
s7                    |DATE                |FIELD               |
--------------------------------------------------------------
s8                    |TIMESTAMP           |FIELD               |
--------------------------------------------------------------
s9                    |STRING              |FIELD               |
--------------------------------------------------------------
s10                   |BLOB                |FIELD               |
总数目：14
}
Elapsed Time: 0.0.1

-- [1]44:INSERT INTO Table_A( time, device_id, color, s0, s1, s2, s3, s4, s5, s6, s7, s8, s9, s10 ) values( 1, 'device_A1', 'r e d', false, 'China', 10, 100, 11.1, 8.8, true, '2021-10-01', 1633046400000, ' Smile', X'abcd' )
STRICT{
0
}
Elapsed Time: 0.2.10

-- [1]49:INSERT INTO Table_A( time, device_id, color, s0, s1, s2, s3, s4, s5, s6, s7, s8, s9, s10 ) values( 2, ' device B2', 'black', true, 'America ', 5, 121, 222.1, 12.2, false, '2022-10-01', 1724049989000, 'S a d', X'24ad' )
STRICT{
0
}
Elapsed Time: 0.0.60

-- [1]54:INSERT INTO Table_A( time, device_id, color, s0, s1, s2, s3, s4, s5, s6, s7, s8, s9, s10 ) values( 3, 'device_C3 ', ' yellow', true, ' Africa', 13, 250, 1.1, 333.3, true, '2023-11-01', 1704046789000, 'laugh ', X'a2cd' )
STRICT{
0
}
Elapsed Time: 0.0.6

-- [1]59:INSERT INTO Table_A( time, device_id, color, s0, s1, s2, s3, s4, s5, s6, s7, s8, s9, s10 ) values( 4, ' device_D4 ', 'green ', false, 'Europe', 4, 6, 21.1, 44.2, false, '2023-09-01', 1703047789000, 'Cry', X'24' )
STRICT{
0
}
Elapsed Time: 0.0.6

-- [1]64:INSERT INTO Table_A( time, device_id, color, s0, s1, s2, s3, s4, s5, s6, s7, s8, s9, s10 ) values( 5, ' device _ E5', ' whi te ', false, 'Eng land', 122, 110, 2.2, 9.9, false, '2022-11-01', 1701047739000, 'LOVELY', X'cd' )
STRICT{
0
}
Elapsed Time: 0.0.6

-- [1]69:INSERT INTO Table_A( time, device_id, color, s0, s1, s2, s3, s4, s5, s6, s7, s8, s9, s10 ) values( 6, 'device_F 6 ', ' orange ', false, ' Canada ', 8, 999, 123.1, 0.101, true, '2002-01-01', 1724049989000, 'Awkward', X'4d' )
STRICT{
0
}
Elapsed Time: 0.0.6

-- [1]74:INSERT INTO Table_A( time, device_id, color, s0, s1, s2, s3, s4, s5, s6, s7, s8, s9, s10 ) values( 7, 'dev ice_AA', ' blue', true, 'Africa', 0, 110, 22.2, 1.8, true, '2023-06-01', 1643046400000, 'disappointING', X'ac'  )
STRICT{
0
}
Elapsed Time: 0.0.6

-- [1]79:INSERT INTO Table_A( time, device_id, color, s0, s1, s2, s3, s4, s5, s6, s7, s8, s9, s10 ) values( 8, 'device BB', 'purple', true, ' Australia', 555, 1001, 202.1, 1.2, false, '2002-10-01', 1653046400000, 'happy_and_satisfied ', X'abcdef' )
STRICT{
0
}
Elapsed Time: 0.0.8

-- [1]84:INSERT INTO Table_A( time, device_id, color, s0, s1, s2, s3, s4, s5, s6, s7, s8, s9, s10 ) values( 9, 'device_cC', 'Green', false, 'Swiss', 1110, 888, 10.1, 11.1, true, '2023-11-11', 1699685189000, 'FRIENDly', X'ce' )
STRICT{
0
}
Elapsed Time: 0.0.14

-- [1]89:INSERT INTO Table_A( time, device_id, color, s0, s1, s2, s3, s4, s5, s6, s7, s8, s9, s10 ) values( 10, 'de vice d d', 'Pink', false, 'Ja pan', 111, 222, 22.5, 13.3, true, '2020-10-11', 1702277189000, 'SOB', X'ae' )
STRICT{
0
}
Elapsed Time: 0.0.9

-- [1]94:INSERT INTO Table_A( time, device_id, color, s0, s1, s2, s3, s4, s5, s6, s7, s8, s9, s10 ) values( 11, null, 'Grey', null, 'South Korea', 111, 20, 2, 11.3, true, null, 1702277189000, 'un happy ', X'ae' )
STRICT{
0
}
Elapsed Time: 0.0.4

-- [1]99:INSERT INTO Table_A( time, device_id, color, s0, s1, s2, s3, s4, s5, s6, s7, s8, s9, s10 ) values( 12, 'd1', null, true, 'Singapore', null, 22, 2.5, 13.3, true, null, 1702277189000, ' sorrow', X'ae' )
STRICT{
0
}
Elapsed Time: 0.0.5

-- [1]105:INSERT INTO Table_A( time, device_id, color, s0, s1, s2, s3, s4, s5, s6, s7, s8, s9, s10 ) values( 13, 'deVice', 'RED', true, 'Thailand', 1, 22, 2.5, 13.3, true, '2022-10-11', 1702277189000, 'Thailand', X'ae' )
STRICT{
0
}
Elapsed Time: 0.0.6

-- [1]108:select * from Table_A order by time
STRICT{
time(TIMESTAMP)      |device_id(STRING)      |color(STRING)      |s0(BOOLEAN)      |s1(TEXT)      |s2(INT32)      |s3(INT64)      |s4(FLOAT)      |s5(DOUBLE)      |s6(BOOLEAN)      |s7(DATE)      |s8(TIMESTAMP)      |s9(STRING)      |s10(BLOB)      |
--------------------------------------------------------------------------------------------------------------------------------------------------------------------------------------------------------------------------------------------
1970-01-01T08:00:00.0|device_A1              |r e d              |false            |China         |10             |100            |11.1           |8.8             |true             |2021-10-01    |2021-10-01T08:00:00| Smile          |0xabcd         |
01+08:00             |                       |                   |                 |              |               |               |               |                |                 |              |.000+08:00         |                |               |
--------------------------------------------------------------------------------------------------------------------------------------------------------------------------------------------------------------------------------------------
1970-01-01T08:00:00.0| device B2             |black              |true             |America       |5              |121            |222.1          |12.2            |false            |2022-10-01    |2024-08-19T14:46:29|S a d           |0x24ad         |
02+08:00             |                       |                   |                 |              |               |               |               |                |                 |              |.000+08:00         |                |               |
--------------------------------------------------------------------------------------------------------------------------------------------------------------------------------------------------------------------------------------------
1970-01-01T08:00:00.0|device_C3              | yellow            |true             | Africa       |13             |250            |1.1            |333.3           |true             |2023-11-01    |2024-01-01T02:19:49|laugh           |0xa2cd         |
03+08:00             |                       |                   |                 |              |               |               |               |                |                 |              |.000+08:00         |                |               |
--------------------------------------------------------------------------------------------------------------------------------------------------------------------------------------------------------------------------------------------
1970-01-01T08:00:00.0| device_D4             |green              |false            |Europe        |4              |6              |21.1           |44.2            |false            |2023-09-01    |2023-12-20T12:49:49|Cry             |0x24           |
04+08:00             |                       |                   |                 |              |               |               |               |                |                 |              |.000+08:00         |                |               |
--------------------------------------------------------------------------------------------------------------------------------------------------------------------------------------------------------------------------------------------
1970-01-01T08:00:00.0| device _ E5           | whi te            |false            |Eng land      |122            |110            |2.2            |9.9             |false            |2022-11-01    |2023-11-27T09:15:39|LOVELY          |0xcd           |
05+08:00             |                       |                   |                 |              |               |               |               |                |                 |              |.000+08:00         |                |               |
--------------------------------------------------------------------------------------------------------------------------------------------------------------------------------------------------------------------------------------------
1970-01-01T08:00:00.0|device_F 6             | orange            |false            | Canada       |8              |999            |123.1          |0.101           |true             |2002-01-01    |2024-08-19T14:46:29|Awkward         |0x4d           |
06+08:00             |                       |                   |                 |              |               |               |               |                |                 |              |.000+08:00         |                |               |
--------------------------------------------------------------------------------------------------------------------------------------------------------------------------------------------------------------------------------------------
1970-01-01T08:00:00.0|dev ice_AA             | blue              |true             |Africa        |0              |110            |22.2           |1.8             |true             |2023-06-01    |2022-01-25T01:46:40|disappointING   |0xac           |
07+08:00             |                       |                   |                 |              |               |               |               |                |                 |              |.000+08:00         |                |               |
--------------------------------------------------------------------------------------------------------------------------------------------------------------------------------------------------------------------------------------------
1970-01-01T08:00:00.0|device BB              |purple             |true             | Australia    |555            |1001           |202.1          |1.2             |false            |2002-10-01    |2022-05-20T19:33:20|happy_and_satisf|0xabcdef       |
08+08:00             |                       |                   |                 |              |               |               |               |                |                 |              |.000+08:00         |ied             |               |
--------------------------------------------------------------------------------------------------------------------------------------------------------------------------------------------------------------------------------------------
1970-01-01T08:00:00.0|device_cC              |Green              |false            |Swiss         |1110           |888            |10.1           |11.1            |true             |2023-11-11    |2023-11-11T14:46:29|FRIENDly        |0xce           |
09+08:00             |                       |                   |                 |              |               |               |               |                |                 |              |.000+08:00         |                |               |
--------------------------------------------------------------------------------------------------------------------------------------------------------------------------------------------------------------------------------------------
1970-01-01T08:00:00.0|de vice d d            |Pink               |false            |Ja pan        |111            |222            |22.5           |13.3            |true             |2020-10-11    |2023-12-11T14:46:29|SOB             |0xae           |
10+08:00             |                       |                   |                 |              |               |               |               |                |                 |              |.000+08:00         |                |               |
--------------------------------------------------------------------------------------------------------------------------------------------------------------------------------------------------------------------------------------------
1970-01-01T08:00:00.0|null                   |Grey               |null             |South Korea   |111            |20             |2.0            |11.3            |true             |null          |2023-12-11T14:46:29|un happy        |0xae           |
11+08:00             |                       |                   |                 |              |               |               |               |                |                 |              |.000+08:00         |                |               |
--------------------------------------------------------------------------------------------------------------------------------------------------------------------------------------------------------------------------------------------
1970-01-01T08:00:00.0|d1                     |null               |true             |Singapore     |null           |22             |2.5            |13.3            |true             |null          |2023-12-11T14:46:29| sorrow         |0xae           |
12+08:00             |                       |                   |                 |              |               |               |               |                |                 |              |.000+08:00         |                |               |
--------------------------------------------------------------------------------------------------------------------------------------------------------------------------------------------------------------------------------------------
1970-01-01T08:00:00.0|deVice                 |RED                |true             |Thailand      |1              |22             |2.5            |13.3            |true             |2022-10-11    |2023-12-11T14:46:29|Thailand        |0xae           |
13+08:00             |                       |                   |                 |              |               |               |               |                |                 |              |.000+08:00         |                |               |
总数目：13
}
Elapsed Time: 0.0.9

-- [1]112:select length() from table_a
STRICT{
SQLSTATE : 701: Scalar function length only accepts one argument and it must be text or string data type.
}

-- [1]113:select length(s2) from table_a
STRICT{
SQLSTATE : 701: Scalar function length only accepts one argument and it must be text or string data type.
}

-- [1]114:select length(s3) from table_a
STRICT{
SQLSTATE : 701: Scalar function length only accepts one argument and it must be text or string data type.
}

-- [1]115:select length(s4) from table_a
STRICT{
SQLSTATE : 701: Scalar function length only accepts one argument and it must be text or string data type.
}

-- [1]116:select length(s5) from table_a
STRICT{
SQLSTATE : 701: Scalar function length only accepts one argument and it must be text or string data type.
}

-- [1]117:select length(s6) from table_a
STRICT{
SQLSTATE : 701: Scalar function length only accepts one argument and it must be text or string data type.
}

-- [1]118:select length(s7) from table_a
STRICT{
SQLSTATE : 701: Scalar function length only accepts one argument and it must be text or string data type.
}

-- [1]119:select length(s8) from table_a
STRICT{
SQLSTATE : 701: Scalar function length only accepts one argument and it must be text or string data type.
}

-- [1]120:select length(s10) from table_a
STRICT{
SQLSTATE : 701: Scalar function length only accepts one argument and it must be text or string data type.
}

-- [1]122:select device_id, length(device_id) as length_result from table_a order by device_id,length_result
STRICT{
device_id(STRING)      |length_result(INT32)      |
-------------------------------------------------
 device B2             |10                        |
-------------------------------------------------
 device _ E5           |12                        |
-------------------------------------------------
 device_D4             |11                        |
-------------------------------------------------
d1                     |2                         |
-------------------------------------------------
de vice d d            |11                        |
-------------------------------------------------
deVice                 |6                         |
-------------------------------------------------
dev ice_AA             |10                        |
-------------------------------------------------
device BB              |9                         |
-------------------------------------------------
device_A1              |9                         |
-------------------------------------------------
device_C3              |10                        |
-------------------------------------------------
device_F 6             |11                        |
-------------------------------------------------
device_cC              |9                         |
-------------------------------------------------
null                   |null                      |
总数目：13
}
Elapsed Time: 0.0.9

-- [1]123:select device_id, length(trim(device_id)) as length_result from table_a order by device_id,length_result
STRICT{
device_id(STRING)      |length_result(INT32)      |
-------------------------------------------------
 device B2             |9                         |
-------------------------------------------------
 device _ E5           |11                        |
-------------------------------------------------
 device_D4             |9                         |
-------------------------------------------------
d1                     |2                         |
-------------------------------------------------
de vice d d            |11                        |
-------------------------------------------------
deVice                 |6                         |
-------------------------------------------------
dev ice_AA             |10                        |
-------------------------------------------------
device BB              |9                         |
-------------------------------------------------
device_A1              |9                         |
-------------------------------------------------
device_C3              |9                         |
-------------------------------------------------
device_F 6             |10                        |
-------------------------------------------------
device_cC              |9                         |
-------------------------------------------------
null                   |null                      |
总数目：13
}
Elapsed Time: 0.0.8

-- [1]124:select device_id, length(replace(device_id,' ', '')) as length_result from table_a order by device_id,length_result
STRICT{
device_id(STRING)      |length_result(INT32)      |
-------------------------------------------------
 device B2             |8                         |
-------------------------------------------------
 device _ E5           |9                         |
-------------------------------------------------
 device_D4             |9                         |
-------------------------------------------------
d1                     |2                         |
-------------------------------------------------
de vice d d            |8                         |
-------------------------------------------------
deVice                 |6                         |
-------------------------------------------------
dev ice_AA             |9                         |
-------------------------------------------------
device BB              |8                         |
-------------------------------------------------
device_A1              |9                         |
-------------------------------------------------
device_C3              |9                         |
-------------------------------------------------
device_F 6             |9                         |
-------------------------------------------------
device_cC              |9                         |
-------------------------------------------------
null                   |null                      |
总数目：13
}
Elapsed Time: 0.0.5

-- [1]126:select color, length(color) as length_result from table_a order by length_result,color
STRICT{
color(STRING)      |length_result(INT32)      |
---------------------------------------------
RED                |3                         |
---------------------------------------------
Grey               |4                         |
---------------------------------------------
Pink               |4                         |
---------------------------------------------
 blue              |5                         |
---------------------------------------------
Green              |5                         |
---------------------------------------------
black              |5                         |
---------------------------------------------
r e d              |5                         |
---------------------------------------------
green              |6                         |
---------------------------------------------
purple             |6                         |
---------------------------------------------
 yellow            |7                         |
---------------------------------------------
 orange            |8                         |
---------------------------------------------
 whi te            |8                         |
---------------------------------------------
null               |null                      |
总数目：13
}
Elapsed Time: 0.0.7

-- [1]127:select color, length(trim(color)) as length_result from table_a order by length_result,color
STRICT{
color(STRING)      |length_result(INT32)      |
---------------------------------------------
RED                |3                         |
---------------------------------------------
 blue              |4                         |
---------------------------------------------
Grey               |4                         |
---------------------------------------------
Pink               |4                         |
---------------------------------------------
Green              |5                         |
---------------------------------------------
black              |5                         |
---------------------------------------------
green              |5                         |
---------------------------------------------
r e d              |5                         |
---------------------------------------------
 orange            |6                         |
---------------------------------------------
 whi te            |6                         |
---------------------------------------------
 yellow            |6                         |
---------------------------------------------
purple             |6                         |
---------------------------------------------
null               |null                      |
总数目：13
}
Elapsed Time: 0.0.5

-- [1]128:select color, length(replace(color,' ', '')) as length_result from table_a order by length_result,color
STRICT{
color(STRING)      |length_result(INT32)      |
---------------------------------------------
RED                |3                         |
---------------------------------------------
r e d              |3                         |
---------------------------------------------
 blue              |4                         |
---------------------------------------------
Grey               |4                         |
---------------------------------------------
Pink               |4                         |
---------------------------------------------
 whi te            |5                         |
---------------------------------------------
Green              |5                         |
---------------------------------------------
black              |5                         |
---------------------------------------------
green              |5                         |
---------------------------------------------
 orange            |6                         |
---------------------------------------------
 yellow            |6                         |
---------------------------------------------
purple             |6                         |
---------------------------------------------
null               |null                      |
总数目：13
}
Elapsed Time: 0.0.7

-- [1]130:select s1, length(s1) as length_result from table_a order by length_result,s1
STRICT{
s1(TEXT)      |length_result(INT32)      |
----------------------------------------
China         |5                         |
----------------------------------------
Swiss         |5                         |
----------------------------------------
Africa        |6                         |
----------------------------------------
Europe        |6                         |
----------------------------------------
Ja pan        |6                         |
----------------------------------------
 Africa       |7                         |
----------------------------------------
 Canada       |8                         |
----------------------------------------
America       |8                         |
----------------------------------------
Eng land      |8                         |
----------------------------------------
Thailand      |8                         |
----------------------------------------
Singapore     |9                         |
----------------------------------------
 Australia    |10                        |
----------------------------------------
South Korea   |11                        |
总数目：13
}
Elapsed Time: 0.0.6

-- [1]131:select s1, length(trim(s1)) as length_result from table_a order by length_result,s1
STRICT{
s1(TEXT)      |length_result(INT32)      |
----------------------------------------
China         |5                         |
----------------------------------------
Swiss         |5                         |
----------------------------------------
 Africa       |6                         |
----------------------------------------
 Canada       |6                         |
----------------------------------------
Africa        |6                         |
----------------------------------------
Europe        |6                         |
----------------------------------------
Ja pan        |6                         |
----------------------------------------
America       |7                         |
----------------------------------------
Eng land      |8                         |
----------------------------------------
Thailand      |8                         |
----------------------------------------
 Australia    |9                         |
----------------------------------------
Singapore     |9                         |
----------------------------------------
South Korea   |11                        |
总数目：13
}
Elapsed Time: 0.0.5

-- [1]132:select s1, length(replace(s1,' ', '')) as length_result from table_a order by length_result,s1
STRICT{
s1(TEXT)      |length_result(INT32)      |
----------------------------------------
China         |5                         |
----------------------------------------
Ja pan        |5                         |
----------------------------------------
Swiss         |5                         |
----------------------------------------
 Africa       |6                         |
----------------------------------------
 Canada       |6                         |
----------------------------------------
Africa        |6                         |
----------------------------------------
Europe        |6                         |
----------------------------------------
America       |7                         |
----------------------------------------
Eng land      |7                         |
----------------------------------------
Thailand      |8                         |
----------------------------------------
 Australia    |9                         |
----------------------------------------
Singapore     |9                         |
----------------------------------------
South Korea   |10                        |
总数目：13
}
Elapsed Time: 0.0.5

-- [1]134:select s9, length(s9) as length_result from table_a order by length_result,s9
STRICT{
s9(STRING)      |length_result(INT32)      |
------------------------------------------
Cry             |3                         |
------------------------------------------
SOB             |3                         |
------------------------------------------
S a d           |5                         |
------------------------------------------
 Smile          |6                         |
------------------------------------------
LOVELY          |6                         |
------------------------------------------
laugh           |6                         |
------------------------------------------
 sorrow         |7                         |
------------------------------------------
Awkward         |7                         |
------------------------------------------
FRIENDly        |8                         |
------------------------------------------
Thailand        |8                         |
------------------------------------------
un happy        |9                         |
------------------------------------------
disappointING   |13                        |
------------------------------------------
happy_and_satisf|20                        |
ied             |                          |
总数目：13
}
Elapsed Time: 0.0.5

-- [1]135:select s9, length(trim(s9)) as length_result from table_a order by length_result,s9
STRICT{
s9(STRING)      |length_result(INT32)      |
------------------------------------------
Cry             |3                         |
------------------------------------------
SOB             |3                         |
------------------------------------------
 Smile          |5                         |
------------------------------------------
S a d           |5                         |
------------------------------------------
laugh           |5                         |
------------------------------------------
 sorrow         |6                         |
------------------------------------------
LOVELY          |6                         |
------------------------------------------
Awkward         |7                         |
------------------------------------------
FRIENDly        |8                         |
------------------------------------------
Thailand        |8                         |
------------------------------------------
un happy        |8                         |
------------------------------------------
disappointING   |13                        |
------------------------------------------
happy_and_satisf|19                        |
ied             |                          |
总数目：13
}
Elapsed Time: 0.0.6

-- [1]136:select s9, length(replace(s9,' ', '')) as length_result from table_a order by length_result,s9
STRICT{
s9(STRING)      |length_result(INT32)      |
------------------------------------------
Cry             |3                         |
------------------------------------------
S a d           |3                         |
------------------------------------------
SOB             |3                         |
------------------------------------------
 Smile          |5                         |
------------------------------------------
laugh           |5                         |
------------------------------------------
 sorrow         |6                         |
------------------------------------------
LOVELY          |6                         |
------------------------------------------
Awkward         |7                         |
------------------------------------------
un happy        |7                         |
------------------------------------------
FRIENDly        |8                         |
------------------------------------------
Thailand        |8                         |
------------------------------------------
disappointING   |13                        |
------------------------------------------
happy_and_satisf|19                        |
ied             |                          |
总数目：13
}
Elapsed Time: 0.0.6

-- [1]140:select upper() from table_a
STRICT{
SQLSTATE : 701: Scalar function upper only accepts one argument and it must be text or string data type.
}

-- [1]141:select upper(s2) from table_a
STRICT{
SQLSTATE : 701: Scalar function upper only accepts one argument and it must be text or string data type.
}

-- [1]142:select upper(s3) from table_a
STRICT{
SQLSTATE : 701: Scalar function upper only accepts one argument and it must be text or string data type.
}

-- [1]143:select upper(s4) from table_a
STRICT{
SQLSTATE : 701: Scalar function upper only accepts one argument and it must be text or string data type.
}

-- [1]144:select upper(s5) from table_a
STRICT{
SQLSTATE : 701: Scalar function upper only accepts one argument and it must be text or string data type.
}

-- [1]145:select upper(s6) from table_a
STRICT{
SQLSTATE : 701: Scalar function upper only accepts one argument and it must be text or string data type.
}

-- [1]146:select upper(s7) from table_a
STRICT{
SQLSTATE : 701: Scalar function upper only accepts one argument and it must be text or string data type.
}

-- [1]147:select upper(s8) from table_a
STRICT{
SQLSTATE : 701: Scalar function upper only accepts one argument and it must be text or string data type.
}

-- [1]148:select upper(s10) from table_a
STRICT{
SQLSTATE : 701: Scalar function upper only accepts one argument and it must be text or string data type.
}

-- [1]150:select device_id, upper(device_id) as upper_result from table_a order by upper_result,device_id
STRICT{
device_id(STRING)      |upper_result(STRING)      |
-------------------------------------------------
 device B2             | DEVICE B2                |
-------------------------------------------------
 device _ E5           | DEVICE _ E5              |
-------------------------------------------------
 device_D4             | DEVICE_D4                |
-------------------------------------------------
d1                     |D1                        |
-------------------------------------------------
de vice d d            |DE VICE D D               |
-------------------------------------------------
dev ice_AA             |DEV ICE_AA                |
-------------------------------------------------
deVice                 |DEVICE                    |
-------------------------------------------------
device BB              |DEVICE BB                 |
-------------------------------------------------
device_A1              |DEVICE_A1                 |
-------------------------------------------------
device_C3              |DEVICE_C3                 |
-------------------------------------------------
device_cC              |DEVICE_CC                 |
-------------------------------------------------
device_F 6             |DEVICE_F 6                |
-------------------------------------------------
null                   |null                      |
总数目：13
}
Elapsed Time: 0.0.5

-- [1]151:select color, upper(color) as upper_result from table_a order by upper_result,color
STRICT{
color(STRING)      |upper_result(STRING)      |
---------------------------------------------
 blue              | BLUE                     |
---------------------------------------------
 orange            | ORANGE                   |
---------------------------------------------
 whi te            | WHI TE                   |
---------------------------------------------
 yellow            | YELLOW                   |
---------------------------------------------
black              |BLACK                     |
---------------------------------------------
Green              |GREEN                     |
---------------------------------------------
green              |GREEN                     |
---------------------------------------------
Grey               |GREY                      |
---------------------------------------------
Pink               |PINK                      |
---------------------------------------------
purple             |PURPLE                    |
---------------------------------------------
r e d              |R E D                     |
---------------------------------------------
RED                |RED                       |
---------------------------------------------
null               |null                      |
总数目：13
}
Elapsed Time: 0.0.5

-- [1]152:select s1, upper(s1) as upper_result from table_a order by upper_result,s1
STRICT{
s1(TEXT)      |upper_result(STRING)      |
----------------------------------------
 Africa       | AFRICA                   |
----------------------------------------
 Australia    | AUSTRALIA                |
----------------------------------------
 Canada       | CANADA                   |
----------------------------------------
Africa        |AFRICA                    |
----------------------------------------
America       |AMERICA                   |
----------------------------------------
China         |CHINA                     |
----------------------------------------
Eng land      |ENG LAND                  |
----------------------------------------
Europe        |EUROPE                    |
----------------------------------------
Ja pan        |JA PAN                    |
----------------------------------------
Singapore     |SINGAPORE                 |
----------------------------------------
South Korea   |SOUTH KOREA               |
----------------------------------------
Swiss         |SWISS                     |
----------------------------------------
Thailand      |THAILAND                  |
总数目：13
}
Elapsed Time: 0.0.5

-- [1]153:select s9, upper(s9) as upper_result from table_a order by upper_result,s9
STRICT{
s9(STRING)      |upper_result(STRING)      |
------------------------------------------
 Smile          | SMILE                    |
------------------------------------------
 sorrow         | SORROW                   |
------------------------------------------
Awkward         |AWKWARD                   |
------------------------------------------
Cry             |CRY                       |
------------------------------------------
disappointING   |DISAPPOINTING             |
------------------------------------------
FRIENDly        |FRIENDLY                  |
------------------------------------------
happy_and_satisf|HAPPY_AND_SATISFIED       |
ied             |                          |
------------------------------------------
laugh           |LAUGH                     |
------------------------------------------
LOVELY          |LOVELY                    |
------------------------------------------
S a d           |S A D                     |
------------------------------------------
SOB             |SOB                       |
------------------------------------------
Thailand        |THAILAND                  |
------------------------------------------
un happy        |UN HAPPY                  |
总数目：13
}
Elapsed Time: 0.0.5

-- [1]157:select lower() from table_a
STRICT{
SQLSTATE : 701: Scalar function lower only accepts one argument and it must be text or string data type.
}

-- [1]158:select lower(s2) from table_a
STRICT{
SQLSTATE : 701: Scalar function lower only accepts one argument and it must be text or string data type.
}

-- [1]159:select lower(s3) from table_a
STRICT{
SQLSTATE : 701: Scalar function lower only accepts one argument and it must be text or string data type.
}

-- [1]160:select lower(s4) from table_a
STRICT{
SQLSTATE : 701: Scalar function lower only accepts one argument and it must be text or string data type.
}

-- [1]161:select lower(s5) from table_a
STRICT{
SQLSTATE : 701: Scalar function lower only accepts one argument and it must be text or string data type.
}

-- [1]162:select lower(s6) from table_a
STRICT{
SQLSTATE : 701: Scalar function lower only accepts one argument and it must be text or string data type.
}

-- [1]163:select lower(s7) from table_a
STRICT{
SQLSTATE : 701: Scalar function lower only accepts one argument and it must be text or string data type.
}

-- [1]164:select lower(s8) from table_a
STRICT{
SQLSTATE : 701: Scalar function lower only accepts one argument and it must be text or string data type.
}

-- [1]165:select lower(s10) from table_a
STRICT{
SQLSTATE : 701: Scalar function lower only accepts one argument and it must be text or string data type.
}

-- [1]167:select device_id, lower(device_id) as lower_result from table_a order by lower_result,device_id
STRICT{
device_id(STRING)      |lower_result(STRING)      |
-------------------------------------------------
 device _ E5           | device _ e5              |
-------------------------------------------------
 device B2             | device b2                |
-------------------------------------------------
 device_D4             | device_d4                |
-------------------------------------------------
d1                     |d1                        |
-------------------------------------------------
de vice d d            |de vice d d               |
-------------------------------------------------
dev ice_AA             |dev ice_aa                |
-------------------------------------------------
deVice                 |device                    |
-------------------------------------------------
device BB              |device bb                 |
-------------------------------------------------
device_A1              |device_a1                 |
-------------------------------------------------
device_C3              |device_c3                 |
-------------------------------------------------
device_cC              |device_cc                 |
-------------------------------------------------
device_F 6             |device_f 6                |
-------------------------------------------------
null                   |null                      |
总数目：13
}
Elapsed Time: 0.0.6

-- [1]168:select color, lower(color) as lower_result from table_a order by lower_result,color
STRICT{
color(STRING)      |lower_result(STRING)      |
---------------------------------------------
 blue              | blue                     |
---------------------------------------------
 orange            | orange                   |
---------------------------------------------
 whi te            | whi te                   |
---------------------------------------------
 yellow            | yellow                   |
---------------------------------------------
black              |black                     |
---------------------------------------------
Green              |green                     |
---------------------------------------------
green              |green                     |
---------------------------------------------
Grey               |grey                      |
---------------------------------------------
Pink               |pink                      |
---------------------------------------------
purple             |purple                    |
---------------------------------------------
r e d              |r e d                     |
---------------------------------------------
RED                |red                       |
---------------------------------------------
null               |null                      |
总数目：13
}
Elapsed Time: 0.0.5

-- [1]169:select s1, lower(s1) as lower_result from table_a order by lower_result,s1
STRICT{
s1(TEXT)      |lower_result(STRING)      |
----------------------------------------
 Africa       | africa                   |
----------------------------------------
 Australia    | australia                |
----------------------------------------
 Canada       | canada                   |
----------------------------------------
Africa        |africa                    |
----------------------------------------
America       |america                   |
----------------------------------------
China         |china                     |
----------------------------------------
Eng land      |eng land                  |
----------------------------------------
Europe        |europe                    |
----------------------------------------
Ja pan        |ja pan                    |
----------------------------------------
Singapore     |singapore                 |
----------------------------------------
South Korea   |south korea               |
----------------------------------------
Swiss         |swiss                     |
----------------------------------------
Thailand      |thailand                  |
总数目：13
}
Elapsed Time: 0.0.5

-- [1]170:select s9, lower(s9) as lower_result from table_a order by lower_result,s9
STRICT{
s9(STRING)      |lower_result(STRING)      |
------------------------------------------
 Smile          | smile                    |
------------------------------------------
 sorrow         | sorrow                   |
------------------------------------------
Awkward         |awkward                   |
------------------------------------------
Cry             |cry                       |
------------------------------------------
disappointING   |disappointing             |
------------------------------------------
FRIENDly        |friendly                  |
------------------------------------------
happy_and_satisf|happy_and_satisfied       |
ied             |                          |
------------------------------------------
laugh           |laugh                     |
------------------------------------------
LOVELY          |lovely                    |
------------------------------------------
S a d           |s a d                     |
------------------------------------------
SOB             |sob                       |
------------------------------------------
Thailand        |thailand                  |
------------------------------------------
un happy        |un happy                  |
总数目：13
}
Elapsed Time: 0.0.5

-- [1]174:select trim() from table_a
STRICT{
SQLSTATE : 700: line 1:13: mismatched input ')'. Expecting: 'BOTH', 'FROM', 'LEADING', 'TRAILING', <expression>
}

-- [1]175:select trim(s2) from table_a
STRICT{
SQLSTATE : 701: Scalar function trim only accepts one or two arguments and they must be text or string data type.
}

-- [1]176:select trim(s3) from table_a
STRICT{
SQLSTATE : 701: Scalar function trim only accepts one or two arguments and they must be text or string data type.
}

-- [1]177:select trim(s4) from table_a
STRICT{
SQLSTATE : 701: Scalar function trim only accepts one or two arguments and they must be text or string data type.
}

-- [1]178:select trim(s5) from table_a
STRICT{
SQLSTATE : 701: Scalar function trim only accepts one or two arguments and they must be text or string data type.
}

-- [1]179:select trim(s6) from table_a
STRICT{
SQLSTATE : 701: Scalar function trim only accepts one or two arguments and they must be text or string data type.
}

-- [1]180:select trim(s7) from table_a
STRICT{
SQLSTATE : 701: Scalar function trim only accepts one or two arguments and they must be text or string data type.
}

-- [1]181:select trim(s8) from table_a
STRICT{
SQLSTATE : 701: Scalar function trim only accepts one or two arguments and they must be text or string data type.
}

-- [1]182:select trim(s10) from table_a
STRICT{
SQLSTATE : 701: Scalar function trim only accepts one or two arguments and they must be text or string data type.
}

-- [1]185:select time, device_id, trim(device_id) as trim_result from table_a order by time
STRICT{
time(TIMESTAMP)      |device_id(STRING)      |trim_result(STRING)      |
---------------------------------------------------------------------
1970-01-01T08:00:00.0|device_A1              |device_A1                |
01+08:00             |                       |                         |
---------------------------------------------------------------------
1970-01-01T08:00:00.0| device B2             |device B2                |
02+08:00             |                       |                         |
---------------------------------------------------------------------
1970-01-01T08:00:00.0|device_C3              |device_C3                |
03+08:00             |                       |                         |
---------------------------------------------------------------------
1970-01-01T08:00:00.0| device_D4             |device_D4                |
04+08:00             |                       |                         |
---------------------------------------------------------------------
1970-01-01T08:00:00.0| device _ E5           |device _ E5              |
05+08:00             |                       |                         |
---------------------------------------------------------------------
1970-01-01T08:00:00.0|device_F 6             |device_F 6               |
06+08:00             |                       |                         |
---------------------------------------------------------------------
1970-01-01T08:00:00.0|dev ice_AA             |dev ice_AA               |
07+08:00             |                       |                         |
---------------------------------------------------------------------
1970-01-01T08:00:00.0|device BB              |device BB                |
08+08:00             |                       |                         |
---------------------------------------------------------------------
1970-01-01T08:00:00.0|device_cC              |device_cC                |
09+08:00             |                       |                         |
---------------------------------------------------------------------
1970-01-01T08:00:00.0|de vice d d            |de vice d d              |
10+08:00             |                       |                         |
---------------------------------------------------------------------
1970-01-01T08:00:00.0|null                   |null                     |
11+08:00             |                       |                         |
---------------------------------------------------------------------
1970-01-01T08:00:00.0|d1                     |d1                       |
12+08:00             |                       |                         |
---------------------------------------------------------------------
1970-01-01T08:00:00.0|deVice                 |deVice                   |
13+08:00             |                       |                         |
总数目：13
}
Elapsed Time: 0.0.5

-- [1]186:select time, color, trim(color) as trim_result from table_a order by time
STRICT{
time(TIMESTAMP)      |color(STRING)      |trim_result(STRING)      |
-----------------------------------------------------------------
1970-01-01T08:00:00.0|r e d              |r e d                    |
01+08:00             |                   |                         |
-----------------------------------------------------------------
1970-01-01T08:00:00.0|black              |black                    |
02+08:00             |                   |                         |
-----------------------------------------------------------------
1970-01-01T08:00:00.0| yellow            |yellow                   |
03+08:00             |                   |                         |
-----------------------------------------------------------------
1970-01-01T08:00:00.0|green              |green                    |
04+08:00             |                   |                         |
-----------------------------------------------------------------
1970-01-01T08:00:00.0| whi te            |whi te                   |
05+08:00             |                   |                         |
-----------------------------------------------------------------
1970-01-01T08:00:00.0| orange            |orange                   |
06+08:00             |                   |                         |
-----------------------------------------------------------------
1970-01-01T08:00:00.0| blue              |blue                     |
07+08:00             |                   |                         |
-----------------------------------------------------------------
1970-01-01T08:00:00.0|purple             |purple                   |
08+08:00             |                   |                         |
-----------------------------------------------------------------
1970-01-01T08:00:00.0|Green              |Green                    |
09+08:00             |                   |                         |
-----------------------------------------------------------------
1970-01-01T08:00:00.0|Pink               |Pink                     |
10+08:00             |                   |                         |
-----------------------------------------------------------------
1970-01-01T08:00:00.0|Grey               |Grey                     |
11+08:00             |                   |                         |
-----------------------------------------------------------------
1970-01-01T08:00:00.0|null               |null                     |
12+08:00             |                   |                         |
-----------------------------------------------------------------
1970-01-01T08:00:00.0|RED                |RED                      |
13+08:00             |                   |                         |
总数目：13
}
Elapsed Time: 0.0.5

-- [1]187:select time, s1, trim(s1) as trim_result from table_a order by time
STRICT{
time(TIMESTAMP)      |s1(TEXT)      |trim_result(STRING)      |
------------------------------------------------------------
1970-01-01T08:00:00.0|China         |China                    |
01+08:00             |              |                         |
------------------------------------------------------------
1970-01-01T08:00:00.0|America       |America                  |
02+08:00             |              |                         |
------------------------------------------------------------
1970-01-01T08:00:00.0| Africa       |Africa                   |
03+08:00             |              |                         |
------------------------------------------------------------
1970-01-01T08:00:00.0|Europe        |Europe                   |
04+08:00             |              |                         |
------------------------------------------------------------
1970-01-01T08:00:00.0|Eng land      |Eng land                 |
05+08:00             |              |                         |
------------------------------------------------------------
1970-01-01T08:00:00.0| Canada       |Canada                   |
06+08:00             |              |                         |
------------------------------------------------------------
1970-01-01T08:00:00.0|Africa        |Africa                   |
07+08:00             |              |                         |
------------------------------------------------------------
1970-01-01T08:00:00.0| Australia    |Australia                |
08+08:00             |              |                         |
------------------------------------------------------------
1970-01-01T08:00:00.0|Swiss         |Swiss                    |
09+08:00             |              |                         |
------------------------------------------------------------
1970-01-01T08:00:00.0|Ja pan        |Ja pan                   |
10+08:00             |              |                         |
------------------------------------------------------------
1970-01-01T08:00:00.0|South Korea   |South Korea              |
11+08:00             |              |                         |
------------------------------------------------------------
1970-01-01T08:00:00.0|Singapore     |Singapore                |
12+08:00             |              |                         |
------------------------------------------------------------
1970-01-01T08:00:00.0|Thailand      |Thailand                 |
13+08:00             |              |                         |
总数目：13
}
Elapsed Time: 0.0.6

-- [1]188:select time, s9, trim(s9) as trim_result from table_a order by time
STRICT{
time(TIMESTAMP)      |s9(STRING)      |trim_result(STRING)      |
--------------------------------------------------------------
1970-01-01T08:00:00.0| Smile          |Smile                    |
01+08:00             |                |                         |
--------------------------------------------------------------
1970-01-01T08:00:00.0|S a d           |S a d                    |
02+08:00             |                |                         |
--------------------------------------------------------------
1970-01-01T08:00:00.0|laugh           |laugh                    |
03+08:00             |                |                         |
--------------------------------------------------------------
1970-01-01T08:00:00.0|Cry             |Cry                      |
04+08:00             |                |                         |
--------------------------------------------------------------
1970-01-01T08:00:00.0|LOVELY          |LOVELY                   |
05+08:00             |                |                         |
--------------------------------------------------------------
1970-01-01T08:00:00.0|Awkward         |Awkward                  |
06+08:00             |                |                         |
--------------------------------------------------------------
1970-01-01T08:00:00.0|disappointING   |disappointING            |
07+08:00             |                |                         |
--------------------------------------------------------------
1970-01-01T08:00:00.0|happy_and_satisf|happy_and_satisfied      |
08+08:00             |ied             |                         |
--------------------------------------------------------------
1970-01-01T08:00:00.0|FRIENDly        |FRIENDly                 |
09+08:00             |                |                         |
--------------------------------------------------------------
1970-01-01T08:00:00.0|SOB             |SOB                      |
10+08:00             |                |                         |
--------------------------------------------------------------
1970-01-01T08:00:00.0|un happy        |un happy                 |
11+08:00             |                |                         |
--------------------------------------------------------------
1970-01-01T08:00:00.0| sorrow         |sorrow                   |
12+08:00             |                |                         |
--------------------------------------------------------------
1970-01-01T08:00:00.0|Thailand        |Thailand                 |
13+08:00             |                |                         |
总数目：13
}
Elapsed Time: 0.0.5

-- [1]190:select s1, s9, trim(BOTH s1 FROM s9) as trim_result from table_a order by s1,s9
STRICT{
s1(TEXT)      |s9(STRING)      |trim_result(STRING)      |
-------------------------------------------------------
 Africa       |laugh           |laugh                    |
-------------------------------------------------------
 Australia    |happy_and_satisf|happy_and_satisfied      |
              |ied             |                         |
-------------------------------------------------------
 Canada       |Awkward         |Awkwar                   |
-------------------------------------------------------
Africa        |disappointING   |disappointING            |
-------------------------------------------------------
America       |S a d           |S a d                    |
-------------------------------------------------------
China         | Smile          | Smile                   |
-------------------------------------------------------
Eng land      |LOVELY          |LOVELY                   |
-------------------------------------------------------
Europe        |Cry             |Cry                      |
-------------------------------------------------------
Ja pan        |SOB             |SOB                      |
-------------------------------------------------------
Singapore     | sorrow         | sorrow                  |
-------------------------------------------------------
South Korea   |un happy        |n happy                  |
-------------------------------------------------------
Swiss         |FRIENDly        |FRIENDly                 |
-------------------------------------------------------
Thailand      |Thailand        |                         |
总数目：13
}
Elapsed Time: 0.0.6

-- [1]191:select s1, s9, trim(BOTH s9 FROM s1) as trim_result from table_a order by s1,s9
STRICT{
s1(TEXT)      |s9(STRING)      |trim_result(STRING)      |
-------------------------------------------------------
 Africa       |laugh           |Afric                    |
-------------------------------------------------------
 Australia    |happy_and_satisf|Austral                  |
              |ied             |                         |
-------------------------------------------------------
 Canada       |Awkward         | Canada                  |
-------------------------------------------------------
Africa        |disappointING   |Afric                    |
-------------------------------------------------------
America       |S a d           |Americ                   |
-------------------------------------------------------
China         | Smile          |China                    |
-------------------------------------------------------
Eng land      |LOVELY          |ng land                  |
-------------------------------------------------------
Europe        |Cry             |Europe                   |
-------------------------------------------------------
Ja pan        |SOB             |Ja pan                   |
-------------------------------------------------------
Singapore     | sorrow         |Singapore                |
-------------------------------------------------------
South Korea   |un happy        |South Kore               |
-------------------------------------------------------
Swiss         |FRIENDly        |Swiss                    |
-------------------------------------------------------
Thailand      |Thailand        |                         |
总数目：13
}
Elapsed Time: 0.0.5

-- [1]192:select device_id, trim(BOTH '1' FROM device_id) as trim_result from table_a order by trim_result,device_id
STRICT{
device_id(STRING)      |trim_result(STRING)      |
------------------------------------------------
 device B2             | device B2               |
------------------------------------------------
 device _ E5           | device _ E5             |
------------------------------------------------
 device_D4             | device_D4               |
------------------------------------------------
d1                     |d                        |
------------------------------------------------
de vice d d            |de vice d d              |
------------------------------------------------
deVice                 |deVice                   |
------------------------------------------------
dev ice_AA             |dev ice_AA               |
------------------------------------------------
device BB              |device BB                |
------------------------------------------------
device_A1              |device_A                 |
------------------------------------------------
device_C3              |device_C3                |
------------------------------------------------
device_F 6             |device_F 6               |
------------------------------------------------
device_cC              |device_cC                |
------------------------------------------------
null                   |null                     |
总数目：13
}
Elapsed Time: 0.0.6

-- [1]193:select device_id, trim('device' FROM device_id) as trim_result from table_a order by trim_result,device_id
STRICT{
device_id(STRING)      |trim_result(STRING)      |
------------------------------------------------
device BB              | BB                      |
------------------------------------------------
 device B2             | device B2               |
------------------------------------------------
 device _ E5           | device _ E5             |
------------------------------------------------
 device_D4             | device_D4               |
------------------------------------------------
dev ice_AA             | ice_AA                  |
------------------------------------------------
de vice d d            | vice d                  |
------------------------------------------------
d1                     |1                        |
------------------------------------------------
deVice                 |V                        |
------------------------------------------------
device_A1              |_A1                      |
------------------------------------------------
device_C3              |_C3                      |
------------------------------------------------
device_F 6             |_F 6                     |
------------------------------------------------
device_cC              |_cC                      |
------------------------------------------------
null                   |null                     |
总数目：13
}
Elapsed Time: 0.0.5

-- [1]194:select color, trim(BOTH 'e' FROM color) as trim_result from table_a order by trim_result,color
STRICT{
color(STRING)      |trim_result(STRING)      |
--------------------------------------------
 blue              | blu                     |
--------------------------------------------
 orange            | orange                  |
--------------------------------------------
 whi te            | whi te                  |
--------------------------------------------
 yellow            | yellow                  |
--------------------------------------------
Green              |Green                    |
--------------------------------------------
Grey               |Grey                     |
--------------------------------------------
Pink               |Pink                     |
--------------------------------------------
RED                |RED                      |
--------------------------------------------
black              |black                    |
--------------------------------------------
green              |green                    |
--------------------------------------------
purple             |purpl                    |
--------------------------------------------
r e d              |r e d                    |
--------------------------------------------
null               |null                     |
总数目：13
}
Elapsed Time: 0.0.4

-- [1]195:select color, trim('G' FROM color) as trim_result from table_a order by trim_result,color
STRICT{
color(STRING)      |trim_result(STRING)      |
--------------------------------------------
 blue              | blue                    |
--------------------------------------------
 orange            | orange                  |
--------------------------------------------
 whi te            | whi te                  |
--------------------------------------------
 yellow            | yellow                  |
--------------------------------------------
Pink               |Pink                     |
--------------------------------------------
RED                |RED                      |
--------------------------------------------
black              |black                    |
--------------------------------------------
green              |green                    |
--------------------------------------------
purple             |purple                   |
--------------------------------------------
r e d              |r e d                    |
--------------------------------------------
Green              |reen                     |
--------------------------------------------
Grey               |rey                      |
--------------------------------------------
null               |null                     |
总数目：13
}
Elapsed Time: 0.0.6

-- [1]196:select s1, trim(BOTH 'A' FROM s1) as trim_result from table_a order by trim_result,s1
STRICT{
s1(TEXT)      |trim_result(STRING)      |
---------------------------------------
 Africa       | Africa                  |
---------------------------------------
 Australia    | Australia               |
---------------------------------------
 Canada       | Canada                  |
---------------------------------------
China         |China                    |
---------------------------------------
Eng land      |Eng land                 |
---------------------------------------
Europe        |Europe                   |
---------------------------------------
Ja pan        |Ja pan                   |
---------------------------------------
Singapore     |Singapore                |
---------------------------------------
South Korea   |South Korea              |
---------------------------------------
Swiss         |Swiss                    |
---------------------------------------
Thailand      |Thailand                 |
---------------------------------------
Africa        |frica                    |
---------------------------------------
America       |merica                   |
总数目：13
}
Elapsed Time: 0.0.5

-- [1]197:select s1, trim('ca' FROM s1) as trim_result from table_a order by trim_result,s1
STRICT{
s1(TEXT)      |trim_result(STRING)      |
---------------------------------------
 Africa       | Afri                    |
---------------------------------------
 Australia    | Australi                |
---------------------------------------
 Canada       | Canada                  |
---------------------------------------
Africa        |Afri                     |
---------------------------------------
America       |America                  |
---------------------------------------
China         |Chin                     |
---------------------------------------
Eng land      |Eng land                 |
---------------------------------------
Europe        |Europe                   |
---------------------------------------
Ja pan        |Ja pan                   |
---------------------------------------
Singapore     |Singapore                |
---------------------------------------
South Korea   |South Kore               |
---------------------------------------
Swiss         |Swiss                    |
---------------------------------------
Thailand      |Thailand                 |
总数目：13
}
Elapsed Time: 0.0.4

-- [1]198:select s9, trim(BOTH 'S' FROM s9) as trim_result from table_a order by trim_result,s9
STRICT{
s9(STRING)      |trim_result(STRING)      |
-----------------------------------------
 Smile          | Smile                   |
-----------------------------------------
S a d           | a d                     |
-----------------------------------------
 sorrow         | sorrow                  |
-----------------------------------------
Awkward         |Awkward                  |
-----------------------------------------
Cry             |Cry                      |
-----------------------------------------
FRIENDly        |FRIENDly                 |
-----------------------------------------
LOVELY          |LOVELY                   |
-----------------------------------------
SOB             |OB                       |
-----------------------------------------
Thailand        |Thailand                 |
-----------------------------------------
disappointING   |disappointING            |
-----------------------------------------
happy_and_satisf|happy_and_satisfied      |
ied             |                         |
-----------------------------------------
laugh           |laugh                    |
-----------------------------------------
un happy        |un happy                 |
总数目：13
}
Elapsed Time: 0.0.4

-- [1]199:select s9, trim('d' FROM s9) as trim_result from table_a order by trim_result,s9
STRICT{
s9(STRING)      |trim_result(STRING)      |
-----------------------------------------
 Smile          | Smile                   |
-----------------------------------------
 sorrow         | sorrow                  |
-----------------------------------------
Awkward         |Awkwar                   |
-----------------------------------------
Cry             |Cry                      |
-----------------------------------------
FRIENDly        |FRIENDly                 |
-----------------------------------------
LOVELY          |LOVELY                   |
-----------------------------------------
S a d           |S a                      |
-----------------------------------------
SOB             |SOB                      |
-----------------------------------------
Thailand        |Thailan                  |
-----------------------------------------
happy_and_satisf|happy_and_satisfied      |
ied             |                         |
-----------------------------------------
disappointING   |isappointING             |
-----------------------------------------
laugh           |laugh                    |
-----------------------------------------
un happy        |un happy                 |
总数目：13
}
Elapsed Time: 0.0.5

-- [1]201:select device_id, trim(LEADING FROM device_id) as trim_result from table_a order by trim_result,device_id
STRICT{
device_id(STRING)      |trim_result(STRING)      |
------------------------------------------------
d1                     |d1                       |
------------------------------------------------
de vice d d            |de vice d d              |
------------------------------------------------
deVice                 |deVice                   |
------------------------------------------------
dev ice_AA             |dev ice_AA               |
------------------------------------------------
 device B2             |device B2                |
------------------------------------------------
device BB              |device BB                |
------------------------------------------------
 device _ E5           |device _ E5              |
------------------------------------------------
device_A1              |device_A1                |
------------------------------------------------
device_C3              |device_C3                |
------------------------------------------------
 device_D4             |device_D4                |
------------------------------------------------
device_F 6             |device_F 6               |
------------------------------------------------
device_cC              |device_cC                |
------------------------------------------------
null                   |null                     |
总数目：13
}
Elapsed Time: 0.0.5

-- [1]202:select device_id, trim(LEADING ' ' FROM device_id) as trim_result from table_a order by trim_result,device_id
STRICT{
device_id(STRING)      |trim_result(STRING)      |
------------------------------------------------
d1                     |d1                       |
------------------------------------------------
de vice d d            |de vice d d              |
------------------------------------------------
deVice                 |deVice                   |
------------------------------------------------
dev ice_AA             |dev ice_AA               |
------------------------------------------------
 device B2             |device B2                |
------------------------------------------------
device BB              |device BB                |
------------------------------------------------
 device _ E5           |device _ E5              |
------------------------------------------------
device_A1              |device_A1                |
------------------------------------------------
device_C3              |device_C3                |
------------------------------------------------
 device_D4             |device_D4                |
------------------------------------------------
device_F 6             |device_F 6               |
------------------------------------------------
device_cC              |device_cC                |
------------------------------------------------
null                   |null                     |
总数目：13
}
Elapsed Time: 0.0.8

-- [1]203:select color, trim(LEADING FROM color) as trim_result from table_a order by trim_result,color
STRICT{
color(STRING)      |trim_result(STRING)      |
--------------------------------------------
Green              |Green                    |
--------------------------------------------
Grey               |Grey                     |
--------------------------------------------
Pink               |Pink                     |
--------------------------------------------
RED                |RED                      |
--------------------------------------------
black              |black                    |
--------------------------------------------
 blue              |blue                     |
--------------------------------------------
green              |green                    |
--------------------------------------------
 orange            |orange                   |
--------------------------------------------
purple             |purple                   |
--------------------------------------------
r e d              |r e d                    |
--------------------------------------------
 whi te            |whi te                   |
--------------------------------------------
 yellow            |yellow                   |
--------------------------------------------
null               |null                     |
总数目：13
}
Elapsed Time: 0.0.5

-- [1]204:select color, trim(LEADING ' ' FROM color) as trim_result from table_a order by trim_result,color
STRICT{
color(STRING)      |trim_result(STRING)      |
--------------------------------------------
Green              |Green                    |
--------------------------------------------
Grey               |Grey                     |
--------------------------------------------
Pink               |Pink                     |
--------------------------------------------
RED                |RED                      |
--------------------------------------------
black              |black                    |
--------------------------------------------
 blue              |blue                     |
--------------------------------------------
green              |green                    |
--------------------------------------------
 orange            |orange                   |
--------------------------------------------
purple             |purple                   |
--------------------------------------------
r e d              |r e d                    |
--------------------------------------------
 whi te            |whi te                   |
--------------------------------------------
 yellow            |yellow                   |
--------------------------------------------
null               |null                     |
总数目：13
}
Elapsed Time: 0.0.5

-- [1]205:select s1, trim(LEADING FROM s1) as trim_result from table_a order by trim_result,s1
STRICT{
s1(TEXT)      |trim_result(STRING)      |
---------------------------------------
 Africa       |Africa                   |
---------------------------------------
Africa        |Africa                   |
---------------------------------------
America       |America                  |
---------------------------------------
 Australia    |Australia                |
---------------------------------------
 Canada       |Canada                   |
---------------------------------------
China         |China                    |
---------------------------------------
Eng land      |Eng land                 |
---------------------------------------
Europe        |Europe                   |
---------------------------------------
Ja pan        |Ja pan                   |
---------------------------------------
Singapore     |Singapore                |
---------------------------------------
South Korea   |South Korea              |
---------------------------------------
Swiss         |Swiss                    |
---------------------------------------
Thailand      |Thailand                 |
总数目：13
}
Elapsed Time: 0.0.5

-- [1]206:select s1, trim(LEADING ' ' FROM s1) as trim_result from table_a order by trim_result,s1
STRICT{
s1(TEXT)      |trim_result(STRING)      |
---------------------------------------
 Africa       |Africa                   |
---------------------------------------
Africa        |Africa                   |
---------------------------------------
America       |America                  |
---------------------------------------
 Australia    |Australia                |
---------------------------------------
 Canada       |Canada                   |
---------------------------------------
China         |China                    |
---------------------------------------
Eng land      |Eng land                 |
---------------------------------------
Europe        |Europe                   |
---------------------------------------
Ja pan        |Ja pan                   |
---------------------------------------
Singapore     |Singapore                |
---------------------------------------
South Korea   |South Korea              |
---------------------------------------
Swiss         |Swiss                    |
---------------------------------------
Thailand      |Thailand                 |
总数目：13
}
Elapsed Time: 0.0.5

-- [1]207:select s9, trim(LEADING FROM s9) as trim_result from table_a order by trim_result,s9
STRICT{
s9(STRING)      |trim_result(STRING)      |
-----------------------------------------
Awkward         |Awkward                  |
-----------------------------------------
Cry             |Cry                      |
-----------------------------------------
FRIENDly        |FRIENDly                 |
-----------------------------------------
LOVELY          |LOVELY                   |
-----------------------------------------
S a d           |S a d                    |
-----------------------------------------
SOB             |SOB                      |
-----------------------------------------
 Smile          |Smile                    |
-----------------------------------------
Thailand        |Thailand                 |
-----------------------------------------
disappointING   |disappointING            |
-----------------------------------------
happy_and_satisf|happy_and_satisfied      |
ied             |                         |
-----------------------------------------
laugh           |laugh                    |
-----------------------------------------
 sorrow         |sorrow                   |
-----------------------------------------
un happy        |un happy                 |
总数目：13
}
Elapsed Time: 0.0.5

-- [1]208:select s9, trim(LEADING ' ' FROM s9) as trim_result from table_a order by trim_result,s9
STRICT{
s9(STRING)      |trim_result(STRING)      |
-----------------------------------------
Awkward         |Awkward                  |
-----------------------------------------
Cry             |Cry                      |
-----------------------------------------
FRIENDly        |FRIENDly                 |
-----------------------------------------
LOVELY          |LOVELY                   |
-----------------------------------------
S a d           |S a d                    |
-----------------------------------------
SOB             |SOB                      |
-----------------------------------------
 Smile          |Smile                    |
-----------------------------------------
Thailand        |Thailand                 |
-----------------------------------------
disappointING   |disappointING            |
-----------------------------------------
happy_and_satisf|happy_and_satisfied      |
ied             |                         |
-----------------------------------------
laugh           |laugh                    |
-----------------------------------------
 sorrow         |sorrow                   |
-----------------------------------------
un happy        |un happy                 |
总数目：13
}
Elapsed Time: 0.0.5

-- [1]210:select device_id, trim(TRAILING from device_id) as trim_result from table_a order by trim_result,device_id
STRICT{
device_id(STRING)      |trim_result(STRING)      |
------------------------------------------------
 device B2             | device B2               |
------------------------------------------------
 device _ E5           | device _ E5             |
------------------------------------------------
 device_D4             | device_D4               |
------------------------------------------------
d1                     |d1                       |
------------------------------------------------
de vice d d            |de vice d d              |
------------------------------------------------
deVice                 |deVice                   |
------------------------------------------------
dev ice_AA             |dev ice_AA               |
------------------------------------------------
device BB              |device BB                |
------------------------------------------------
device_A1              |device_A1                |
------------------------------------------------
device_C3              |device_C3                |
------------------------------------------------
device_F 6             |device_F 6               |
------------------------------------------------
device_cC              |device_cC                |
------------------------------------------------
null                   |null                     |
总数目：13
}
Elapsed Time: 0.0.5

-- [1]211:select color, trim(TRAILING from color) as trim_result from table_a order by trim_result,color
STRICT{
color(STRING)      |trim_result(STRING)      |
--------------------------------------------
 blue              | blue                    |
--------------------------------------------
 orange            | orange                  |
--------------------------------------------
 whi te            | whi te                  |
--------------------------------------------
 yellow            | yellow                  |
--------------------------------------------
Green              |Green                    |
--------------------------------------------
Grey               |Grey                     |
--------------------------------------------
Pink               |Pink                     |
--------------------------------------------
RED                |RED                      |
--------------------------------------------
black              |black                    |
--------------------------------------------
green              |green                    |
--------------------------------------------
purple             |purple                   |
--------------------------------------------
r e d              |r e d                    |
--------------------------------------------
null               |null                     |
总数目：13
}
Elapsed Time: 0.0.5

-- [1]212:select s1, trim(TRAILING from s1) as trim_result from table_a order by trim_result,s1
STRICT{
s1(TEXT)      |trim_result(STRING)      |
---------------------------------------
 Africa       | Africa                  |
---------------------------------------
 Australia    | Australia               |
---------------------------------------
 Canada       | Canada                  |
---------------------------------------
Africa        |Africa                   |
---------------------------------------
America       |America                  |
---------------------------------------
China         |China                    |
---------------------------------------
Eng land      |Eng land                 |
---------------------------------------
Europe        |Europe                   |
---------------------------------------
Ja pan        |Ja pan                   |
---------------------------------------
Singapore     |Singapore                |
---------------------------------------
South Korea   |South Korea              |
---------------------------------------
Swiss         |Swiss                    |
---------------------------------------
Thailand      |Thailand                 |
总数目：13
}
Elapsed Time: 0.0.4

-- [1]213:select s9, trim(TRAILING from s9) as trim_result from table_a order by trim_result,s9
STRICT{
s9(STRING)      |trim_result(STRING)      |
-----------------------------------------
 Smile          | Smile                   |
-----------------------------------------
 sorrow         | sorrow                  |
-----------------------------------------
Awkward         |Awkward                  |
-----------------------------------------
Cry             |Cry                      |
-----------------------------------------
FRIENDly        |FRIENDly                 |
-----------------------------------------
LOVELY          |LOVELY                   |
-----------------------------------------
S a d           |S a d                    |
-----------------------------------------
SOB             |SOB                      |
-----------------------------------------
Thailand        |Thailand                 |
-----------------------------------------
disappointING   |disappointING            |
-----------------------------------------
happy_and_satisf|happy_and_satisfied      |
ied             |                         |
-----------------------------------------
laugh           |laugh                    |
-----------------------------------------
un happy        |un happy                 |
总数目：13
}
Elapsed Time: 0.0.4

-- [1]215:select s1, trim(LEADING FROM s1) as result1, s9, trim(s9) as result2 from table_a order by result1,result2
STRICT{
s1(TEXT)      |result1(STRING)      |s9(STRING)      |result2(STRING)      |
------------------------------------------------------------------------
Africa        |Africa               |disappointING   |disappointING        |
------------------------------------------------------------------------
 Africa       |Africa               |laugh           |laugh                |
------------------------------------------------------------------------
America       |America              |S a d           |S a d                |
------------------------------------------------------------------------
 Australia    |Australia            |happy_and_satisf|happy_and_satisfied  |
              |                     |ied             |                     |
------------------------------------------------------------------------
 Canada       |Canada               |Awkward         |Awkward              |
------------------------------------------------------------------------
China         |China                | Smile          |Smile                |
------------------------------------------------------------------------
Eng land      |Eng land             |LOVELY          |LOVELY               |
------------------------------------------------------------------------
Europe        |Europe               |Cry             |Cry                  |
------------------------------------------------------------------------
Ja pan        |Ja pan               |SOB             |SOB                  |
------------------------------------------------------------------------
Singapore     |Singapore            | sorrow         |sorrow               |
------------------------------------------------------------------------
South Korea   |South Korea          |un happy        |un happy             |
------------------------------------------------------------------------
Swiss         |Swiss                |FRIENDly        |FRIENDly             |
------------------------------------------------------------------------
Thailand      |Thailand             |Thailand        |Thailand             |
总数目：13
}
Elapsed Time: 0.0.5

-- [1]216:select s1, trim(TRAILING 'ca' FROM lower(s1)) as trim_result1, s9, trim(LEADING 'S' FROM upper(s9)) as trim_result2 from table_a order by trim_result1,trim_result2
STRICT{
s1(TEXT)      |trim_result1(STRING)      |s9(STRING)      |trim_result2(STRING)      |
----------------------------------------------------------------------------------
 Africa       | afri                     |laugh           |LAUGH                     |
----------------------------------------------------------------------------------
 Australia    | australi                 |happy_and_satisf|HAPPY_AND_SATISFIED       |
              |                          |ied             |                          |
----------------------------------------------------------------------------------
 Canada       | canada                   |Awkward         |AWKWARD                   |
----------------------------------------------------------------------------------
Africa        |afri                      |disappointING   |DISAPPOINTING             |
----------------------------------------------------------------------------------
America       |america                   |S a d           | A D                      |
----------------------------------------------------------------------------------
China         |chin                      | Smile          | SMILE                    |
----------------------------------------------------------------------------------
Eng land      |eng land                  |LOVELY          |LOVELY                    |
----------------------------------------------------------------------------------
Europe        |europe                    |Cry             |CRY                       |
----------------------------------------------------------------------------------
Ja pan        |ja pan                    |SOB             |OB                        |
----------------------------------------------------------------------------------
Singapore     |singapore                 | sorrow         | SORROW                   |
----------------------------------------------------------------------------------
South Korea   |south kore                |un happy        |UN HAPPY                  |
----------------------------------------------------------------------------------
Swiss         |swiss                     |FRIENDly        |FRIENDLY                  |
----------------------------------------------------------------------------------
Thailand      |thailand                  |Thailand        |THAILAND                  |
总数目：13
}
Elapsed Time: 0.0.6

-- [1]217:select s1, trim(s1, 'ca') as result1, s9, trim('disS' FROM s9) as result2 from table_a order by result1,result2
STRICT{
s1(TEXT)      |result1(STRING)      |s9(STRING)      |result2(STRING)      |
------------------------------------------------------------------------
 Africa       | Afri                |laugh           |laugh                |
------------------------------------------------------------------------
 Australia    | Australi            |happy_and_satisf|happy_and_satisfied  |
              |                     |ied             |                     |
------------------------------------------------------------------------
 Canada       | Canada              |Awkward         |Awkwar               |
------------------------------------------------------------------------
Africa        |Afri                 |disappointING   |appointING           |
------------------------------------------------------------------------
America       |America              |S a d           | a                   |
------------------------------------------------------------------------
China         |Chin                 | Smile          | Smile               |
------------------------------------------------------------------------
Eng land      |Eng land             |LOVELY          |LOVELY               |
------------------------------------------------------------------------
Europe        |Europe               |Cry             |Cry                  |
------------------------------------------------------------------------
Ja pan        |Ja pan               |SOB             |OB                   |
------------------------------------------------------------------------
Singapore     |Singapore            | sorrow         | sorrow              |
------------------------------------------------------------------------
South Korea   |South Kore           |un happy        |un happy             |
------------------------------------------------------------------------
Swiss         |Swiss                |FRIENDly        |FRIENDly             |
------------------------------------------------------------------------
Thailand      |Thailand             |Thailand        |Thailan              |
总数目：13
}
Elapsed Time: 0.0.5

-- [1]218:select device_id, upper(color) as uppper_result, s1, s9, trim(BOTH device_id FROM s9) as result1, trim(TRAILING s9 FROM s1) as result2 from table_a order by uppper_result,result1,result2
STRICT{
device_id(STRING)      |uppper_result(STRING)      |s1(TEXT)      |s9(STRING)      |result1(STRING)      |result2(STRING)      |
--------------------------------------------------------------------------------------------------------------------------
dev ice_AA             | BLUE                      |Africa        |disappointING   |sappointING          |Afric                |
--------------------------------------------------------------------------------------------------------------------------
device_F 6             | ORANGE                    | Canada       |Awkward         |Awkwar               | Canada              |
--------------------------------------------------------------------------------------------------------------------------
 device _ E5           | WHI TE                    |Eng land      |LOVELY          |LOVELY               |Eng land             |
--------------------------------------------------------------------------------------------------------------------------
device_C3              | YELLOW                    | Africa       |laugh           |laugh                | Afric               |
--------------------------------------------------------------------------------------------------------------------------
 device B2             |BLACK                      |America       |S a d           |S a                  |Americ               |
--------------------------------------------------------------------------------------------------------------------------
device_cC              |GREEN                      |Swiss         |FRIENDly        |FRIENDly             |Swiss                |
--------------------------------------------------------------------------------------------------------------------------
 device_D4             |GREEN                      |Europe        |Cry             |Cry                  |Europe               |
--------------------------------------------------------------------------------------------------------------------------
null                   |GREY                       |South Korea   |un happy        |null                 |South Kore           |
--------------------------------------------------------------------------------------------------------------------------
de vice d d            |PINK                       |Ja pan        |SOB             |SOB                  |Ja pan               |
--------------------------------------------------------------------------------------------------------------------------
device BB              |PURPLE                     | Australia    |happy_and_satisf|happy_and_satisf     | Austral             |
                       |                           |              |ied             |                     |                     |
--------------------------------------------------------------------------------------------------------------------------
device_A1              |R E D                      |China         | Smile          | Smil                |China                |
--------------------------------------------------------------------------------------------------------------------------
deVice                 |RED                        |Thailand      |Thailand        |Thailan              |                     |
--------------------------------------------------------------------------------------------------------------------------
d1                     |null                       |Singapore     | sorrow         | sorrow              |Singapore            |
总数目：13
}
Elapsed Time: 0.0.6

-- [1]219:select color, trim(LEADING 'GE' FROM upper(color)) as result1, s9, trim(TRAILING 'dgh' FROM lower(s9)) as result2 from table_a order by result1,result2
STRICT{
color(STRING)      |result1(STRING)      |s9(STRING)      |result2(STRING)      |
-----------------------------------------------------------------------------
 blue              | BLUE                |disappointING   |disappointin         |
-----------------------------------------------------------------------------
 orange            | ORANGE              |Awkward         |awkwar               |
-----------------------------------------------------------------------------
 whi te            | WHI TE              |LOVELY          |lovely               |
-----------------------------------------------------------------------------
 yellow            | YELLOW              |laugh           |laugh                |
-----------------------------------------------------------------------------
black              |BLACK                |S a d           |s a                  |
-----------------------------------------------------------------------------
Pink               |PINK                 |SOB             |sob                  |
-----------------------------------------------------------------------------
purple             |PURPLE               |happy_and_satisf|happy_and_satisfied  |
                   |                     |ied             |                     |
-----------------------------------------------------------------------------
r e d              |R E D                | Smile          | smile               |
-----------------------------------------------------------------------------
RED                |RED                  |Thailand        |thailan              |
-----------------------------------------------------------------------------
Green              |REEN                 |FRIENDly        |friendly             |
-----------------------------------------------------------------------------
green              |REEN                 |Cry             |cry                  |
-----------------------------------------------------------------------------
Grey               |REY                  |un happy        |un happy             |
-----------------------------------------------------------------------------
null               |null                 | sorrow         | sorrow              |
总数目：13
}
Elapsed Time: 0.0.5

-- [1]223:select strpos() from table_a
STRICT{
SQLSTATE : 701: Scalar function strpos only accepts two arguments and they must be text or string data type.
}

-- [1]224:select strpos(s2) from table_a
STRICT{
SQLSTATE : 701: Scalar function strpos only accepts two arguments and they must be text or string data type.
}

-- [1]225:select strpos(s3) from table_a
STRICT{
SQLSTATE : 701: Scalar function strpos only accepts two arguments and they must be text or string data type.
}

-- [1]226:select strpos(s4) from table_a
STRICT{
SQLSTATE : 701: Scalar function strpos only accepts two arguments and they must be text or string data type.
}

-- [1]227:select strpos(s5) from table_a
STRICT{
SQLSTATE : 701: Scalar function strpos only accepts two arguments and they must be text or string data type.
}

-- [1]228:select strpos(s6) from table_a
STRICT{
SQLSTATE : 701: Scalar function strpos only accepts two arguments and they must be text or string data type.
}

-- [1]229:select strpos(s7) from table_a
STRICT{
SQLSTATE : 701: Scalar function strpos only accepts two arguments and they must be text or string data type.
}

-- [1]230:select strpos(s8) from table_a
STRICT{
SQLSTATE : 701: Scalar function strpos only accepts two arguments and they must be text or string data type.
}

-- [1]231:select strpos(s10) from table_a
STRICT{
SQLSTATE : 701: Scalar function strpos only accepts two arguments and they must be text or string data type.
}

-- [1]233:select device_id, strpos(device_id,'ice') as strpos_result from table_a order by device_id,strpos_result
STRICT{
device_id(STRING)      |strpos_result(INT32)      |
-------------------------------------------------
 device B2             |5                         |
-------------------------------------------------
 device _ E5           |5                         |
-------------------------------------------------
 device_D4             |5                         |
-------------------------------------------------
d1                     |0                         |
-------------------------------------------------
de vice d d            |5                         |
-------------------------------------------------
deVice                 |4                         |
-------------------------------------------------
dev ice_AA             |5                         |
-------------------------------------------------
device BB              |4                         |
-------------------------------------------------
device_A1              |4                         |
-------------------------------------------------
device_C3              |4                         |
-------------------------------------------------
device_F 6             |4                         |
-------------------------------------------------
device_cC              |4                         |
-------------------------------------------------
null                   |null                      |
总数目：13
}
Elapsed Time: 0.0.5

-- [1]234:select color, strpos(color,'e') as strpos_result from table_a order by color,strpos_result
STRICT{
color(STRING)      |strpos_result(INT32)      |
---------------------------------------------
 blue              |5                         |
---------------------------------------------
 orange            |7                         |
---------------------------------------------
 whi te            |7                         |
---------------------------------------------
 yellow            |3                         |
---------------------------------------------
Green              |3                         |
---------------------------------------------
Grey               |3                         |
---------------------------------------------
Pink               |0                         |
---------------------------------------------
RED                |0                         |
---------------------------------------------
black              |0                         |
---------------------------------------------
green              |3                         |
---------------------------------------------
purple             |6                         |
---------------------------------------------
r e d              |3                         |
---------------------------------------------
null               |null                      |
总数目：13
}
Elapsed Time: 0.0.5

-- [1]235:select s1, strpos(s1,'a') as strpos_result from table_a order by s1,strpos_result
STRICT{
s1(TEXT)      |strpos_result(INT32)      |
----------------------------------------
 Africa       |7                         |
----------------------------------------
 Australia    |7                         |
----------------------------------------
 Canada       |3                         |
----------------------------------------
Africa        |6                         |
----------------------------------------
America       |7                         |
----------------------------------------
China         |5                         |
----------------------------------------
Eng land      |6                         |
----------------------------------------
Europe        |0                         |
----------------------------------------
Ja pan        |2                         |
----------------------------------------
Singapore     |5                         |
----------------------------------------
South Korea   |11                        |
----------------------------------------
Swiss         |0                         |
----------------------------------------
Thailand      |3                         |
总数目：13
}
Elapsed Time: 0.0.7

-- [1]236:select s9, strpos(s9,'y') as strpos_result from table_a order by s9,strpos_result
STRICT{
s9(STRING)      |strpos_result(INT32)      |
------------------------------------------
 Smile          |0                         |
------------------------------------------
 sorrow         |0                         |
------------------------------------------
Awkward         |0                         |
------------------------------------------
Cry             |3                         |
------------------------------------------
FRIENDly        |8                         |
------------------------------------------
LOVELY          |0                         |
------------------------------------------
S a d           |0                         |
------------------------------------------
SOB             |0                         |
------------------------------------------
Thailand        |0                         |
------------------------------------------
disappointING   |0                         |
------------------------------------------
happy_and_satisf|5                         |
ied             |                          |
------------------------------------------
laugh           |0                         |
------------------------------------------
un happy        |8                         |
总数目：13
}
Elapsed Time: 0.0.6

-- [1]240:select starts_with() from table_a
STRICT{
SQLSTATE : 701: Scalar function starts_with only accepts two arguments and they must be text or string data type.
}

-- [1]241:select starts_with(s2) from table_a
STRICT{
SQLSTATE : 701: Scalar function starts_with only accepts two arguments and they must be text or string data type.
}

-- [1]242:select starts_with(s3) from table_a
STRICT{
SQLSTATE : 701: Scalar function starts_with only accepts two arguments and they must be text or string data type.
}

-- [1]243:select starts_with(s4) from table_a
STRICT{
SQLSTATE : 701: Scalar function starts_with only accepts two arguments and they must be text or string data type.
}

-- [1]244:select starts_with(s5) from table_a
STRICT{
SQLSTATE : 701: Scalar function starts_with only accepts two arguments and they must be text or string data type.
}

-- [1]245:select starts_with(s6) from table_a
STRICT{
SQLSTATE : 701: Scalar function starts_with only accepts two arguments and they must be text or string data type.
}

-- [1]246:select starts_with(s7) from table_a
STRICT{
SQLSTATE : 701: Scalar function starts_with only accepts two arguments and they must be text or string data type.
}

-- [1]247:select starts_with(s8) from table_a
STRICT{
SQLSTATE : 701: Scalar function starts_with only accepts two arguments and they must be text or string data type.
}

-- [1]248:select starts_with(s10) from table_a
STRICT{
SQLSTATE : 701: Scalar function starts_with only accepts two arguments and they must be text or string data type.
}

-- [1]250:select device_id, starts_with(device_id, 'device') as starts_with_result from table_a order by device_id
STRICT{
device_id(STRING)      |starts_with_result(BOOLEAN)      |
--------------------------------------------------------
 device B2             |false                            |
--------------------------------------------------------
 device _ E5           |false                            |
--------------------------------------------------------
 device_D4             |false                            |
--------------------------------------------------------
d1                     |false                            |
--------------------------------------------------------
de vice d d            |false                            |
--------------------------------------------------------
deVice                 |false                            |
--------------------------------------------------------
dev ice_AA             |false                            |
--------------------------------------------------------
device BB              |true                             |
--------------------------------------------------------
device_A1              |true                             |
--------------------------------------------------------
device_C3              |true                             |
--------------------------------------------------------
device_F 6             |true                             |
--------------------------------------------------------
device_cC              |true                             |
--------------------------------------------------------
null                   |null                             |
总数目：13
}
Elapsed Time: 0.0.6

-- [1]251:select color, starts_with(color, 'Gr') as starts_with_result from table_a order by color
STRICT{
color(STRING)      |starts_with_result(BOOLEAN)      |
----------------------------------------------------
 blue              |false                            |
----------------------------------------------------
 orange            |false                            |
----------------------------------------------------
 whi te            |false                            |
----------------------------------------------------
 yellow            |false                            |
----------------------------------------------------
Green              |true                             |
----------------------------------------------------
Grey               |true                             |
----------------------------------------------------
Pink               |false                            |
----------------------------------------------------
RED                |false                            |
----------------------------------------------------
black              |false                            |
----------------------------------------------------
green              |false                            |
----------------------------------------------------
purple             |false                            |
----------------------------------------------------
r e d              |false                            |
----------------------------------------------------
null               |null                             |
总数目：13
}
Elapsed Time: 0.0.5

-- [1]252:select s1, starts_with(s1, 'A') as starts_with_result from table_a order by s1
STRICT{
s1(TEXT)      |starts_with_result(BOOLEAN)      |
-----------------------------------------------
 Africa       |false                            |
-----------------------------------------------
 Australia    |false                            |
-----------------------------------------------
 Canada       |false                            |
-----------------------------------------------
Africa        |true                             |
-----------------------------------------------
America       |true                             |
-----------------------------------------------
China         |false                            |
-----------------------------------------------
Eng land      |false                            |
-----------------------------------------------
Europe        |false                            |
-----------------------------------------------
Ja pan        |false                            |
-----------------------------------------------
Singapore     |false                            |
-----------------------------------------------
South Korea   |false                            |
-----------------------------------------------
Swiss         |false                            |
-----------------------------------------------
Thailand      |false                            |
总数目：13
}
Elapsed Time: 0.0.5

-- [1]253:select s9, starts_with(s9, 'S') as starts_with_result from table_a order by s9
STRICT{
s9(STRING)      |starts_with_result(BOOLEAN)      |
-------------------------------------------------
 Smile          |false                            |
-------------------------------------------------
 sorrow         |false                            |
-------------------------------------------------
Awkward         |false                            |
-------------------------------------------------
Cry             |false                            |
-------------------------------------------------
FRIENDly        |false                            |
-------------------------------------------------
LOVELY          |false                            |
-------------------------------------------------
S a d           |true                             |
-------------------------------------------------
SOB             |true                             |
-------------------------------------------------
Thailand        |false                            |
-------------------------------------------------
disappointING   |false                            |
-------------------------------------------------
happy_and_satisf|false                            |
ied             |                                 |
-------------------------------------------------
laugh           |false                            |
-------------------------------------------------
un happy        |false                            |
总数目：13
}
Elapsed Time: 0.0.5

-- [1]257:select ends_with() from table_a
STRICT{
SQLSTATE : 701: Scalar function ends_with only accepts two arguments and they must be text or string data type.
}

-- [1]258:select ends_with(s2) from table_a
STRICT{
SQLSTATE : 701: Scalar function ends_with only accepts two arguments and they must be text or string data type.
}

-- [1]259:select ends_with(s3) from table_a
STRICT{
SQLSTATE : 701: Scalar function ends_with only accepts two arguments and they must be text or string data type.
}

-- [1]260:select ends_with(s4) from table_a
STRICT{
SQLSTATE : 701: Scalar function ends_with only accepts two arguments and they must be text or string data type.
}

-- [1]261:select ends_with(s5) from table_a
STRICT{
SQLSTATE : 701: Scalar function ends_with only accepts two arguments and they must be text or string data type.
}

-- [1]262:select ends_with(s6) from table_a
STRICT{
SQLSTATE : 701: Scalar function ends_with only accepts two arguments and they must be text or string data type.
}

-- [1]263:select ends_with(s7) from table_a
STRICT{
SQLSTATE : 701: Scalar function ends_with only accepts two arguments and they must be text or string data type.
}

-- [1]264:select ends_with(s8) from table_a
STRICT{
SQLSTATE : 701: Scalar function ends_with only accepts two arguments and they must be text or string data type.
}

-- [1]265:select ends_with(s10) from table_a
STRICT{
SQLSTATE : 701: Scalar function ends_with only accepts two arguments and they must be text or string data type.
}

-- [1]267:select device_id, ends_with(device_id, '1') as ends_with_result from table_a order by device_id
STRICT{
device_id(STRING)      |ends_with_result(BOOLEAN)      |
------------------------------------------------------
 device B2             |false                          |
------------------------------------------------------
 device _ E5           |false                          |
------------------------------------------------------
 device_D4             |false                          |
------------------------------------------------------
d1                     |true                           |
------------------------------------------------------
de vice d d            |false                          |
------------------------------------------------------
deVice                 |false                          |
------------------------------------------------------
dev ice_AA             |false                          |
------------------------------------------------------
device BB              |false                          |
------------------------------------------------------
device_A1              |true                           |
------------------------------------------------------
device_C3              |false                          |
------------------------------------------------------
device_F 6             |false                          |
------------------------------------------------------
device_cC              |false                          |
------------------------------------------------------
null                   |null                           |
总数目：13
}
Elapsed Time: 0.0.6

-- [1]268:select color, ends_with(color, 'een') as ends_with_result from table_a order by color
STRICT{
color(STRING)      |ends_with_result(BOOLEAN)      |
--------------------------------------------------
 blue              |false                          |
--------------------------------------------------
 orange            |false                          |
--------------------------------------------------
 whi te            |false                          |
--------------------------------------------------
 yellow            |false                          |
--------------------------------------------------
Green              |true                           |
--------------------------------------------------
Grey               |false                          |
--------------------------------------------------
Pink               |false                          |
--------------------------------------------------
RED                |false                          |
--------------------------------------------------
black              |false                          |
--------------------------------------------------
green              |false                          |
--------------------------------------------------
purple             |false                          |
--------------------------------------------------
r e d              |false                          |
--------------------------------------------------
null               |null                           |
总数目：13
}
Elapsed Time: 0.0.5

-- [1]269:select s1, ends_with(s1, 'ca') as ends_with_result from table_a order by s1
STRICT{
s1(TEXT)      |ends_with_result(BOOLEAN)      |
---------------------------------------------
 Africa       |true                           |
---------------------------------------------
 Australia    |false                          |
---------------------------------------------
 Canada       |false                          |
---------------------------------------------
Africa        |true                           |
---------------------------------------------
America       |false                          |
---------------------------------------------
China         |false                          |
---------------------------------------------
Eng land      |false                          |
---------------------------------------------
Europe        |false                          |
---------------------------------------------
Ja pan        |false                          |
---------------------------------------------
Singapore     |false                          |
---------------------------------------------
South Korea   |false                          |
---------------------------------------------
Swiss         |false                          |
---------------------------------------------
Thailand      |false                          |
总数目：13
}
Elapsed Time: 0.0.6

-- [1]270:select s9, ends_with(trim(s9), 'd') as ends_with_result from table_a order by s9
STRICT{
s9(STRING)      |ends_with_result(BOOLEAN)      |
-----------------------------------------------
 Smile          |false                          |
-----------------------------------------------
 sorrow         |false                          |
-----------------------------------------------
Awkward         |true                           |
-----------------------------------------------
Cry             |false                          |
-----------------------------------------------
FRIENDly        |false                          |
-----------------------------------------------
LOVELY          |false                          |
-----------------------------------------------
S a d           |true                           |
-----------------------------------------------
SOB             |false                          |
-----------------------------------------------
Thailand        |true                           |
-----------------------------------------------
disappointING   |false                          |
-----------------------------------------------
happy_and_satisf|true                           |
ied             |                               |
-----------------------------------------------
laugh           |false                          |
-----------------------------------------------
un happy        |false                          |
总数目：13
}
Elapsed Time: 0.0.6

-- [1]274:select concat() from table_a
STRICT{
SQLSTATE : 701: Scalar function concat only accepts two or more arguments and they must be text or string data type.
}

-- [1]275:select concat(s1,s2) from table_a
STRICT{
SQLSTATE : 701: Scalar function concat only accepts two or more arguments and they must be text or string data type.
}

-- [1]276:select concat(s1,s3) from table_a
STRICT{
SQLSTATE : 701: Scalar function concat only accepts two or more arguments and they must be text or string data type.
}

-- [1]277:select concat(s1,s4) from table_a
STRICT{
SQLSTATE : 701: Scalar function concat only accepts two or more arguments and they must be text or string data type.
}

-- [1]278:select concat(s1,s5) from table_a
STRICT{
SQLSTATE : 701: Scalar function concat only accepts two or more arguments and they must be text or string data type.
}

-- [1]279:select concat(s1,s6) from table_a
STRICT{
SQLSTATE : 701: Scalar function concat only accepts two or more arguments and they must be text or string data type.
}

-- [1]280:select concat(s1,s7) from table_a
STRICT{
SQLSTATE : 701: Scalar function concat only accepts two or more arguments and they must be text or string data type.
}

-- [1]281:select concat(s1,s8) from table_a
STRICT{
SQLSTATE : 701: Scalar function concat only accepts two or more arguments and they must be text or string data type.
}

-- [1]282:select concat(s1,s10) from table_a
STRICT{
SQLSTATE : 701: Scalar function concat only accepts two or more arguments and they must be text or string data type.
}

-- [1]284:select device_id, color, concat(device_id, color) as concat_result from table_a order by concat_result,device_id,color
STRICT{
device_id(STRING)      |color(STRING)      |concat_result(STRING)      |
---------------------------------------------------------------------
 device B2             |black              | device B2black            |
---------------------------------------------------------------------
 device _ E5           | whi te            | device _ E5 whi te        |
---------------------------------------------------------------------
 device_D4             |green              | device_D4 green           |
---------------------------------------------------------------------
null                   |Grey               |Grey                       |
---------------------------------------------------------------------
d1                     |null               |d1                         |
---------------------------------------------------------------------
de vice d d            |Pink               |de vice d dPink            |
---------------------------------------------------------------------
deVice                 |RED                |deViceRED                  |
---------------------------------------------------------------------
dev ice_AA             | blue              |dev ice_AA blue            |
---------------------------------------------------------------------
device BB              |purple             |device BBpurple            |
---------------------------------------------------------------------
device_A1              |r e d              |device_A1r e d             |
---------------------------------------------------------------------
device_C3              | yellow            |device_C3  yellow          |
---------------------------------------------------------------------
device_F 6             | orange            |device_F 6  orange         |
---------------------------------------------------------------------
device_cC              |Green              |device_cCGreen             |
总数目：13
}
Elapsed Time: 0.0.5

-- [1]285:select s1, s9, concat(s1, s9) as concat_result from table_a order by concat_result,s1,s9
STRICT{
s1(TEXT)      |s9(STRING)      |concat_result(STRING)      |
---------------------------------------------------------
 Africa       |laugh           | Africalaugh               |
---------------------------------------------------------
 Australia    |happy_and_satisf| Australiahappy_and_satisfi|
              |ied             |ed                         |
---------------------------------------------------------
 Canada       |Awkward         | Canada Awkward            |
---------------------------------------------------------
Africa        |disappointING   |AfricadisappointING        |
---------------------------------------------------------
America       |S a d           |America S a d              |
---------------------------------------------------------
China         | Smile          |China Smile                |
---------------------------------------------------------
Eng land      |LOVELY          |Eng landLOVELY             |
---------------------------------------------------------
Europe        |Cry             |EuropeCry                  |
---------------------------------------------------------
Ja pan        |SOB             |Ja panSOB                  |
---------------------------------------------------------
Singapore     | sorrow         |Singapore sorrow           |
---------------------------------------------------------
South Korea   |un happy        |South Koreaun happy        |
---------------------------------------------------------
Swiss         |FRIENDly        |SwissFRIENDly              |
---------------------------------------------------------
Thailand      |Thailand        |ThailandThailand           |
总数目：13
}
Elapsed Time: 0.0.5

-- [1]286:select s1, s9, concat(s1 || s9) from table_a
STRICT{
SQLSTATE : 701: Scalar function concat only accepts two or more arguments and they must be text or string data type.
}

-- [1]287:select s1, s9, device_id, color, concat(s1 || s9, device_id || color) as concat_result from table_a order by concat_result,s1,s9,device_id,color
STRICT{
s1(TEXT)      |s9(STRING)      |device_id(STRING)      |color(STRING)      |concat_result(STRING)      |
---------------------------------------------------------------------------------------------------
 Africa       |laugh           |device_C3              | yellow            | Africalaugh device_C3  yel|
              |                |                       |                   |low                        |
---------------------------------------------------------------------------------------------------
 Australia    |happy_and_satisf|device BB              |purple             | Australiahappy_and_satisfi|
              |ied             |                       |                   |ed device BBpurple         |
---------------------------------------------------------------------------------------------------
 Canada       |Awkward         |device_F 6             | orange            | Canada Awkwarddevice_F 6  |
              |                |                       |                   |orange                     |
---------------------------------------------------------------------------------------------------
Africa        |disappointING   |dev ice_AA             | blue              |AfricadisappointINGdev ice_|
              |                |                       |                   |AA blue                    |
---------------------------------------------------------------------------------------------------
America       |S a d           | device B2             |black              |America S a d device B2blac|
              |                |                       |                   |k                          |
---------------------------------------------------------------------------------------------------
China         | Smile          |device_A1              |r e d              |China Smiledevice_A1r e d  |
---------------------------------------------------------------------------------------------------
Eng land      |LOVELY          | device _ E5           | whi te            |Eng landLOVELY device _ E5 |
              |                |                       |                   |whi te                     |
---------------------------------------------------------------------------------------------------
Europe        |Cry             | device_D4             |green              |EuropeCry device_D4 green  |
---------------------------------------------------------------------------------------------------
Ja pan        |SOB             |de vice d d            |Pink               |Ja panSOBde vice d dPink   |
---------------------------------------------------------------------------------------------------
Singapore     | sorrow         |d1                     |null               |Singapore sorrowd1         |
---------------------------------------------------------------------------------------------------
South Korea   |un happy        |null                   |Grey               |South Koreaun happy Grey   |
---------------------------------------------------------------------------------------------------
Swiss         |FRIENDly        |device_cC              |Green              |SwissFRIENDlydevice_cCGreen|
---------------------------------------------------------------------------------------------------
Thailand      |Thailand        |deVice                 |RED                |ThailandThailanddeViceRED  |
总数目：13
}
Elapsed Time: 0.0.6

-- [1]291:select strcmp() from table_a
STRICT{
SQLSTATE : 701: Scalar function strcmp only accepts two arguments and they must be text or string data type.
}

-- [1]292:select strcmp(s1,s2) from table_a
STRICT{
SQLSTATE : 701: Scalar function strcmp only accepts two arguments and they must be text or string data type.
}

-- [1]293:select strcmp(s1,s3) from table_a
STRICT{
SQLSTATE : 701: Scalar function strcmp only accepts two arguments and they must be text or string data type.
}

-- [1]294:select strcmp(s1,s4) from table_a
STRICT{
SQLSTATE : 701: Scalar function strcmp only accepts two arguments and they must be text or string data type.
}

-- [1]295:select strcmp(s1,s5) from table_a
STRICT{
SQLSTATE : 701: Scalar function strcmp only accepts two arguments and they must be text or string data type.
}

-- [1]296:select strcmp(s1,s6) from table_a
STRICT{
SQLSTATE : 701: Scalar function strcmp only accepts two arguments and they must be text or string data type.
}

-- [1]297:select strcmp(s1,s7) from table_a
STRICT{
SQLSTATE : 701: Scalar function strcmp only accepts two arguments and they must be text or string data type.
}

-- [1]298:select strcmp(s1,s8) from table_a
STRICT{
SQLSTATE : 701: Scalar function strcmp only accepts two arguments and they must be text or string data type.
}

-- [1]299:select strcmp(s1,s10) from table_a
STRICT{
SQLSTATE : 701: Scalar function strcmp only accepts two arguments and they must be text or string data type.
}

-- [1]300:select device_id,s1,s9, strcmp(s9,s1,device_id) from table_a
STRICT{
SQLSTATE : 701: Scalar function strcmp only accepts two arguments and they must be text or string data type.
}

-- [1]302:select s1, s9, strcmp(s1,s9) as strcmp_result from table_a order by s1,s9
STRICT{
s1(TEXT)      |s9(STRING)      |strcmp_result(INT32)      |
--------------------------------------------------------
 Africa       |laugh           |-1                        |
--------------------------------------------------------
 Australia    |happy_and_satisf|-1                        |
              |ied             |                          |
--------------------------------------------------------
 Canada       |Awkward         |-1                        |
--------------------------------------------------------
Africa        |disappointING   |-1                        |
--------------------------------------------------------
America       |S a d           |-1                        |
--------------------------------------------------------
China         | Smile          |1                         |
--------------------------------------------------------
Eng land      |LOVELY          |-1                        |
--------------------------------------------------------
Europe        |Cry             |1                         |
--------------------------------------------------------
Ja pan        |SOB             |-1                        |
--------------------------------------------------------
Singapore     | sorrow         |1                         |
--------------------------------------------------------
South Korea   |un happy        |-1                        |
--------------------------------------------------------
Swiss         |FRIENDly        |1                         |
--------------------------------------------------------
Thailand      |Thailand        |0                         |
总数目：13
}
Elapsed Time: 0.0.7

-- [1]303:select device_id, color, strcmp(device_id,color) as strcmp_result from table_a order by device_id,color
STRICT{
device_id(STRING)      |color(STRING)      |strcmp_result(INT32)      |
--------------------------------------------------------------------
 device B2             |black              |-1                        |
--------------------------------------------------------------------
 device _ E5           | whi te            |-1                        |
--------------------------------------------------------------------
 device_D4             |green              |-1                        |
--------------------------------------------------------------------
d1                     |null               |null                      |
--------------------------------------------------------------------
de vice d d            |Pink               |1                         |
--------------------------------------------------------------------
deVice                 |RED                |1                         |
--------------------------------------------------------------------
dev ice_AA             | blue              |1                         |
--------------------------------------------------------------------
device BB              |purple             |-1                        |
--------------------------------------------------------------------
device_A1              |r e d              |-1                        |
--------------------------------------------------------------------
device_C3              | yellow            |1                         |
--------------------------------------------------------------------
device_F 6             | orange            |1                         |
--------------------------------------------------------------------
device_cC              |Green              |1                         |
--------------------------------------------------------------------
null                   |Grey               |null                      |
总数目：13
}
Elapsed Time: 0.0.5

-- [1]304:select device_id,s1, strcmp(device_id,s1) as strcmp_result from table_a order by device_id,s1
STRICT{
device_id(STRING)      |s1(TEXT)      |strcmp_result(INT32)      |
---------------------------------------------------------------
 device B2             |America       |-1                        |
---------------------------------------------------------------
 device _ E5           |Eng land      |-1                        |
---------------------------------------------------------------
 device_D4             |Europe        |-1                        |
---------------------------------------------------------------
d1                     |Singapore     |1                         |
---------------------------------------------------------------
de vice d d            |Ja pan        |1                         |
---------------------------------------------------------------
deVice                 |Thailand      |1                         |
---------------------------------------------------------------
dev ice_AA             |Africa        |1                         |
---------------------------------------------------------------
device BB              | Australia    |1                         |
---------------------------------------------------------------
device_A1              |China         |1                         |
---------------------------------------------------------------
device_C3              | Africa       |1                         |
---------------------------------------------------------------
device_F 6             | Canada       |1                         |
---------------------------------------------------------------
device_cC              |Swiss         |1                         |
---------------------------------------------------------------
null                   |South Korea   |null                      |
总数目：13
}
Elapsed Time: 0.0.7

-- [1]305:select s9,s1, strcmp(s9,s1) as strcmp_result from table_a order by s9,s1
STRICT{
s9(STRING)      |s1(TEXT)      |strcmp_result(INT32)      |
--------------------------------------------------------
 Smile          |China         |-1                        |
--------------------------------------------------------
 sorrow         |Singapore     |-1                        |
--------------------------------------------------------
Awkward         | Canada       |1                         |
--------------------------------------------------------
Cry             |Europe        |-1                        |
--------------------------------------------------------
FRIENDly        |Swiss         |-1                        |
--------------------------------------------------------
LOVELY          |Eng land      |1                         |
--------------------------------------------------------
S a d           |America       |1                         |
--------------------------------------------------------
SOB             |Ja pan        |1                         |
--------------------------------------------------------
Thailand        |Thailand      |0                         |
--------------------------------------------------------
disappointING   |Africa        |1                         |
--------------------------------------------------------
happy_and_satisf| Australia    |1                         |
ied             |              |                          |
--------------------------------------------------------
laugh           | Africa       |1                         |
--------------------------------------------------------
un happy        |South Korea   |1                         |
总数目：13
}
Elapsed Time: 0.0.7

-- [1]306:select s9,color,strcmp(s9,color) as strcmp_result from table_a order by s9,color
STRICT{
s9(STRING)      |color(STRING)      |strcmp_result(INT32)      |
-------------------------------------------------------------
 Smile          |r e d              |-1                        |
-------------------------------------------------------------
 sorrow         |null               |null                      |
-------------------------------------------------------------
Awkward         | orange            |1                         |
-------------------------------------------------------------
Cry             |green              |-1                        |
-------------------------------------------------------------
FRIENDly        |Green              |-1                        |
-------------------------------------------------------------
LOVELY          | whi te            |1                         |
-------------------------------------------------------------
S a d           |black              |-1                        |
-------------------------------------------------------------
SOB             |Pink               |1                         |
-------------------------------------------------------------
Thailand        |RED                |1                         |
-------------------------------------------------------------
disappointING   | blue              |1                         |
-------------------------------------------------------------
happy_and_satisf|purple             |-1                        |
ied             |                   |                          |
-------------------------------------------------------------
laugh           | yellow            |1                         |
-------------------------------------------------------------
un happy        |Grey               |1                         |
总数目：13
}
Elapsed Time: 0.0.5

-- [1]309:drop database test_db
STRICT{
PASS
}
