-- [1]10:create database test_db
STRICT{
PASS
}
-- [1]13:use test_db
STRICT{
PASS
}
-- [1]21:create table employees (     department_id STRING TAG,     remark STRING ATTRIBUTE,     name TEXT FIELD,     Gender TEXT FIELD, 	Status BOOLEAN FIELD, 	employee_id INT32 FIELD, 	salary DOUBLE FIELD, 	date_of_birth DATE FIELD, 	Contac_info string FIELD )
STRICT{
PASS
}
-- [1]31:create table departments  (     department_id STRING TAG,     dep_description STRING ATTRIBUTE,     dep_name TEXT FIELD,     dep_phone TEXT FIELD, 	dep_status BOOLEAN FIELD, 	dep_member INT32 FIELD )
STRICT{
PASS
}
-- [1]41:create table customers ( 	customer_id STRING TAG, 	remark STRING ATTRIBUTE, 	customer_name TEXT, 	region TEXT, 	order_id INT64 )
STRICT{
PASS
}
-- [1]50:create table orders ( 	customer_id STRING TAG, 	employee_id INT32, 	project_id STRING TAG, 	project_name STRING ATTRIBUTE, 	order_id INT64, 	order_amount FLOAT	 )
STRICT{
PASS
}

-- [1]59:show tables
STRICT{
TableName(TEXT)      |TTL(ms)(TEXT)      |
----------------------------------------
customers            |INF                |
----------------------------------------
departments          |INF                |
----------------------------------------
employees            |INF                |
----------------------------------------
orders               |INF                |
总数目：4
}

Elapsed Time: 0.0.43

-- [1]62:desc employees
STRICT{
ColumnName(TEXT)      |DataType(TEXT)      |Category(TEXT)      |
--------------------------------------------------------------
time                  |TIMESTAMP           |TIME                |
--------------------------------------------------------------
department_id         |STRING              |TAG                 |
--------------------------------------------------------------
remark                |STRING              |ATTRIBUTE           |
--------------------------------------------------------------
name                  |TEXT                |FIELD               |
--------------------------------------------------------------
gender                |TEXT                |FIELD               |
--------------------------------------------------------------
status                |BOOLEAN             |FIELD               |
--------------------------------------------------------------
employee_id           |INT32               |FIELD               |
--------------------------------------------------------------
salary                |DOUBLE              |FIELD               |
--------------------------------------------------------------
date_of_birth         |DATE                |FIELD               |
--------------------------------------------------------------
contac_info           |STRING              |FIELD               |
总数目：10
}

Elapsed Time: 0.0.15

-- [1]63:desc departments
STRICT{
ColumnName(TEXT)      |DataType(TEXT)      |Category(TEXT)      |
--------------------------------------------------------------
time                  |TIMESTAMP           |TIME                |
--------------------------------------------------------------
department_id         |STRING              |TAG                 |
--------------------------------------------------------------
dep_description       |STRING              |ATTRIBUTE           |
--------------------------------------------------------------
dep_name              |TEXT                |FIELD               |
--------------------------------------------------------------
dep_phone             |TEXT                |FIELD               |
--------------------------------------------------------------
dep_status            |BOOLEAN             |FIELD               |
--------------------------------------------------------------
dep_member            |INT32               |FIELD               |
总数目：7
}

Elapsed Time: 0.0.4

-- [1]64:desc orders
STRICT{
ColumnName(TEXT)      |DataType(TEXT)      |Category(TEXT)      |
--------------------------------------------------------------
time                  |TIMESTAMP           |TIME                |
--------------------------------------------------------------
customer_id           |STRING              |TAG                 |
--------------------------------------------------------------
employee_id           |INT32               |FIELD               |
--------------------------------------------------------------
project_id            |STRING              |TAG                 |
--------------------------------------------------------------
project_name          |STRING              |ATTRIBUTE           |
--------------------------------------------------------------
order_id              |INT64               |FIELD               |
--------------------------------------------------------------
order_amount          |FLOAT               |FIELD               |
总数目：7
}

Elapsed Time: 0.0.2

-- [1]65:desc customers
STRICT{
ColumnName(TEXT)      |DataType(TEXT)      |Category(TEXT)      |
--------------------------------------------------------------
time                  |TIMESTAMP           |TIME                |
--------------------------------------------------------------
customer_id           |STRING              |TAG                 |
--------------------------------------------------------------
remark                |STRING              |ATTRIBUTE           |
--------------------------------------------------------------
customer_name         |TEXT                |FIELD               |
--------------------------------------------------------------
region                |TEXT                |FIELD               |
--------------------------------------------------------------
order_id              |INT64               |FIELD               |
总数目：6
}

Elapsed Time: 0.0.1
-- [1]69:insert into employees( time, department_id, remark, name, gender, status, employee_id, salary, date_of_birth, contac_info) values (1, 'D001', 'good', 'Mary','Female', false, 1223, 5500.22, '1988-10-12', '133-1212-1234')
STRICT{
0
}

Elapsed Time: 0.1.198
-- [1]72:insert into employees( time, department_id, remark, name, gender, status, employee_id, salary, date_of_birth, contac_info) values (2, 'D001', 'great', 'John', 'Male', true, 0012, 8822, '1985-06-15', '130-1002-1334')
STRICT{
0
}

Elapsed Time: 0.0.82
-- [1]75:insert into employees( time, department_id, remark, name, gender, status, employee_id, salary, date_of_birth, contac_info) values (3, 'D002', 'excellent', 'Nancy', 'Female', true, 0112, 10002, '1983-08-15', '135-1302-1354')
STRICT{
0
}

Elapsed Time: 0.0.240
-- [1]78:insert into employees( time, department_id, remark, name, gender, status, employee_id, salary, date_of_birth, contac_info) values (4, 'D002', 'good', 'Jack', 'Male', false, 12212, 7000, '1990-03-26', '138-1012-1353')
STRICT{
0
}

Elapsed Time: 0.0.22
-- [1]81:insert into employees( time, department_id, remark, name, gender, status, employee_id, salary, date_of_birth, contac_info) values (5, 'D003', 'great', 'Linda', 'Female', false, 10212, 5600, '1995-06-15', '150-2003-1355')
STRICT{
0
}

Elapsed Time: 0.0.55
-- [1]85:insert into departments( time, department_id, dep_description, dep_name, dep_phone, dep_status, dep_member) values (1, 'D001', 'goods','销售部', '010-2271-2120', false, 1223)
STRICT{
0
}

Elapsed Time: 0.0.46
-- [1]88:insert into departments( time, department_id, dep_description, dep_name, dep_phone, dep_status, dep_member) values (2, 'D001', 'goods','销售部', '010-2271-2120', false, 0012)
STRICT{
0
}

Elapsed Time: 0.0.6
-- [1]91:insert into departments( time, department_id, dep_description, dep_name, dep_phone, dep_status, dep_member) values (3, 'D002', 'service','客服部', '010-2077-2520', true, 0112)
STRICT{
0
}

Elapsed Time: 0.0.26
-- [1]94:insert into departments( time, department_id, dep_description, dep_name, dep_phone, dep_status, dep_member) values (4, 'D002', 'service','客服部', '010-2077-2520', true, 2012)
STRICT{
0
}

Elapsed Time: 0.0.5
-- [1]97:insert into departments( time, department_id, dep_description, dep_name, dep_phone, dep_status, dep_member) values (5, 'D003', 'IT','研发部', '010-3272-2310', true, 0212)
STRICT{
0
}

Elapsed Time: 0.0.17
-- [1]105:insert into orders(time, customer_id, employee_id, project_id, project_name, order_id, order_amount) values (1, 'C111000111', 12, 'P1001001', 'chair', 111122223333, 5000.89), (2, 'C332113221', 2012, 'P2002021', 'table', 222333445881,1860.5), (3, 'C113344421', 212, 'P3893001', 'mirror', 66788843922,3699.88), (4, 'C223321123', 1223, 'P0010100', 'clothes', 7263722222,8888.88), (5, 'C123532982', 112, 'P3983819', 'shoes',22238472992, 9999.9)
STRICT{
0
}

Elapsed Time: 0.0.91
-- [1]112:insert into customers(time,customer_id, remark, customer_name, region, order_id) values (1, 'C111000111', 'A', 'Helen', 'Beijing', 22238472992), (2, 'C332113221', 'A', 'Mike', 'Shanghai', 111122223333), (3, 'C113344421', 'B', 'John', 'Hebei', 66788843922), (4, 'C223321123', 'A', 'Jack', 'Guangzhou', 7263722222), (5, 'C123532982', 'B', 'Amy', 'Tianjin', 222333445881)
STRICT{
0
}

Elapsed Time: 0.0.76

-- [1]115:select * from employees order by time
STRICT{
time(TIMESTAMP)      |department_id(STRING)      |remark(STRING)      |name(TEXT)      |gender(TEXT)      |status(BOOLEAN)      |employee_id(INT32)      |salary(DOUBLE)      |date_of_birth(DATE)      |contac_info(STRING)      |
-------------------------------------------------------------------------------------------------------------------------------------------------------------------------------------------------------------------------
1970-01-01T08:00:00.0|D001                       |great               |Mary            |Female            |false                |1223                    |5500.22             |1988-10-12               |133-1212-1234            |
01+08:00             |                           |                    |                |                  |                     |                        |                    |                         |                         |
-------------------------------------------------------------------------------------------------------------------------------------------------------------------------------------------------------------------------
1970-01-01T08:00:00.0|D001                       |great               |John            |Male              |true                 |12                      |8822.0              |1985-06-15               |130-1002-1334            |
02+08:00             |                           |                    |                |                  |                     |                        |                    |                         |                         |
-------------------------------------------------------------------------------------------------------------------------------------------------------------------------------------------------------------------------
1970-01-01T08:00:00.0|D002                       |good                |Nancy           |Female            |true                 |112                     |10002.0             |1983-08-15               |135-1302-1354            |
03+08:00             |                           |                    |                |                  |                     |                        |                    |                         |                         |
-------------------------------------------------------------------------------------------------------------------------------------------------------------------------------------------------------------------------
1970-01-01T08:00:00.0|D002                       |good                |Jack            |Male              |false                |12212                   |7000.0              |1990-03-26               |138-1012-1353            |
04+08:00             |                           |                    |                |                  |                     |                        |                    |                         |                         |
-------------------------------------------------------------------------------------------------------------------------------------------------------------------------------------------------------------------------
1970-01-01T08:00:00.0|D003                       |great               |Linda           |Female            |false                |10212                   |5600.0              |1995-06-15               |150-2003-1355            |
05+08:00             |                           |                    |                |                  |                     |                        |                    |                         |                         |
总数目：5
}

Elapsed Time: 0.0.211

-- [1]116:select * from departments order by time
STRICT{
time(TIMESTAMP)      |department_id(STRING)      |dep_description(STRING)      |dep_name(TEXT)      |dep_phone(TEXT)      |dep_status(BOOLEAN)      |dep_member(INT32)      |
----------------------------------------------------------------------------------------------------------------------------------------------------------------------
1970-01-01T08:00:00.0|D001                       |goods                        |销售部                 |010-2271-2120        |false                    |1223                   |
01+08:00             |                           |                             |                    |                     |                         |                       |
----------------------------------------------------------------------------------------------------------------------------------------------------------------------
1970-01-01T08:00:00.0|D001                       |goods                        |销售部                 |010-2271-2120        |false                    |12                     |
02+08:00             |                           |                             |                    |                     |                         |                       |
----------------------------------------------------------------------------------------------------------------------------------------------------------------------
1970-01-01T08:00:00.0|D002                       |service                      |客服部                 |010-2077-2520        |true                     |112                    |
03+08:00             |                           |                             |                    |                     |                         |                       |
----------------------------------------------------------------------------------------------------------------------------------------------------------------------
1970-01-01T08:00:00.0|D002                       |service                      |客服部                 |010-2077-2520        |true                     |2012                   |
04+08:00             |                           |                             |                    |                     |                         |                       |
----------------------------------------------------------------------------------------------------------------------------------------------------------------------
1970-01-01T08:00:00.0|D003                       |IT                           |研发部                 |010-3272-2310        |true                     |212                    |
05+08:00             |                           |                             |                    |                     |                         |                       |
总数目：5
}

Elapsed Time: 0.0.25

-- [1]117:select * from orders order by time
STRICT{
time(TIMESTAMP)      |customer_id(STRING)      |employee_id(INT32)      |project_id(STRING)      |project_name(STRING)      |order_id(INT64)      |order_amount(FLOAT)      |
----------------------------------------------------------------------------------------------------------------------------------------------------------------------
1970-01-01T08:00:00.0|C111000111               |12                      |P1001001                |chair                     |111122223333         |5000.89                  |
01+08:00             |                         |                        |                        |                          |                     |                         |
----------------------------------------------------------------------------------------------------------------------------------------------------------------------
1970-01-01T08:00:00.0|C332113221               |2012                    |P2002021                |table                     |222333445881         |1860.5                   |
02+08:00             |                         |                        |                        |                          |                     |                         |
----------------------------------------------------------------------------------------------------------------------------------------------------------------------
1970-01-01T08:00:00.0|C113344421               |212                     |P3893001                |mirror                    |66788843922          |3699.88                  |
03+08:00             |                         |                        |                        |                          |                     |                         |
----------------------------------------------------------------------------------------------------------------------------------------------------------------------
1970-01-01T08:00:00.0|C223321123               |1223                    |P0010100                |clothes                   |7263722222           |8888.88                  |
04+08:00             |                         |                        |                        |                          |                     |                         |
----------------------------------------------------------------------------------------------------------------------------------------------------------------------
1970-01-01T08:00:00.0|C123532982               |112                     |P3983819                |shoes                     |22238472992          |9999.9                   |
05+08:00             |                         |                        |                        |                          |                     |                         |
总数目：5
}

Elapsed Time: 0.0.24

-- [1]118:select * from customers order by time
STRICT{
time(TIMESTAMP)      |customer_id(STRING)      |remark(STRING)      |customer_name(TEXT)      |region(TEXT)      |order_id(INT64)      |
----------------------------------------------------------------------------------------------------------------------------------
1970-01-01T08:00:00.0|C111000111               |A                   |Helen                    |Beijing           |22238472992          |
01+08:00             |                         |                    |                         |                  |                     |
----------------------------------------------------------------------------------------------------------------------------------
1970-01-01T08:00:00.0|C332113221               |A                   |Mike                     |Shanghai          |111122223333         |
02+08:00             |                         |                    |                         |                  |                     |
----------------------------------------------------------------------------------------------------------------------------------
1970-01-01T08:00:00.0|C113344421               |B                   |John                     |Hebei             |66788843922          |
03+08:00             |                         |                    |                         |                  |                     |
----------------------------------------------------------------------------------------------------------------------------------
1970-01-01T08:00:00.0|C223321123               |A                   |Jack                     |Guangzhou         |7263722222           |
04+08:00             |                         |                    |                         |                  |                     |
----------------------------------------------------------------------------------------------------------------------------------
1970-01-01T08:00:00.0|C123532982               |B                   |Amy                      |Tianjin           |222333445881         |
05+08:00             |                         |                    |                         |                  |                     |
总数目：5
}

Elapsed Time: 0.0.19

-- [1]122:select  	count((select max(salary) from employees where department_id='D002')) as count_salary_result 		from employees where department_id='D002'
STRICT{
count_salary_result(INT64)      |
--------------------------------
2                               |
总数目：1
}

Elapsed Time: 0.0.133

-- [1]128:select     employee_id,     name,     salary,     (select avg(salary) from employees) AS avg_salary FROM      employees order by employee_id
STRICT{
employee_id(INT32)      |name(TEXT)      |salary(DOUBLE)      |avg_salary(DOUBLE)      |
------------------------------------------------------------------------------------
12                      |John            |8822.0              |7384.844                |
------------------------------------------------------------------------------------
112                     |Nancy           |10002.0             |7384.844                |
------------------------------------------------------------------------------------
1223                    |Mary            |5500.22             |7384.844                |
------------------------------------------------------------------------------------
10212                   |Linda           |5600.0              |7384.844                |
------------------------------------------------------------------------------------
12212                   |Jack            |7000.0              |7384.844                |
总数目：5
}

Elapsed Time: 0.0.41

-- [1]136:select 	order_amount +  		(select max(order_id) from orders where project_id= 'P3893001') 		as sum_result 		from orders where project_id= 'P3893001'
STRICT{
sum_result(FLOAT)      |
-----------------------
6.6788848E10           |
总数目：1
}

Elapsed Time: 0.0.69

-- [1]142:select 	department_id, 	dep_name, 	dep_phone, 	dep_member from  	departments where 	dep_member < (select max(dep_member) from departments) order by department_id,dep_name,dep_member
STRICT{
department_id(STRING)      |dep_name(TEXT)      |dep_phone(TEXT)      |dep_member(INT32)      |
-------------------------------------------------------------------------------------------
D001                       |销售部                 |010-2271-2120        |12                     |
-------------------------------------------------------------------------------------------
D001                       |销售部                 |010-2271-2120        |1223                   |
-------------------------------------------------------------------------------------------
D002                       |客服部                 |010-2077-2520        |112                    |
-------------------------------------------------------------------------------------------
D003                       |研发部                 |010-3272-2310        |212                    |
总数目：4
}

Elapsed Time: 0.0.33

-- [1]153:select salary from employees 	where remark <> 'good' 		and salary >= (select min(salary) from employees where department_id='D001') order by salary
STRICT{
salary(DOUBLE)      |
--------------------
5500.22             |
--------------------
5600.0              |
--------------------
8822.0              |
总数目：3
}

Elapsed Time: 0.0.43

-- [1]159:select customer_id, 	(select count(*) from orders 		where orders.order_id = customers.order_id) as order_count from 	customers
STRICT{
customer_id(STRING)      |order_count(INT64)      |
-------------------------------------------------
C223321123               |1                       |
-------------------------------------------------
C111000111               |1                       |
-------------------------------------------------
C113344421               |1                       |
-------------------------------------------------
C332113221               |1                       |
-------------------------------------------------
C123532982               |1                       |
总数目：5
}

Elapsed Time: 0.0.61

-- [1]165:select 	order_id, 	order_amount, 	(select avg(order_amount) from orders) as avg_order_amount from  	orders where  	order_amount > (select avg(order_amount) from orders) order by order_id
STRICT{
order_id(INT64)      |order_amount(FLOAT)      |avg_order_amount(DOUBLE)      |
----------------------------------------------------------------------------
7263722222           |8888.88                  |5890.01005859375              |
----------------------------------------------------------------------------
22238472992          |9999.9                   |5890.01005859375              |
总数目：2
}

Elapsed Time: 0.0.29

-- [1]174:select      employee_id,     name,     salary,     department_id from      employees where      salary > (select avg(salary) from employees where department_id = employees.department_id)     and salary < (select max(salary) from employees)
STRICT{
employee_id(INT32)      |name(TEXT)      |salary(DOUBLE)      |department_id(STRING)      |
---------------------------------------------------------------------------------------
12                      |John            |8822.0              |D001                       |
总数目：1
}

Elapsed Time: 0.0.37

-- [1]187:select      project_id,     project_name,     order_amount FROM      orders WHERE      order_amount = (select min(order_amount) from orders)
STRICT{
project_id(STRING)      |project_name(STRING)      |order_amount(FLOAT)      |
---------------------------------------------------------------------------
P2002021                |table                     |1860.5                   |
总数目：1
}

Elapsed Time: 0.0.25

-- [1]195:select  	customer_id, 	project_name, 	round(sum(order_amount),2) as total_amount from 	orders group by 	 	customer_id,project_name having 	sum(order_amount) + 1000 < (select max(order_amount)+min(order_amount) from orders)
STRICT{
customer_id(STRING)      |project_name(STRING)      |total_amount(DOUBLE)      |
-----------------------------------------------------------------------------
C111000111               |chair                     |5000.89                   |
-----------------------------------------------------------------------------
C113344421               |mirror                    |3699.88                   |
-----------------------------------------------------------------------------
C123532982               |shoes                     |9999.9                    |
-----------------------------------------------------------------------------
C223321123               |clothes                   |8888.88                   |
-----------------------------------------------------------------------------
C332113221               |table                     |1860.5                    |
总数目：5
}

Elapsed Time: 0.0.67

-- [1]207:select 	department_id, 	name, 	remark, 	salary, 	case  		when salary > (select avg(salary) from employees) then 'Above Average' 		else 'Below Average' 	end as comment from  	employees order by department_id,name
STRICT{
department_id(STRING)      |name(TEXT)      |remark(STRING)      |salary(DOUBLE)      |comment(STRING)      |
--------------------------------------------------------------------------------------------------------
D001                       |John            |great               |8822.0              |Above Average        |
--------------------------------------------------------------------------------------------------------
D001                       |Mary            |great               |5500.22             |Below Average        |
--------------------------------------------------------------------------------------------------------
D002                       |Jack            |good                |7000.0              |Below Average        |
--------------------------------------------------------------------------------------------------------
D002                       |Nancy           |good                |10002.0             |Above Average        |
--------------------------------------------------------------------------------------------------------
D003                       |Linda           |great               |5600.0              |Below Average        |
总数目：5
}

Elapsed Time: 0.0.37

-- [1]221:select  	project_id, 	project_name, 	order_amount, 	round(order_amount - (select avg(order_amount) from orders),3) as amount_diff from 	orders order by 		amount_diff desc
STRICT{
project_id(STRING)      |project_name(STRING)      |order_amount(FLOAT)      |amount_diff(DOUBLE)      |
----------------------------------------------------------------------------------------------------
P3983819                |shoes                     |9999.9                   |4109.89                  |
----------------------------------------------------------------------------------------------------
P0010100                |clothes                   |8888.88                  |2998.87                  |
----------------------------------------------------------------------------------------------------
P1001001                |chair                     |5000.89                  |-889.12                  |
----------------------------------------------------------------------------------------------------
P3893001                |mirror                    |3699.88                  |-2190.13                 |
----------------------------------------------------------------------------------------------------
P2002021                |table                     |1860.5                   |-4029.51                 |
总数目：5
}

Elapsed Time: 0.0.28

-- [1]234:select  	customer_id, 	remark from  	customers  where 	region = 'Beijing' and 	customer_id = (select customer_id from orders limit 1)
STRICT{
customer_id(STRING)      |remark(STRING)      |
总数目：0
}

Elapsed Time: 0.0.59
-- [1]245:select 	time, 	dep_name, 	dep_member from  	departments where 	department_id = 'D001'  and  	time = (select time from employees)
STRICT{
SQLSTATE : 701: Scalar sub-query has returned multiple rows.
}
-- [1]259:insert into orders(time,employee_id) values 	(6, (select max(order_amount) from orders))
STRICT{
SQLSTATE : 701: Unsupported expression: (SELECT max(order_amount)
FROM
  orders
)
}
-- [1]263:delete from employees 	where department_id = (select department_id from employees)
STRICT{
SQLSTATE : 701: The right hand value of tag predicate must be a string: (SELECT department_id
FROM
  employees
)
}
